file,row,key,column,status,note
outlets.csv,2,OA0001,Onboarded,coerced,'22/12/2024' parsed as %d/%m/%Y
outlets.csv,3,OA0002,Credit Days,coerced,COD -> 0 credit days
outlets.csv,3,OA0002,Onboarded,coerced,'01/10/2022' parsed as %d/%m/%Y
outlets.csv,4,OA0003,Town,coerced,'Madras' -> Chennai
outlets.csv,4,OA0003,Status,coerced,'ACTIVE' -> Active
outlets.csv,4,OA0003,Credit Days,coerced,'30 days' -> 30
outlets.csv,5,OA0004,Status,coerced,'active' -> Active
outlets.csv,5,OA0004,Credit Days,coerced,'30 days' -> 30
outlets.csv,5,OA0004,Phone,coerced,'+91 88889 93434' -> stripped +91 prefix
outlets.csv,5,OA0004,Onboarded,coerced,'18/11/2024' parsed as %d/%m/%Y
outlets.csv,6,OA0005,Town,coerced,'Tiruchirappalli' -> Trichy
outlets.csv,6,OA0005,Credit Days,blank,Credit terms not recorded
outlets.csv,6,OA0005,Onboarded,coerced,'23/05/2022' parsed as %d/%m/%Y
outlets.csv,6,OA0005,Latitude,blank,Latitude not recorded
outlets.csv,6,OA0005,Longitude,blank,Longitude not recorded
outlets.csv,7,OA0006,Status,coerced,'ACTIVE' -> Active
outlets.csv,7,OA0006,Onboarded,coerced,'24/06/2024' parsed as %d/%m/%Y
outlets.csv,7,OA0006,Latitude,blank,Latitude not recorded
outlets.csv,7,OA0006,Longitude,blank,Longitude not recorded
outlets.csv,8,OA0007,Credit Days,coerced,'30 days' -> 30
outlets.csv,9,OA0008,Onboarded,coerced,'27/10/2023' parsed as %d/%m/%Y
outlets.csv,10,OA0009,Town,coerced,'Madras' -> Chennai
outlets.csv,11,OA0010,Credit Days,blank,Credit terms not recorded
outlets.csv,11,OA0010,Onboarded,coerced,'26/01/2023' parsed as %d/%m/%Y
outlets.csv,12,OA0011,Credit Days,blank,Credit terms not recorded
outlets.csv,12,OA0011,Phone,blank,No phone on file
outlets.csv,12,OA0011,Onboarded,coerced,'22-Jul-21' parsed as %d-%b-%y
outlets.csv,13,OA0012,Status,blank,Status not recorded
outlets.csv,13,OA0012,Credit Days,coerced,'30 days' -> 30
outlets.csv,14,OA0013,Phone,coerced,'916495562933' -> stripped +91 prefix
outlets.csv,14,OA0013,Onboarded,coerced,'14/09/2022' parsed as %d/%m/%Y
outlets.csv,15,OA0014,Status,blank,Status not recorded
outlets.csv,17,OA0016,Status,coerced,'dormant' -> Dormant
outlets.csv,17,OA0016,Credit Days,coerced,'30 days' -> 30
outlets.csv,17,OA0016,Onboarded,coerced,'01/01/2025' parsed as %d/%m/%Y
outlets.csv,18,OA0017,Town,coerced,'Cbe' -> Coimbatore
outlets.csv,18,OA0017,Phone,blank,No phone on file
outlets.csv,19,OA0018,Status,coerced,'ACTIVE' -> Active
outlets.csv,19,OA0018,Phone,coerced,'+91 86287 99892' -> stripped +91 prefix
outlets.csv,19,OA0018,Onboarded,coerced,'14/04/2022' parsed as %d/%m/%Y
outlets.csv,20,OA0019,Credit Days,coerced,COD -> 0 credit days
outlets.csv,20,OA0019,Phone,coerced,
outlets.csv,20,OA0019,Onboarded,coerced,'14-Mar-20' parsed as %d-%b-%y
outlets.csv,21,OA0020,Status,coerced,'active' -> Active
outlets.csv,21,OA0020,Credit Days,coerced,COD -> 0 credit days
outlets.csv,21,OA0020,Latitude,blank,Latitude not recorded
outlets.csv,21,OA0020,Longitude,blank,Longitude not recorded
outlets.csv,22,OA0021,Status,coerced,'ACTIVE' -> Active
outlets.csv,22,OA0021,Phone,blank,No phone on file
outlets.csv,22,OA0021,Onboarded,coerced,'01/03/2024' parsed as %d/%m/%Y
outlets.csv,23,OA0022,Town,coerced,'Mdu' -> Madurai
outlets.csv,23,OA0022,Credit Days,coerced,COD -> 0 credit days
outlets.csv,23,OA0022,Onboarded,coerced,'25/05/2023' parsed as %d/%m/%Y
outlets.csv,23,OA0022,Latitude,blank,Latitude not recorded
outlets.csv,23,OA0022,Longitude,blank,Longitude not recorded
outlets.csv,24,OA0023,Credit Days,coerced,'30 days' -> 30
outlets.csv,24,OA0023,Latitude,blank,Latitude not recorded
outlets.csv,24,OA0023,Longitude,blank,Longitude not recorded
outlets.csv,25,OA0024,Credit Days,coerced,'30 days' -> 30
outlets.csv,25,OA0024,Phone,coerced,
outlets.csv,25,OA0024,Onboarded,coerced,'25/01/2023' parsed as %d/%m/%Y
outlets.csv,26,OA0025,Town,coerced,'Tiruppur' -> Tirupur
outlets.csv,26,OA0025,Status,coerced,'dormant' -> Dormant
outlets.csv,27,OA0026,Credit Days,coerced,COD -> 0 credit days
outlets.csv,27,OA0026,Onboarded,coerced,'29-Mar-21' parsed as %d-%b-%y
outlets.csv,27,OA0026,Latitude,blank,Latitude not recorded
outlets.csv,27,OA0026,Longitude,blank,Longitude not recorded
outlets.csv,28,OA0027,Status,coerced,'active' -> Active
outlets.csv,28,OA0027,Latitude,blank,Latitude not recorded
outlets.csv,28,OA0027,Longitude,blank,Longitude not recorded
outlets.csv,29,OA0028,Phone,coerced,
outlets.csv,29,OA0028,Onboarded,coerced,'08/06/2024' parsed as %d/%m/%Y
outlets.csv,30,OA0029,Phone,coerced,'917295768288' -> stripped +91 prefix
outlets.csv,30,OA0029,Onboarded,coerced,'06/06/2024' parsed as %d/%m/%Y
outlets.csv,30,OA0029,Latitude,blank,Latitude not recorded
outlets.csv,30,OA0029,Longitude,blank,Longitude not recorded
outlets.csv,31,OA0030,Town,coerced,'Cbe' -> Coimbatore
outlets.csv,31,OA0030,Credit Days,coerced,'30 days' -> 30
outlets.csv,31,OA0030,Phone,coerced,'917025754932' -> stripped +91 prefix
outlets.csv,32,OA0031,Credit Days,blank,Credit terms not recorded
outlets.csv,32,OA0031,Phone,coerced,'916996951784' -> stripped +91 prefix
outlets.csv,32,OA0031,Onboarded,coerced,'25/11/2023' parsed as %d/%m/%Y
outlets.csv,33,OA0032,Onboarded,coerced,'19-Dec-19' parsed as %d-%b-%y
outlets.csv,34,OA0033,Onboarded,coerced,'17-Sep-20' parsed as %d-%b-%y
outlets.csv,35,OA0034,Credit Days,coerced,COD -> 0 credit days
outlets.csv,35,OA0034,Onboarded,coerced,'27/04/2022' parsed as %d/%m/%Y
outlets.csv,36,OA0035,Status,coerced,'dormant' -> Dormant
outlets.csv,36,OA0035,Latitude,blank,Latitude not recorded
outlets.csv,36,OA0035,Longitude,blank,Longitude not recorded
outlets.csv,37,OA0036,Town,coerced,'Tiruppur' -> Tirupur
outlets.csv,37,OA0036,Credit Days,coerced,'30 days' -> 30
outlets.csv,38,OA0037,Status,coerced,'active' -> Active
outlets.csv,38,OA0037,Onboarded,coerced,'08/12/2019' parsed as %d/%m/%Y
outlets.csv,39,OA0038,Onboarded,coerced,'27/11/2020' parsed as %d/%m/%Y
outlets.csv,40,OA0039,Phone,coerced,'+91 82410 73552' -> stripped +91 prefix
outlets.csv,40,OA0039,Onboarded,coerced,'21-Apr-21' parsed as %d-%b-%y
outlets.csv,41,OA0040,Status,coerced,'dormant' -> Dormant
outlets.csv,41,OA0040,Onboarded,coerced,'08/04/2025' parsed as %d/%m/%Y
outlets.csv,42,OA0041,Credit Days,coerced,COD -> 0 credit days
outlets.csv,42,OA0041,Onboarded,coerced,'13-Mar-20' parsed as %d-%b-%y
outlets.csv,43,OA0042,Onboarded,coerced,'18/08/2020' parsed as %d/%m/%Y
outlets.csv,44,OA0043,Phone,coerced,'+91 95765 21508' -> stripped +91 prefix
outlets.csv,44,OA0043,Onboarded,coerced,'22/11/2023' parsed as %d/%m/%Y
outlets.csv,44,OA0043,Latitude,blank,Latitude not recorded
outlets.csv,44,OA0043,Longitude,blank,Longitude not recorded
outlets.csv,45,OA0044,Status,blank,Status not recorded
outlets.csv,45,OA0044,Phone,coerced,'+91 96126 88706' -> stripped +91 prefix
outlets.csv,45,OA0044,Onboarded,coerced,'07-May-23' parsed as %d-%b-%y
outlets.csv,46,OA0045,Status,blank,Status not recorded
outlets.csv,46,OA0045,Phone,coerced,
outlets.csv,46,OA0045,Onboarded,coerced,'12/09/2019' parsed as %d/%m/%Y
outlets.csv,47,OA0046,Phone,coerced,
outlets.csv,47,OA0046,Onboarded,coerced,'16/11/2020' parsed as %d/%m/%Y
outlets.csv,47,OA0046,Latitude,blank,Latitude not recorded
outlets.csv,47,OA0046,Longitude,blank,Longitude not recorded
outlets.csv,48,OA0047,Town,coerced,'Tanjore' -> Thanjavur
outlets.csv,48,OA0047,Credit Days,blank,Credit terms not recorded
outlets.csv,48,OA0047,Onboarded,coerced,'03/06/2019' parsed as %d/%m/%Y
outlets.csv,49,OA0048,Onboarded,coerced,'23/06/2020' parsed as %d/%m/%Y
outlets.csv,50,OA0049,Credit Days,coerced,COD -> 0 credit days
outlets.csv,50,OA0049,Onboarded,coerced,'13/10/2019' parsed as %d/%m/%Y
outlets.csv,51,OA0050,Credit Days,coerced,'30 days' -> 30
outlets.csv,51,OA0050,Phone,coerced,'+91 64331 24807' -> stripped +91 prefix
outlets.csv,51,OA0050,Onboarded,coerced,'29/05/2021' parsed as %d/%m/%Y
outlets.csv,51,OA0050,Latitude,blank,Latitude not recorded
outlets.csv,51,OA0050,Longitude,blank,Longitude not recorded
outlets.csv,52,OA0051,Credit Days,coerced,COD -> 0 credit days
outlets.csv,52,OA0051,Phone,coerced,
outlets.csv,52,OA0051,Onboarded,coerced,'26/03/2020' parsed as %d/%m/%Y
outlets.csv,53,OA0052,Status,coerced,'dormant' -> Dormant
outlets.csv,53,OA0052,Credit Days,coerced,'30 days' -> 30
outlets.csv,54,OA0053,Status,coerced,'ACTIVE' -> Active
outlets.csv,54,OA0053,Credit Days,coerced,COD -> 0 credit days
outlets.csv,54,OA0053,Onboarded,coerced,'01/02/2024' parsed as %d/%m/%Y
outlets.csv,54,OA0053,Latitude,blank,Latitude not recorded
outlets.csv,54,OA0053,Longitude,blank,Longitude not recorded
outlets.csv,55,OA0054,Phone,coerced,'+91 93479 47338' -> stripped +91 prefix
outlets.csv,55,OA0054,Onboarded,coerced,'23/01/2023' parsed as %d/%m/%Y
outlets.csv,56,OA0055,Status,coerced,'dormant' -> Dormant
outlets.csv,56,OA0055,Onboarded,coerced,'10-Jan-21' parsed as %d-%b-%y
outlets.csv,57,OA0056,Onboarded,coerced,'02/03/2021' parsed as %d/%m/%Y
outlets.csv,58,OA0057,Onboarded,coerced,'01/11/2023' parsed as %d/%m/%Y
outlets.csv,59,OA0058,Status,coerced,'ACTIVE' -> Active
outlets.csv,59,OA0058,Credit Days,coerced,'30 days' -> 30
outlets.csv,59,OA0058,Onboarded,coerced,'12-Feb-21' parsed as %d-%b-%y
outlets.csv,61,OA0060,Credit Days,coerced,'30 days' -> 30
outlets.csv,61,OA0060,Onboarded,coerced,'11-May-24' parsed as %d-%b-%y
outlets.csv,63,OA0062,Onboarded,coerced,'03/05/2021' parsed as %d/%m/%Y
outlets.csv,65,OA0064,Onboarded,coerced,'28/10/2023' parsed as %d/%m/%Y
outlets.csv,66,OA0065,Onboarded,coerced,'11/02/2025' parsed as %d/%m/%Y
outlets.csv,67,OA0066,Phone,coerced,'+91 60925 85006' -> stripped +91 prefix
outlets.csv,67,OA0066,Latitude,blank,Latitude not recorded
outlets.csv,67,OA0066,Longitude,blank,Longitude not recorded
outlets.csv,68,OA0067,Phone,blank,No phone on file
outlets.csv,68,OA0067,Onboarded,coerced,'23-Sep-22' parsed as %d-%b-%y
outlets.csv,69,OA0068,Onboarded,coerced,'05/10/2022' parsed as %d/%m/%Y
outlets.csv,69,OA0068,Latitude,blank,Latitude not recorded
outlets.csv,69,OA0068,Longitude,blank,Longitude not recorded
outlets.csv,70,OA0069,Onboarded,coerced,'14/01/2022' parsed as %d/%m/%Y
outlets.csv,71,OA0070,Town,coerced,'Tanjore' -> Thanjavur
outlets.csv,71,OA0070,Phone,coerced,'+91 67931 54010' -> stripped +91 prefix
outlets.csv,71,OA0070,Onboarded,coerced,'29-Apr-22' parsed as %d-%b-%y
outlets.csv,72,OA0071,Onboarded,coerced,'01/09/2020' parsed as %d/%m/%Y
outlets.csv,73,OA0072,Credit Days,coerced,COD -> 0 credit days
outlets.csv,73,OA0072,Phone,coerced,'+91 84136 91685' -> stripped +91 prefix
outlets.csv,73,OA0072,Onboarded,coerced,'23-Sep-21' parsed as %d-%b-%y
outlets.csv,74,OA0073,Credit Days,coerced,COD -> 0 credit days
outlets.csv,74,OA0073,Phone,blank,No phone on file
outlets.csv,74,OA0073,Onboarded,coerced,'01/10/2023' parsed as %d/%m/%Y
outlets.csv,75,OA0074,Status,blank,Status not recorded
outlets.csv,75,OA0074,Phone,coerced,'+91 79717 69686' -> stripped +91 prefix
outlets.csv,75,OA0074,Onboarded,coerced,'16/07/2019' parsed as %d/%m/%Y
outlets.csv,75,OA0074,Latitude,blank,Latitude not recorded
outlets.csv,75,OA0074,Longitude,blank,Longitude not recorded
outlets.csv,76,OA0075,Credit Days,blank,Credit terms not recorded
outlets.csv,77,OA0076,Town,coerced,'Nellai' -> Tirunelveli
outlets.csv,77,OA0076,Phone,coerced,'+91 69915 46615' -> stripped +91 prefix
outlets.csv,77,OA0076,Onboarded,coerced,'22/08/2023' parsed as %d/%m/%Y
outlets.csv,78,OA0077,Status,blank,Status not recorded
outlets.csv,78,OA0077,Credit Days,coerced,'30 days' -> 30
outlets.csv,78,OA0077,Onboarded,coerced,'17-Sep-23' parsed as %d-%b-%y
outlets.csv,79,OA0078,Onboarded,coerced,'19/03/2021' parsed as %d/%m/%Y
outlets.csv,80,OA0079,Onboarded,coerced,'15/08/2022' parsed as %d/%m/%Y
outlets.csv,81,OA0080,Phone,blank,No phone on file
outlets.csv,81,OA0080,Onboarded,coerced,'05/06/2023' parsed as %d/%m/%Y
outlets.csv,81,OA0080,Latitude,blank,Latitude not recorded
outlets.csv,81,OA0080,Longitude,blank,Longitude not recorded
outlets.csv,82,OA0081,Onboarded,coerced,'29/04/2024' parsed as %d/%m/%Y
outlets.csv,83,OA0082,Credit Days,blank,Credit terms not recorded
outlets.csv,83,OA0082,Phone,coerced,'+91 92949 29645' -> stripped +91 prefix
outlets.csv,83,OA0082,Onboarded,coerced,'05-Dec-21' parsed as %d-%b-%y
outlets.csv,84,OA0083,Status,coerced,'dormant' -> Dormant
outlets.csv,84,OA0083,Onboarded,coerced,'10/11/2022' parsed as %d/%m/%Y
outlets.csv,85,OA0084,Phone,coerced,
outlets.csv,85,OA0084,Latitude,blank,Latitude not recorded
outlets.csv,85,OA0084,Longitude,blank,Longitude not recorded
outlets.csv,87,OA0086,Credit Days,coerced,COD -> 0 credit days
outlets.csv,87,OA0086,Phone,coerced,
outlets.csv,87,OA0086,Onboarded,coerced,'28-Oct-22' parsed as %d-%b-%y
outlets.csv,88,OA0087,Onboarded,coerced,'05/08/2020' parsed as %d/%m/%Y
outlets.csv,89,OA0088,Status,coerced,'active' -> Active
outlets.csv,89,OA0088,Phone,blank,No phone on file
outlets.csv,89,OA0088,Onboarded,coerced,'11/01/2021' parsed as %d/%m/%Y
outlets.csv,90,OA0089,Status,coerced,'dormant' -> Dormant
outlets.csv,90,OA0089,Credit Days,coerced,'30 days' -> 30
outlets.csv,90,OA0089,Onboarded,coerced,'12/05/2024' parsed as %d/%m/%Y
outlets.csv,91,OA0090,Status,blank,Status not recorded
outlets.csv,91,OA0090,Phone,coerced,
outlets.csv,92,OA0091,Town,coerced,'Tanjore' -> Thanjavur
outlets.csv,92,OA0091,Credit Days,coerced,'30 days' -> 30
outlets.csv,92,OA0091,Onboarded,coerced,'04-Mar-21' parsed as %d-%b-%y
outlets.csv,93,OA0092,Phone,coerced,
outlets.csv,93,OA0092,Latitude,blank,Latitude not recorded
outlets.csv,93,OA0092,Longitude,blank,Longitude not recorded
outlets.csv,94,OA0093,Credit Days,blank,Credit terms not recorded
outlets.csv,94,OA0093,Onboarded,coerced,'24-Jul-24' parsed as %d-%b-%y
outlets.csv,94,OA0093,Latitude,blank,Latitude not recorded
outlets.csv,94,OA0093,Longitude,blank,Longitude not recorded
outlets.csv,95,OA0094,Credit Days,coerced,'30 days' -> 30
outlets.csv,95,OA0094,Phone,blank,No phone on file
outlets.csv,95,OA0094,Onboarded,coerced,'10/04/2020' parsed as %d/%m/%Y
outlets.csv,96,OA0095,Phone,blank,No phone on file
outlets.csv,96,OA0095,Onboarded,coerced,'05/09/2022' parsed as %d/%m/%Y
outlets.csv,97,OA0096,Status,coerced,'ACTIVE' -> Active
outlets.csv,97,OA0096,Onboarded,coerced,'07/01/2022' parsed as %d/%m/%Y
outlets.csv,98,OA0097,Credit Days,coerced,COD -> 0 credit days
outlets.csv,98,OA0097,Onboarded,coerced,'11/10/2022' parsed as %d/%m/%Y
outlets.csv,99,OA0098,Town,coerced,'Madras' -> Chennai
outlets.csv,100,OA0099,Credit Days,coerced,COD -> 0 credit days
outlets.csv,101,OA0100,Status,blank,Status not recorded
outlets.csv,101,OA0100,Onboarded,coerced,'24/09/2022' parsed as %d/%m/%Y
outlets.csv,101,OA0100,Latitude,blank,Latitude not recorded
outlets.csv,101,OA0100,Longitude,blank,Longitude not recorded
outlets.csv,102,OA0101,Onboarded,coerced,'06/05/2023' parsed as %d/%m/%Y
outlets.csv,103,OA0102,Phone,blank,No phone on file
outlets.csv,103,OA0102,Onboarded,coerced,'06/08/2024' parsed as %d/%m/%Y
outlets.csv,103,OA0102,Latitude,blank,Latitude not recorded
outlets.csv,103,OA0102,Longitude,blank,Longitude not recorded
outlets.csv,104,OA0103,Status,coerced,'active' -> Active
outlets.csv,104,OA0103,Phone,coerced,'919616447409' -> stripped +91 prefix
outlets.csv,104,OA0103,Onboarded,coerced,'31-May-20' parsed as %d-%b-%y
outlets.csv,105,OA0104,Status,coerced,'ACTIVE' -> Active
outlets.csv,105,OA0104,Onboarded,coerced,'28/07/2024' parsed as %d/%m/%Y
outlets.csv,106,OA0105,Status,coerced,'ACTIVE' -> Active
outlets.csv,106,OA0105,Credit Days,coerced,'30 days' -> 30
outlets.csv,106,OA0105,Phone,blank,No phone on file
outlets.csv,106,OA0105,Onboarded,coerced,'23/10/2021' parsed as %d/%m/%Y
outlets.csv,107,OA0106,Status,blank,Status not recorded
outlets.csv,107,OA0106,Phone,blank,No phone on file
outlets.csv,107,OA0106,Onboarded,coerced,'13/03/2024' parsed as %d/%m/%Y
outlets.csv,108,OA0107,Town,coerced,'CBE' -> Coimbatore
outlets.csv,108,OA0107,Onboarded,coerced,'11-May-24' parsed as %d-%b-%y
outlets.csv,109,OA0108,Credit Days,coerced,COD -> 0 credit days
outlets.csv,110,OA0109,Phone,coerced,
outlets.csv,110,OA0109,Onboarded,coerced,'23/06/2019' parsed as %d/%m/%Y
outlets.csv,110,OA0109,Latitude,blank,Latitude not recorded
outlets.csv,110,OA0109,Longitude,blank,Longitude not recorded
outlets.csv,111,OA0110,Status,coerced,'ACTIVE' -> Active
outlets.csv,111,OA0110,Credit Days,coerced,'30 days' -> 30
outlets.csv,111,OA0110,Onboarded,coerced,'22/08/2023' parsed as %d/%m/%Y
outlets.csv,112,OA0111,Credit Days,blank,Credit terms not recorded
outlets.csv,112,OA0111,Onboarded,coerced,'12-Oct-19' parsed as %d-%b-%y
outlets.csv,112,OA0111,Latitude,blank,Latitude not recorded
outlets.csv,112,OA0111,Longitude,blank,Longitude not recorded
outlets.csv,113,OA0112,Town,coerced,'Madras' -> Chennai
outlets.csv,113,OA0112,Credit Days,coerced,'30 days' -> 30
outlets.csv,113,OA0112,Onboarded,coerced,'23/02/2020' parsed as %d/%m/%Y
outlets.csv,114,OA0113,Town,coerced,'Cbe' -> Coimbatore
outlets.csv,114,OA0113,Status,coerced,'ACTIVE' -> Active
outlets.csv,114,OA0113,Onboarded,coerced,'05/02/2023' parsed as %d/%m/%Y
outlets.csv,114,OA0113,Latitude,blank,Latitude not recorded
outlets.csv,114,OA0113,Longitude,blank,Longitude not recorded
outlets.csv,115,OA0114,Status,blank,Status not recorded
outlets.csv,115,OA0114,Phone,blank,No phone on file
outlets.csv,115,OA0114,Onboarded,coerced,'29-Sep-20' parsed as %d-%b-%y
outlets.csv,116,OA0115,Credit Days,coerced,'30 days' -> 30
outlets.csv,117,OA0116,Town,coerced,'Tiruppur' -> Tirupur
outlets.csv,117,OA0116,Onboarded,coerced,'09/08/2019' parsed as %d/%m/%Y
outlets.csv,118,OA0117,Status,blank,Status not recorded
outlets.csv,119,OA0118,Town,coerced,'Tiruchirappalli' -> Trichy
outlets.csv,119,OA0118,Phone,coerced,
outlets.csv,119,OA0118,Onboarded,coerced,'29/09/2023' parsed as %d/%m/%Y
outlets.csv,119,OA0118,Latitude,blank,Latitude not recorded
outlets.csv,119,OA0118,Longitude,blank,Longitude not recorded
outlets.csv,120,OA0119,Onboarded,coerced,'01-Dec-19' parsed as %d-%b-%y
outlets.csv,121,OA0120,Town,coerced,'Cbe' -> Coimbatore
outlets.csv,121,OA0120,Onboarded,coerced,'07-May-23' parsed as %d-%b-%y
outlets.csv,123,OA0122,Town,coerced,'Madras' -> Chennai
outlets.csv,123,OA0122,Onboarded,coerced,'02-Jan-25' parsed as %d-%b-%y
outlets.csv,124,OA0123,Status,coerced,'ACTIVE' -> Active
outlets.csv,124,OA0123,Credit Days,coerced,COD -> 0 credit days
outlets.csv,124,OA0123,Onboarded,coerced,'02/05/2022' parsed as %d/%m/%Y
outlets.csv,125,OA0124,Town,coerced,'Tanjore' -> Thanjavur
outlets.csv,125,OA0124,Status,coerced,'active' -> Active
outlets.csv,125,OA0124,Credit Days,coerced,'30 days' -> 30
outlets.csv,125,OA0124,Phone,blank,No phone on file
outlets.csv,126,OA0125,Status,blank,Status not recorded
outlets.csv,126,OA0125,Onboarded,coerced,'13/06/2022' parsed as %d/%m/%Y
outlets.csv,127,OA0126,Phone,blank,No phone on file
outlets.csv,127,OA0126,Onboarded,coerced,'25/12/2024' parsed as %d/%m/%Y
outlets.csv,128,OA0127,Status,coerced,'ACTIVE' -> Active
outlets.csv,128,OA0127,Credit Days,blank,Credit terms not recorded
outlets.csv,128,OA0127,Onboarded,coerced,'21/12/2021' parsed as %d/%m/%Y
outlets.csv,129,OA0128,Onboarded,coerced,'16/02/2024' parsed as %d/%m/%Y
outlets.csv,130,OA0129,Phone,blank,No phone on file
outlets.csv,130,OA0129,Onboarded,coerced,'31/12/2019' parsed as %d/%m/%Y
outlets.csv,131,OA0130,Status,coerced,'ACTIVE' -> Active
outlets.csv,132,OA0131,Status,coerced,'active' -> Active
outlets.csv,133,OA0132,Town,coerced,'Tiruchirappalli' -> Trichy
outlets.csv,133,OA0132,Phone,coerced,'+91 60422 96990' -> stripped +91 prefix
outlets.csv,135,OA0134,Town,coerced,'Nellai' -> Tirunelveli
outlets.csv,135,OA0134,Status,coerced,'active' -> Active
outlets.csv,135,OA0134,Credit Days,blank,Credit terms not recorded
outlets.csv,135,OA0134,Onboarded,coerced,'16/04/2020' parsed as %d/%m/%Y
outlets.csv,136,OA0135,Status,coerced,'active' -> Active
outlets.csv,136,OA0135,Onboarded,coerced,'27/12/2024' parsed as %d/%m/%Y
outlets.csv,138,OA0137,Town,coerced,'Tiruppur' -> Tirupur
outlets.csv,138,OA0137,Status,coerced,'dormant' -> Dormant
outlets.csv,138,OA0137,Onboarded,coerced,'26-Aug-21' parsed as %d-%b-%y
outlets.csv,139,OA0138,Status,coerced,'ACTIVE' -> Active
outlets.csv,139,OA0138,Credit Days,coerced,COD -> 0 credit days
outlets.csv,140,OA0139,Onboarded,coerced,'13/02/2021' parsed as %d/%m/%Y
outlets.csv,141,OA0140,Town,coerced,'CBE' -> Coimbatore
outlets.csv,141,OA0140,Onboarded,coerced,'19/10/2019' parsed as %d/%m/%Y
outlets.csv,142,OA0141,Status,coerced,'ACTIVE' -> Active
outlets.csv,142,OA0141,Credit Days,blank,Credit terms not recorded
outlets.csv,142,OA0141,Onboarded,coerced,'28/12/2022' parsed as %d/%m/%Y
outlets.csv,143,OA0142,Phone,coerced,
outlets.csv,143,OA0142,Onboarded,coerced,'10/11/2022' parsed as %d/%m/%Y
outlets.csv,143,OA0142,Latitude,blank,Latitude not recorded
outlets.csv,143,OA0142,Longitude,blank,Longitude not recorded
outlets.csv,144,OA0143,Onboarded,coerced,'15/01/2021' parsed as %d/%m/%Y
outlets.csv,146,OA0145,Onboarded,coerced,'02/03/2023' parsed as %d/%m/%Y
outlets.csv,147,OA0146,Onboarded,coerced,'13/06/2019' parsed as %d/%m/%Y
outlets.csv,148,OA0147,Status,coerced,'active' -> Active
outlets.csv,148,OA0147,Credit Days,coerced,'30 days' -> 30
outlets.csv,148,OA0147,Onboarded,coerced,'12/06/2019' parsed as %d/%m/%Y
outlets.csv,149,OA0148,Status,coerced,'active' -> Active
outlets.csv,149,OA0148,Credit Days,coerced,'30 days' -> 30
outlets.csv,149,OA0148,Onboarded,coerced,'26/02/2025' parsed as %d/%m/%Y
outlets.csv,150,OA0149,Onboarded,coerced,'14/08/2019' parsed as %d/%m/%Y
outlets.csv,150,OA0149,Latitude,blank,Latitude not recorded
outlets.csv,150,OA0149,Longitude,blank,Longitude not recorded
outlets.csv,151,OA0150,Onboarded,coerced,'14/05/2021' parsed as %d/%m/%Y
outlets.csv,152,OA0151,Status,coerced,'dormant' -> Dormant
outlets.csv,152,OA0151,Credit Days,blank,Credit terms not recorded
outlets.csv,152,OA0151,Phone,blank,No phone on file
outlets.csv,153,OA0152,Credit Days,coerced,COD -> 0 credit days
outlets.csv,153,OA0152,Onboarded,coerced,'19/04/2023' parsed as %d/%m/%Y
outlets.csv,154,OA0153,Credit Days,blank,Credit terms not recorded
outlets.csv,154,OA0153,Onboarded,coerced,'29-Jan-24' parsed as %d-%b-%y
outlets.csv,155,OA0154,Credit Days,coerced,COD -> 0 credit days
outlets.csv,155,OA0154,Phone,blank,No phone on file
outlets.csv,156,OA0155,Onboarded,coerced,'15/11/2020' parsed as %d/%m/%Y
outlets.csv,157,OA0156,Status,coerced,'dormant' -> Dormant
outlets.csv,157,OA0156,Phone,coerced,
outlets.csv,157,OA0156,Onboarded,coerced,'21/08/2019' parsed as %d/%m/%Y
outlets.csv,158,OA0157,Onboarded,coerced,'29-Feb-20' parsed as %d-%b-%y
outlets.csv,159,OA0158,Status,coerced,'ACTIVE' -> Active
outlets.csv,159,OA0158,Phone,coerced,'+91 82899 29056' -> stripped +91 prefix
outlets.csv,159,OA0158,Onboarded,coerced,'27/10/2023' parsed as %d/%m/%Y
outlets.csv,159,OA0158,Latitude,blank,Latitude not recorded
outlets.csv,159,OA0158,Longitude,blank,Longitude not recorded
outlets.csv,160,OA0159,Credit Days,coerced,'30 days' -> 30
outlets.csv,160,OA0159,Onboarded,coerced,'25-Jun-19' parsed as %d-%b-%y
outlets.csv,160,OA0159,Latitude,blank,Latitude not recorded
outlets.csv,160,OA0159,Longitude,blank,Longitude not recorded
outlets.csv,161,OA0160,Status,coerced,'active' -> Active
outlets.csv,161,OA0160,Onboarded,coerced,'24/09/2021' parsed as %d/%m/%Y
outlets.csv,162,OA0161,Phone,coerced,'+91 60173 33779' -> stripped +91 prefix
outlets.csv,162,OA0161,Onboarded,coerced,'31/03/2020' parsed as %d/%m/%Y
outlets.csv,163,OA0162,Status,coerced,'dormant' -> Dormant
outlets.csv,163,OA0162,Phone,blank,No phone on file
outlets.csv,164,OA0163,Onboarded,coerced,'01/04/2023' parsed as %d/%m/%Y
outlets.csv,165,OA0164,Town,coerced,'Cbe' -> Coimbatore
outlets.csv,165,OA0164,Credit Days,blank,Credit terms not recorded
outlets.csv,165,OA0164,Onboarded,coerced,'22/05/2021' parsed as %d/%m/%Y
outlets.csv,166,OA0165,Status,coerced,'dormant' -> Dormant
outlets.csv,166,OA0165,Onboarded,coerced,'20-Feb-23' parsed as %d-%b-%y
outlets.csv,167,OA0166,Credit Days,blank,Credit terms not recorded
outlets.csv,167,OA0166,Phone,blank,No phone on file
outlets.csv,167,OA0166,Onboarded,coerced,'19/08/2019' parsed as %d/%m/%Y
outlets.csv,168,OA0167,Credit Days,coerced,'30 days' -> 30
outlets.csv,168,OA0167,Onboarded,coerced,'30/05/2020' parsed as %d/%m/%Y
outlets.csv,169,OA0168,Town,coerced,'Tiruppur' -> Tirupur
outlets.csv,169,OA0168,Onboarded,coerced,'01-Aug-19' parsed as %d-%b-%y
outlets.csv,170,OA0169,Status,blank,Status not recorded
outlets.csv,170,OA0169,Phone,coerced,'+91 63779 91158' -> stripped +91 prefix
outlets.csv,170,OA0169,Onboarded,coerced,'21/08/2020' parsed as %d/%m/%Y
outlets.csv,171,OA0170,Onboarded,coerced,'30/05/2023' parsed as %d/%m/%Y
outlets.csv,172,OA0171,Town,coerced,'CBE' -> Coimbatore
outlets.csv,172,OA0171,Status,coerced,'ACTIVE' -> Active
outlets.csv,172,OA0171,Latitude,blank,Latitude not recorded
outlets.csv,172,OA0171,Longitude,blank,Longitude not recorded
outlets.csv,173,OA0172,Onboarded,coerced,'30/12/2019' parsed as %d/%m/%Y
outlets.csv,174,OA0173,Status,coerced,'dormant' -> Dormant
outlets.csv,174,OA0173,Phone,coerced,'+91 80245 69529' -> stripped +91 prefix
outlets.csv,174,OA0173,Onboarded,coerced,'27-Nov-22' parsed as %d-%b-%y
outlets.csv,175,OA0174,Status,blank,Status not recorded
outlets.csv,175,OA0174,Credit Days,coerced,COD -> 0 credit days
outlets.csv,175,OA0174,Onboarded,coerced,'22/05/2022' parsed as %d/%m/%Y
outlets.csv,176,OA0175,Town,coerced,'Tiruchirappalli' -> Trichy
outlets.csv,176,OA0175,Credit Days,coerced,COD -> 0 credit days
outlets.csv,176,OA0175,Phone,coerced,
outlets.csv,176,OA0175,Onboarded,coerced,'16/01/2024' parsed as %d/%m/%Y
outlets.csv,177,OA0176,Onboarded,coerced,'29-Jun-24' parsed as %d-%b-%y
outlets.csv,178,OA0177,Phone,coerced,
outlets.csv,178,OA0177,Onboarded,coerced,'02-Jan-23' parsed as %d-%b-%y
outlets.csv,179,OA0178,Credit Days,coerced,COD -> 0 credit days
outlets.csv,179,OA0178,Onboarded,coerced,'16/03/2021' parsed as %d/%m/%Y
outlets.csv,180,OA0179,Town,coerced,'Nellai' -> Tirunelveli
outlets.csv,180,OA0179,Onboarded,coerced,'25-Sep-19' parsed as %d-%b-%y
outlets.csv,181,OA0180,Status,coerced,'ACTIVE' -> Active
outlets.csv,181,OA0180,Credit Days,coerced,'30 days' -> 30
outlets.csv,181,OA0180,Phone,coerced,'+91 75450 37210' -> stripped +91 prefix
outlets.csv,182,OA0181,Onboarded,coerced,'07-Feb-21' parsed as %d-%b-%y
outlets.csv,183,OA0182,Onboarded,coerced,'17/09/2024' parsed as %d/%m/%Y
outlets.csv,184,OA0183,Town,coerced,'Tiruchirappalli' -> Trichy
outlets.csv,184,OA0183,Credit Days,blank,Credit terms not recorded
outlets.csv,184,OA0183,Onboarded,coerced,'09/07/2024' parsed as %d/%m/%Y
outlets.csv,184,OA0183,Latitude,blank,Latitude not recorded
outlets.csv,184,OA0183,Longitude,blank,Longitude not recorded
outlets.csv,185,OA0184,Status,blank,Status not recorded
outlets.csv,186,OA0185,Status,blank,Status not recorded
outlets.csv,186,OA0185,Credit Days,blank,Credit terms not recorded
outlets.csv,186,OA0185,Phone,coerced,'919836449624' -> stripped +91 prefix
outlets.csv,186,OA0185,Onboarded,coerced,'20-Mar-22' parsed as %d-%b-%y
outlets.csv,187,OA0186,Town,coerced,'Tiruppur' -> Tirupur
outlets.csv,187,OA0186,Status,coerced,'active' -> Active
outlets.csv,187,OA0186,Credit Days,blank,Credit terms not recorded
outlets.csv,187,OA0186,Phone,coerced,'+91 70921 76505' -> stripped +91 prefix
outlets.csv,187,OA0186,Onboarded,coerced,'07/03/2022' parsed as %d/%m/%Y
outlets.csv,188,OA0187,Status,coerced,'active' -> Active
outlets.csv,188,OA0187,Credit Days,coerced,COD -> 0 credit days
outlets.csv,188,OA0187,Onboarded,coerced,'26/09/2021' parsed as %d/%m/%Y
outlets.csv,189,OA0188,Phone,coerced,'+91 61374 35341' -> stripped +91 prefix
outlets.csv,189,OA0188,Onboarded,coerced,'19/06/2024' parsed as %d/%m/%Y
outlets.csv,189,OA0188,Latitude,blank,Latitude not recorded
outlets.csv,189,OA0188,Longitude,blank,Longitude not recorded
outlets.csv,190,OA0189,Onboarded,coerced,'15/09/2020' parsed as %d/%m/%Y
outlets.csv,190,OA0189,Latitude,blank,Latitude not recorded
outlets.csv,190,OA0189,Longitude,blank,Longitude not recorded
outlets.csv,191,OA0190,Onboarded,coerced,'03-Dec-22' parsed as %d-%b-%y
outlets.csv,192,OA0191,Status,coerced,'ACTIVE' -> Active
outlets.csv,192,OA0191,Credit Days,blank,Credit terms not recorded
outlets.csv,192,OA0191,Phone,coerced,'+91 89426 85649' -> stripped +91 prefix
outlets.csv,193,OA0192,Credit Days,coerced,COD -> 0 credit days
outlets.csv,193,OA0192,Phone,coerced,'+91 74515 11596' -> stripped +91 prefix
outlets.csv,194,OA0193,Credit Days,coerced,COD -> 0 credit days
outlets.csv,195,OA0194,Credit Days,blank,Credit terms not recorded
outlets.csv,195,OA0194,Phone,blank,No phone on file
outlets.csv,195,OA0194,Onboarded,coerced,'07/07/2021' parsed as %d/%m/%Y
outlets.csv,195,OA0194,Latitude,blank,Latitude not recorded
outlets.csv,195,OA0194,Longitude,blank,Longitude not recorded
outlets.csv,196,OA0195,Onboarded,coerced,'27/11/2019' parsed as %d/%m/%Y
outlets.csv,197,OA0196,Latitude,blank,Latitude not recorded
outlets.csv,197,OA0196,Longitude,blank,Longitude not recorded
outlets.csv,198,OA0197,Status,blank,Status not recorded
outlets.csv,198,OA0197,Credit Days,coerced,'30 days' -> 30
outlets.csv,198,OA0197,Phone,coerced,'+91 92243 91448' -> stripped +91 prefix
outlets.csv,198,OA0197,Onboarded,coerced,'22/09/2019' parsed as %d/%m/%Y
outlets.csv,199,OA0198,Onboarded,coerced,'10-Apr-22' parsed as %d-%b-%y
outlets.csv,200,OA0199,Status,coerced,'dormant' -> Dormant
outlets.csv,200,OA0199,Credit Days,coerced,COD -> 0 credit days
outlets.csv,200,OA0199,Onboarded,coerced,'06/02/2024' parsed as %d/%m/%Y
outlets.csv,201,OA0200,Credit Days,blank,Credit terms not recorded
outlets.csv,201,OA0200,Phone,blank,No phone on file
outlets.csv,201,OA0200,Onboarded,coerced,'23/09/2021' parsed as %d/%m/%Y
outlets.csv,202,OA0201,Credit Days,blank,Credit terms not recorded
outlets.csv,202,OA0201,Latitude,blank,Latitude not recorded
outlets.csv,202,OA0201,Longitude,blank,Longitude not recorded
outlets.csv,203,OA0202,Phone,coerced,'+91 99219 92222' -> stripped +91 prefix
outlets.csv,203,OA0202,Onboarded,coerced,'22/06/2023' parsed as %d/%m/%Y
outlets.csv,203,OA0202,Latitude,blank,Latitude not recorded
outlets.csv,203,OA0202,Longitude,blank,Longitude not recorded
outlets.csv,204,OA0203,Status,coerced,'active' -> Active
outlets.csv,204,OA0203,Onboarded,coerced,'16/12/2021' parsed as %d/%m/%Y
outlets.csv,205,OA0204,Credit Days,blank,Credit terms not recorded
outlets.csv,205,OA0204,Onboarded,coerced,'01-Jul-22' parsed as %d-%b-%y
outlets.csv,206,OA0205,Status,coerced,'dormant' -> Dormant
outlets.csv,207,OA0206,Status,coerced,'active' -> Active
outlets.csv,207,OA0206,Credit Days,blank,Credit terms not recorded
outlets.csv,207,OA0206,Onboarded,coerced,'25/06/2024' parsed as %d/%m/%Y
outlets.csv,208,OA0207,Onboarded,coerced,'05/07/2022' parsed as %d/%m/%Y
outlets.csv,209,OA0208,Status,coerced,'dormant' -> Dormant
outlets.csv,209,OA0208,Onboarded,coerced,'22-Apr-20' parsed as %d-%b-%y
outlets.csv,210,OA0209,Onboarded,coerced,'07/05/2020' parsed as %d/%m/%Y
outlets.csv,211,OA0210,Town,coerced,'Nellai' -> Tirunelveli
outlets.csv,211,OA0210,Status,coerced,'dormant' -> Dormant
outlets.csv,211,OA0210,Credit Days,coerced,'30 days' -> 30
outlets.csv,211,OA0210,Onboarded,coerced,'12/06/2020' parsed as %d/%m/%Y
outlets.csv,212,OA0211,Town,coerced,'Tiruppur' -> Tirupur
outlets.csv,212,OA0211,Onboarded,coerced,'03-Mar-23' parsed as %d-%b-%y
outlets.csv,213,OA0212,Credit Days,blank,Credit terms not recorded
outlets.csv,213,OA0212,Phone,coerced,'+91 79048 36665' -> stripped +91 prefix
outlets.csv,214,OA0213,Status,coerced,'ACTIVE' -> Active
outlets.csv,214,OA0213,Credit Days,coerced,COD -> 0 credit days
outlets.csv,215,OA0214,Town,coerced,'Madras' -> Chennai
outlets.csv,215,OA0214,Credit Days,coerced,COD -> 0 credit days
outlets.csv,215,OA0214,Phone,blank,No phone on file
outlets.csv,216,OA0215,Town,coerced,'Mdu' -> Madurai
outlets.csv,216,OA0215,Status,coerced,'ACTIVE' -> Active
outlets.csv,216,OA0215,Phone,coerced,'+91 63773 25855' -> stripped +91 prefix
outlets.csv,217,OA0216,Status,coerced,'active' -> Active
outlets.csv,217,OA0216,Phone,coerced,
outlets.csv,217,OA0216,Onboarded,coerced,'15/06/2023' parsed as %d/%m/%Y
outlets.csv,218,OA0217,Credit Days,coerced,'30 days' -> 30
outlets.csv,218,OA0217,Onboarded,coerced,'20/07/2024' parsed as %d/%m/%Y
outlets.csv,219,OA0218,Onboarded,coerced,'26-Jun-21' parsed as %d-%b-%y
outlets.csv,220,OA0219,Town,coerced,'Nellai' -> Tirunelveli
outlets.csv,220,OA0219,Status,blank,Status not recorded
outlets.csv,221,OA0220,Onboarded,coerced,'21/06/2021' parsed as %d/%m/%Y
outlets.csv,222,OA0221,Status,coerced,'ACTIVE' -> Active
outlets.csv,222,OA0221,Onboarded,coerced,'15/07/2023' parsed as %d/%m/%Y
outlets.csv,223,OA0222,Credit Days,coerced,'30 days' -> 30
outlets.csv,223,OA0222,Latitude,blank,Latitude not recorded
outlets.csv,223,OA0222,Longitude,blank,Longitude not recorded
outlets.csv,224,OA0223,Phone,coerced,
outlets.csv,225,OA0224,Status,coerced,'dormant' -> Dormant
outlets.csv,225,OA0224,Onboarded,coerced,'13/10/2022' parsed as %d/%m/%Y
outlets.csv,226,OA0225,Town,coerced,'Tiruppur' -> Tirupur
outlets.csv,226,OA0225,Onboarded,coerced,'20/08/2019' parsed as %d/%m/%Y
outlets.csv,228,OA0227,Status,coerced,'dormant' -> Dormant
outlets.csv,228,OA0227,Phone,blank,No phone on file
outlets.csv,228,OA0227,Onboarded,coerced,'21/06/2022' parsed as %d/%m/%Y
outlets.csv,229,OA0228,Status,coerced,'ACTIVE' -> Active
outlets.csv,229,OA0228,Onboarded,coerced,'03/10/2024' parsed as %d/%m/%Y
outlets.csv,230,OA0229,Town,coerced,'Cbe' -> Coimbatore
outlets.csv,230,OA0229,Phone,coerced,
outlets.csv,230,OA0229,Onboarded,coerced,'15-Jul-21' parsed as %d-%b-%y
outlets.csv,231,OA0230,Town,coerced,'CBE' -> Coimbatore
outlets.csv,231,OA0230,Status,coerced,'dormant' -> Dormant
outlets.csv,231,OA0230,Onboarded,coerced,'15/01/2021' parsed as %d/%m/%Y
outlets.csv,232,OA0231,Status,coerced,'ACTIVE' -> Active
outlets.csv,232,OA0231,Phone,coerced,'+91 72362 30781' -> stripped +91 prefix
outlets.csv,232,OA0231,Onboarded,coerced,'30-May-23' parsed as %d-%b-%y
outlets.csv,233,OA0232,Onboarded,coerced,'10/12/2019' parsed as %d/%m/%Y
outlets.csv,234,OA0233,Status,coerced,'ACTIVE' -> Active
outlets.csv,234,OA0233,Onboarded,coerced,'30/12/2020' parsed as %d/%m/%Y
outlets.csv,235,OA0234,Town,coerced,'Madras' -> Chennai
outlets.csv,235,OA0234,Phone,blank,No phone on file
outlets.csv,235,OA0234,Onboarded,coerced,'22-Oct-20' parsed as %d-%b-%y
outlets.csv,236,OA0235,Status,blank,Status not recorded
outlets.csv,236,OA0235,Credit Days,coerced,'30 days' -> 30
outlets.csv,236,OA0235,Onboarded,coerced,'02-Jun-22' parsed as %d-%b-%y
outlets.csv,237,OA0236,Status,coerced,'ACTIVE' -> Active
outlets.csv,237,OA0236,Onboarded,coerced,'16/04/2023' parsed as %d/%m/%Y
outlets.csv,238,OA0237,Phone,coerced,'+91 77424 14644' -> stripped +91 prefix
outlets.csv,238,OA0237,Onboarded,coerced,'03/12/2024' parsed as %d/%m/%Y
outlets.csv,239,OA0238,Status,coerced,'active' -> Active
outlets.csv,239,OA0238,Credit Days,blank,Credit terms not recorded
outlets.csv,240,OA0239,Town,coerced,'Tiruppur' -> Tirupur
outlets.csv,240,OA0239,Onboarded,coerced,'22-Aug-24' parsed as %d-%b-%y
outlets.csv,241,OA0240,Credit Days,coerced,COD -> 0 credit days
outlets.csv,241,OA0240,Onboarded,coerced,'04/06/2019' parsed as %d/%m/%Y
outlets.csv,242,OA0241,Status,coerced,'active' -> Active
outlets.csv,243,OA0242,Town,coerced,'Mdu' -> Madurai
outlets.csv,243,OA0242,Onboarded,coerced,'21/12/2023' parsed as %d/%m/%Y
outlets.csv,244,OA0243,Credit Days,coerced,COD -> 0 credit days
outlets.csv,244,OA0243,Onboarded,coerced,'27/12/2024' parsed as %d/%m/%Y
outlets.csv,245,OA0244,Status,blank,Status not recorded
outlets.csv,245,OA0244,Onboarded,coerced,'21-Mar-22' parsed as %d-%b-%y
outlets.csv,246,OA0245,Town,coerced,'Nellai' -> Tirunelveli
outlets.csv,246,OA0245,Status,coerced,'active' -> Active
outlets.csv,246,OA0245,Phone,coerced,
outlets.csv,246,OA0245,Onboarded,coerced,'06-Aug-21' parsed as %d-%b-%y
outlets.csv,247,OA0246,Phone,coerced,'917958136864' -> stripped +91 prefix
outlets.csv,247,OA0246,Onboarded,coerced,'26-Jul-23' parsed as %d-%b-%y
outlets.csv,247,OA0246,Latitude,blank,Latitude not recorded
outlets.csv,247,OA0246,Longitude,blank,Longitude not recorded
outlets.csv,248,OA0247,Credit Days,coerced,'30 days' -> 30
outlets.csv,248,OA0247,Onboarded,coerced,'06/06/2019' parsed as %d/%m/%Y
outlets.csv,249,OA0248,Status,coerced,'ACTIVE' -> Active
outlets.csv,249,OA0248,Onboarded,coerced,'05/12/2022' parsed as %d/%m/%Y
outlets.csv,250,OA0249,Onboarded,coerced,'22/04/2022' parsed as %d/%m/%Y
outlets.csv,251,OA0250,Status,coerced,'active' -> Active
outlets.csv,251,OA0250,Credit Days,coerced,'30 days' -> 30
outlets.csv,252,OA0251,Town,coerced,'Tiruchirappalli' -> Trichy
outlets.csv,252,OA0251,Credit Days,blank,Credit terms not recorded
outlets.csv,252,OA0251,Onboarded,coerced,'30/06/2022' parsed as %d/%m/%Y
outlets.csv,252,OA0251,Latitude,blank,Latitude not recorded
outlets.csv,252,OA0251,Longitude,blank,Longitude not recorded
outlets.csv,253,OA0252,Status,blank,Status not recorded
outlets.csv,253,OA0252,Onboarded,coerced,'21/04/2025' parsed as %d/%m/%Y
outlets.csv,254,OA0253,Latitude,blank,Latitude not recorded
outlets.csv,254,OA0253,Longitude,blank,Longitude not recorded
outlets.csv,255,OA0254,Status,coerced,'dormant' -> Dormant
outlets.csv,255,OA0254,Onboarded,coerced,'23/12/2023' parsed as %d/%m/%Y
outlets.csv,256,OA0255,Phone,coerced,
outlets.csv,256,OA0255,Onboarded,coerced,'23-Jan-25' parsed as %d-%b-%y
outlets.csv,256,OA0255,Latitude,blank,Latitude not recorded
outlets.csv,256,OA0255,Longitude,blank,Longitude not recorded
outlets.csv,257,OA0256,Town,coerced,'Nellai' -> Tirunelveli
outlets.csv,257,OA0256,Onboarded,coerced,'13/12/2019' parsed as %d/%m/%Y
outlets.csv,257,OA0256,Latitude,blank,Latitude not recorded
outlets.csv,257,OA0256,Longitude,blank,Longitude not recorded
outlets.csv,259,OA0258,Status,blank,Status not recorded
outlets.csv,259,OA0258,Credit Days,coerced,'30 days' -> 30
outlets.csv,259,OA0258,Phone,coerced,'918009891508' -> stripped +91 prefix
outlets.csv,259,OA0258,Onboarded,coerced,'12-Jan-25' parsed as %d-%b-%y
outlets.csv,260,OA0259,Credit Days,coerced,COD -> 0 credit days
outlets.csv,260,OA0259,Onboarded,coerced,'08-Mar-23' parsed as %d-%b-%y
outlets.csv,261,OA0260,Credit Days,coerced,COD -> 0 credit days
outlets.csv,261,OA0260,Onboarded,coerced,'24/05/2021' parsed as %d/%m/%Y
outlets.csv,261,OA0260,Latitude,blank,Latitude not recorded
outlets.csv,261,OA0260,Longitude,blank,Longitude not recorded
outlets.csv,263,OA0262,Credit Days,coerced,'30 days' -> 30
outlets.csv,263,OA0262,Phone,coerced,'917941629220' -> stripped +91 prefix
outlets.csv,263,OA0262,Onboarded,coerced,'21-Dec-23' parsed as %d-%b-%y
outlets.csv,264,OA0263,Town,coerced,'Cbe' -> Coimbatore
outlets.csv,264,OA0263,Credit Days,coerced,COD -> 0 credit days
outlets.csv,264,OA0263,Phone,coerced,'+91 61363 17488' -> stripped +91 prefix
outlets.csv,265,OA0264,Onboarded,coerced,'13/04/2022' parsed as %d/%m/%Y
outlets.csv,266,OA0265,Town,coerced,'Nellai' -> Tirunelveli
outlets.csv,266,OA0265,Phone,blank,No phone on file
outlets.csv,266,OA0265,Onboarded,coerced,'10/08/2019' parsed as %d/%m/%Y
outlets.csv,267,OA0266,Status,coerced,'ACTIVE' -> Active
outlets.csv,267,OA0266,Onboarded,coerced,'17/04/2025' parsed as %d/%m/%Y
outlets.csv,268,OA0267,Status,blank,Status not recorded
outlets.csv,268,OA0267,Credit Days,coerced,COD -> 0 credit days
outlets.csv,268,OA0267,Phone,blank,No phone on file
outlets.csv,268,OA0267,Onboarded,coerced,'28-Aug-20' parsed as %d-%b-%y
outlets.csv,269,OA0268,Credit Days,coerced,'30 days' -> 30
outlets.csv,269,OA0268,Onboarded,coerced,'08/12/2019' parsed as %d/%m/%Y
outlets.csv,270,OA0269,Onboarded,coerced,'18-May-25' parsed as %d-%b-%y
outlets.csv,271,OA0270,Town,coerced,'Cbe' -> Coimbatore
outlets.csv,271,OA0270,Credit Days,coerced,COD -> 0 credit days
outlets.csv,271,OA0270,Phone,coerced,'917145215366' -> stripped +91 prefix
outlets.csv,272,OA0271,Status,coerced,'dormant' -> Dormant
outlets.csv,272,OA0271,Onboarded,coerced,'11/06/2023' parsed as %d/%m/%Y
outlets.csv,273,OA0272,Town,coerced,'CBE' -> Coimbatore
outlets.csv,273,OA0272,Credit Days,coerced,COD -> 0 credit days
outlets.csv,273,OA0272,Onboarded,coerced,'14/06/2023' parsed as %d/%m/%Y
outlets.csv,273,OA0272,Latitude,blank,Latitude not recorded
outlets.csv,273,OA0272,Longitude,blank,Longitude not recorded
outlets.csv,274,OA0273,Credit Days,coerced,COD -> 0 credit days
outlets.csv,274,OA0273,Onboarded,coerced,'02/10/2023' parsed as %d/%m/%Y
outlets.csv,275,OA0274,Onboarded,coerced,'17-Jul-20' parsed as %d-%b-%y
outlets.csv,276,OA0275,Status,coerced,'active' -> Active
outlets.csv,276,OA0275,Onboarded,coerced,'23-Sep-19' parsed as %d-%b-%y
outlets.csv,277,OA0276,Onboarded,coerced,'17/01/2024' parsed as %d/%m/%Y
outlets.csv,278,OA0277,Status,coerced,'dormant' -> Dormant
outlets.csv,279,OA0278,Status,coerced,'active' -> Active
outlets.csv,279,OA0278,Onboarded,coerced,'15/10/2024' parsed as %d/%m/%Y
outlets.csv,280,OA0279,Town,coerced,'Tiruppur' -> Tirupur
outlets.csv,280,OA0279,Credit Days,blank,Credit terms not recorded
outlets.csv,280,OA0279,Onboarded,coerced,'19/11/2023' parsed as %d/%m/%Y
outlets.csv,281,OA0280,Status,coerced,'dormant' -> Dormant
outlets.csv,281,OA0280,Credit Days,blank,Credit terms not recorded
outlets.csv,281,OA0280,Phone,blank,No phone on file
outlets.csv,281,OA0280,Onboarded,coerced,'13/06/2022' parsed as %d/%m/%Y
outlets.csv,282,OA0281,Phone,blank,No phone on file
outlets.csv,282,OA0281,Onboarded,coerced,'04-Jan-25' parsed as %d-%b-%y
outlets.csv,282,OA0281,Latitude,blank,Latitude not recorded
outlets.csv,282,OA0281,Longitude,blank,Longitude not recorded
outlets.csv,283,OA0282,Onboarded,coerced,'05/09/2021' parsed as %d/%m/%Y
outlets.csv,284,OA0283,Status,blank,Status not recorded
outlets.csv,284,OA0283,Credit Days,blank,Credit terms not recorded
outlets.csv,284,OA0283,Phone,coerced,
outlets.csv,284,OA0283,Onboarded,coerced,'06-Jan-22' parsed as %d-%b-%y
outlets.csv,285,OA0284,Status,coerced,'active' -> Active
outlets.csv,285,OA0284,Credit Days,blank,Credit terms not recorded
outlets.csv,285,OA0284,Phone,coerced,
outlets.csv,285,OA0284,Onboarded,coerced,'10/12/2021' parsed as %d/%m/%Y
outlets.csv,286,OA0285,Town,coerced,'Tiruchirappalli' -> Trichy
outlets.csv,286,OA0285,Status,coerced,'dormant' -> Dormant
outlets.csv,286,OA0285,Credit Days,blank,Credit terms not recorded
outlets.csv,286,OA0285,Onboarded,coerced,'01/04/2021' parsed as %d/%m/%Y
outlets.csv,287,OA0286,Status,coerced,'active' -> Active
outlets.csv,287,OA0286,Phone,coerced,
outlets.csv,287,OA0286,Latitude,blank,Latitude not recorded
outlets.csv,287,OA0286,Longitude,blank,Longitude not recorded
outlets.csv,288,OA0287,Status,blank,Status not recorded
outlets.csv,288,OA0287,Onboarded,coerced,'28/08/2024' parsed as %d/%m/%Y
outlets.csv,289,OA0288,Credit Days,coerced,COD -> 0 credit days
outlets.csv,290,OA0289,Credit Days,coerced,'30 days' -> 30
outlets.csv,291,OA0290,Status,coerced,'dormant' -> Dormant
outlets.csv,291,OA0290,Credit Days,coerced,'30 days' -> 30
outlets.csv,291,OA0290,Onboarded,coerced,'03-Sep-21' parsed as %d-%b-%y
outlets.csv,291,OA0290,Latitude,blank,Latitude not recorded
outlets.csv,291,OA0290,Longitude,blank,Longitude not recorded
outlets.csv,292,OA0291,Town,coerced,'Tiruchirappalli' -> Trichy
outlets.csv,292,OA0291,Phone,coerced,'918145880050' -> stripped +91 prefix
outlets.csv,294,OA0293,Status,blank,Status not recorded
outlets.csv,294,OA0293,Credit Days,coerced,'30 days' -> 30
outlets.csv,294,OA0293,Onboarded,coerced,'09/07/2024' parsed as %d/%m/%Y
outlets.csv,295,OA0294,Town,coerced,'Mdu' -> Madurai
outlets.csv,295,OA0294,Onboarded,coerced,'11/09/2024' parsed as %d/%m/%Y
outlets.csv,296,OA0295,Onboarded,coerced,'29/04/2023' parsed as %d/%m/%Y
outlets.csv,297,OA0296,Onboarded,coerced,'08/09/2019' parsed as %d/%m/%Y
outlets.csv,298,OA0297,Credit Days,blank,Credit terms not recorded
outlets.csv,298,OA0297,Phone,blank,No phone on file
outlets.csv,298,OA0297,Onboarded,coerced,'19-Mar-20' parsed as %d-%b-%y
outlets.csv,300,OA0299,Onboarded,coerced,'09/07/2022' parsed as %d/%m/%Y
outlets.csv,301,OA0300,Onboarded,coerced,'27/06/2023' parsed as %d/%m/%Y
outlets.csv,302,OA0301,Credit Days,coerced,COD -> 0 credit days
outlets.csv,302,OA0301,Phone,coerced,'919227239451' -> stripped +91 prefix
outlets.csv,302,OA0301,Onboarded,coerced,'13-Jun-24' parsed as %d-%b-%y
outlets.csv,303,OA0302,Status,coerced,'active' -> Active
outlets.csv,304,OA0303,Credit Days,coerced,COD -> 0 credit days
outlets.csv,304,OA0303,Onboarded,coerced,'01/12/2024' parsed as %d/%m/%Y
outlets.csv,305,OA0304,Town,coerced,'Tanjore' -> Thanjavur
outlets.csv,305,OA0304,Status,blank,Status not recorded
outlets.csv,305,OA0304,Credit Days,blank,Credit terms not recorded
outlets.csv,306,OA0305,Credit Days,blank,Credit terms not recorded
outlets.csv,307,OA0306,Status,blank,Status not recorded
outlets.csv,307,OA0306,Credit Days,blank,Credit terms not recorded
outlets.csv,307,OA0306,Phone,blank,No phone on file
outlets.csv,307,OA0306,Onboarded,coerced,'22/07/2020' parsed as %d/%m/%Y
outlets.csv,308,OA0307,Town,coerced,'Tiruppur' -> Tirupur
outlets.csv,308,OA0307,Status,coerced,'active' -> Active
outlets.csv,308,OA0307,Onboarded,coerced,'04/06/2022' parsed as %d/%m/%Y
outlets.csv,309,OA0308,Status,blank,Status not recorded
outlets.csv,309,OA0308,Credit Days,blank,Credit terms not recorded
outlets.csv,309,OA0308,Onboarded,coerced,'03/07/2024' parsed as %d/%m/%Y
outlets.csv,310,OA0309,Credit Days,coerced,'30 days' -> 30
outlets.csv,311,OA0310,Credit Days,blank,Credit terms not recorded
outlets.csv,311,OA0310,Onboarded,coerced,'03/02/2025' parsed as %d/%m/%Y
outlets.csv,312,OA0311,Town,coerced,'CBE' -> Coimbatore
outlets.csv,312,OA0311,Onboarded,coerced,'20/04/2024' parsed as %d/%m/%Y
outlets.csv,312,OA0311,Latitude,blank,Latitude not recorded
outlets.csv,312,OA0311,Longitude,blank,Longitude not recorded
outlets.csv,313,OA0312,Town,coerced,'CBE' -> Coimbatore
outlets.csv,313,OA0312,Onboarded,coerced,'26-May-25' parsed as %d-%b-%y
outlets.csv,314,OA0313,Status,coerced,'dormant' -> Dormant
outlets.csv,314,OA0313,Phone,coerced,'+91 86692 23758' -> stripped +91 prefix
outlets.csv,314,OA0313,Onboarded,coerced,'27-Feb-24' parsed as %d-%b-%y
outlets.csv,314,OA0313,Latitude,blank,Latitude not recorded
outlets.csv,314,OA0313,Longitude,blank,Longitude not recorded
outlets.csv,315,OA0314,Town,coerced,'Nellai' -> Tirunelveli
outlets.csv,315,OA0314,Onboarded,coerced,'05/02/2021' parsed as %d/%m/%Y
outlets.csv,317,OA0316,Credit Days,coerced,COD -> 0 credit days
outlets.csv,318,OA0317,Credit Days,blank,Credit terms not recorded
outlets.csv,318,OA0317,Onboarded,coerced,'16/11/2019' parsed as %d/%m/%Y
outlets.csv,319,OA0318,Onboarded,coerced,'30/05/2023' parsed as %d/%m/%Y
outlets.csv,320,OA0319,Credit Days,blank,Credit terms not recorded
outlets.csv,320,OA0319,Onboarded,coerced,'03/01/2023' parsed as %d/%m/%Y
outlets.csv,321,OA0320,Phone,blank,No phone on file
outlets.csv,322,OA0321,Onboarded,coerced,'24/07/2022' parsed as %d/%m/%Y
outlets.csv,323,OA0322,Phone,coerced,'919006853143' -> stripped +91 prefix
outlets.csv,323,OA0322,Onboarded,coerced,'21-Jul-22' parsed as %d-%b-%y
outlets.csv,324,OA0323,Status,coerced,'active' -> Active
outlets.csv,324,OA0323,Latitude,blank,Latitude not recorded
outlets.csv,324,OA0323,Longitude,blank,Longitude not recorded
outlets.csv,325,OA0324,Onboarded,coerced,'05/06/2020' parsed as %d/%m/%Y
outlets.csv,325,OA0324,Latitude,blank,Latitude not recorded
outlets.csv,325,OA0324,Longitude,blank,Longitude not recorded
outlets.csv,326,OA0325,Credit Days,coerced,'30 days' -> 30
outlets.csv,326,OA0325,Onboarded,coerced,'18-Dec-23' parsed as %d-%b-%y
outlets.csv,326,OA0325,Latitude,blank,Latitude not recorded
outlets.csv,326,OA0325,Longitude,blank,Longitude not recorded
outlets.csv,327,OA0326,Credit Days,blank,Credit terms not recorded
outlets.csv,328,OA0327,Status,coerced,'active' -> Active
outlets.csv,328,OA0327,Latitude,blank,Latitude not recorded
outlets.csv,328,OA0327,Longitude,blank,Longitude not recorded
outlets.csv,329,OA0328,Credit Days,coerced,COD -> 0 credit days
outlets.csv,329,OA0328,Phone,coerced,
outlets.csv,329,OA0328,Onboarded,coerced,'20/04/2022' parsed as %d/%m/%Y
outlets.csv,330,OA0329,Phone,coerced,'+91 68376 18979' -> stripped +91 prefix
outlets.csv,330,OA0329,Onboarded,coerced,'18/12/2024' parsed as %d/%m/%Y
outlets.csv,330,OA0329,Latitude,blank,Latitude not recorded
outlets.csv,330,OA0329,Longitude,blank,Longitude not recorded
outlets.csv,331,OA0330,Phone,coerced,
outlets.csv,331,OA0330,Onboarded,coerced,'05-Jul-21' parsed as %d-%b-%y
outlets.csv,332,OA0331,Onboarded,coerced,'29/05/2024' parsed as %d/%m/%Y
outlets.csv,333,OA0332,Status,coerced,'active' -> Active
outlets.csv,333,OA0332,Credit Days,blank,Credit terms not recorded
outlets.csv,334,OA0333,Credit Days,blank,Credit terms not recorded
outlets.csv,334,OA0333,Phone,coerced,
outlets.csv,334,OA0333,Onboarded,coerced,'03-Feb-24' parsed as %d-%b-%y
outlets.csv,335,OA0334,Status,coerced,'dormant' -> Dormant
outlets.csv,335,OA0334,Onboarded,coerced,'18/08/2023' parsed as %d/%m/%Y
outlets.csv,335,OA0334,Latitude,blank,Latitude not recorded
outlets.csv,335,OA0334,Longitude,blank,Longitude not recorded
outlets.csv,336,OA0335,Town,coerced,'Tanjore' -> Thanjavur
outlets.csv,336,OA0335,Status,coerced,'ACTIVE' -> Active
outlets.csv,336,OA0335,Onboarded,coerced,'27/03/2021' parsed as %d/%m/%Y
outlets.csv,337,OA0336,Onboarded,coerced,'17-Aug-19' parsed as %d-%b-%y
outlets.csv,338,OA0337,Status,coerced,'active' -> Active
outlets.csv,338,OA0337,Credit Days,coerced,'30 days' -> 30
outlets.csv,338,OA0337,Onboarded,coerced,'05-Jun-21' parsed as %d-%b-%y
outlets.csv,338,OA0337,Latitude,blank,Latitude not recorded
outlets.csv,338,OA0337,Longitude,blank,Longitude not recorded
outlets.csv,339,OA0338,Onboarded,coerced,'18/03/2023' parsed as %d/%m/%Y
outlets.csv,342,OA0341,Onboarded,coerced,'26/04/2023' parsed as %d/%m/%Y
outlets.csv,343,OA0342,Status,coerced,'active' -> Active
outlets.csv,343,OA0342,Onboarded,coerced,'20-Mar-22' parsed as %d-%b-%y
outlets.csv,344,OA0343,Onboarded,coerced,'27-Aug-20' parsed as %d-%b-%y
outlets.csv,345,OA0344,Onboarded,coerced,'21-Dec-22' parsed as %d-%b-%y
outlets.csv,346,OA0345,Onboarded,coerced,'25/10/2024' parsed as %d/%m/%Y
outlets.csv,347,OA0346,Credit Days,coerced,'30 days' -> 30
outlets.csv,348,OA0347,Phone,coerced,
outlets.csv,348,OA0347,Onboarded,coerced,'06/04/2022' parsed as %d/%m/%Y
outlets.csv,349,OA0348,Credit Days,coerced,COD -> 0 credit days
outlets.csv,350,OA0349,Status,coerced,'active' -> Active
outlets.csv,350,OA0349,Credit Days,coerced,'30 days' -> 30
outlets.csv,350,OA0349,Onboarded,coerced,'01-Jul-21' parsed as %d-%b-%y
outlets.csv,351,OA0350,Phone,blank,No phone on file
outlets.csv,351,OA0350,Onboarded,coerced,'07/08/2023' parsed as %d/%m/%Y
outlets.csv,352,OA0351,Status,coerced,'dormant' -> Dormant
outlets.csv,352,OA0351,Onboarded,coerced,'09/12/2023' parsed as %d/%m/%Y
outlets.csv,353,OA0352,Onboarded,coerced,'12-Nov-20' parsed as %d-%b-%y
outlets.csv,355,OA0354,Phone,blank,No phone on file
outlets.csv,356,OA0355,Status,coerced,'dormant' -> Dormant
outlets.csv,356,OA0355,Credit Days,blank,Credit terms not recorded
outlets.csv,357,OA0356,Status,coerced,'ACTIVE' -> Active
outlets.csv,357,OA0356,Phone,coerced,'919120360437' -> stripped +91 prefix
outlets.csv,357,OA0356,Onboarded,coerced,'19/11/2024' parsed as %d/%m/%Y
outlets.csv,358,OA0357,Town,coerced,'Tiruppur' -> Tirupur
outlets.csv,358,OA0357,Status,coerced,'dormant' -> Dormant
outlets.csv,358,OA0357,Onboarded,coerced,'28/07/2022' parsed as %d/%m/%Y
outlets.csv,359,OA0358,Status,coerced,'dormant' -> Dormant
outlets.csv,359,OA0358,Onboarded,coerced,'06-Oct-22' parsed as %d-%b-%y
outlets.csv,360,OA0359,Phone,coerced,'918440073945' -> stripped +91 prefix
outlets.csv,360,OA0359,Onboarded,coerced,'25/09/2019' parsed as %d/%m/%Y
outlets.csv,361,OA0360,Status,coerced,'ACTIVE' -> Active
outlets.csv,361,OA0360,Onboarded,coerced,'16-Sep-24' parsed as %d-%b-%y
outlets.csv,362,OA0361,Town,coerced,'Tiruchirappalli' -> Trichy
outlets.csv,362,OA0361,Status,blank,Status not recorded
outlets.csv,362,OA0361,Credit Days,blank,Credit terms not recorded
outlets.csv,362,OA0361,Onboarded,coerced,'10/12/2023' parsed as %d/%m/%Y
outlets.csv,362,OA0361,Latitude,blank,Latitude not recorded
outlets.csv,362,OA0361,Longitude,blank,Longitude not recorded
outlets.csv,363,OA0362,Phone,coerced,'+91 84394 49337' -> stripped +91 prefix
outlets.csv,363,OA0362,Onboarded,coerced,'20-Mar-22' parsed as %d-%b-%y
outlets.csv,364,OA0363,Town,coerced,'Tiruppur' -> Tirupur
outlets.csv,364,OA0363,Status,coerced,'ACTIVE' -> Active
outlets.csv,364,OA0363,Credit Days,coerced,'30 days' -> 30
outlets.csv,364,OA0363,Onboarded,coerced,'16/12/2019' parsed as %d/%m/%Y
outlets.csv,365,OA0364,Status,coerced,'ACTIVE' -> Active
outlets.csv,365,OA0364,Onboarded,coerced,'09/07/2020' parsed as %d/%m/%Y
outlets.csv,366,OA0365,Credit Days,coerced,'30 days' -> 30
outlets.csv,366,OA0365,Onboarded,coerced,'09-Feb-25' parsed as %d-%b-%y
outlets.csv,366,OA0365,Latitude,blank,Latitude not recorded
outlets.csv,366,OA0365,Longitude,blank,Longitude not recorded
outlets.csv,367,OA0366,Credit Days,coerced,COD -> 0 credit days
outlets.csv,368,OA0367,Onboarded,coerced,'09-Aug-24' parsed as %d-%b-%y
outlets.csv,369,OA0368,Onboarded,coerced,'16/08/2021' parsed as %d/%m/%Y
outlets.csv,370,OA0369,Status,blank,Status not recorded
outlets.csv,370,OA0369,Credit Days,coerced,COD -> 0 credit days
outlets.csv,370,OA0369,Onboarded,coerced,'19-Jul-24' parsed as %d-%b-%y
outlets.csv,371,OA0370,Town,coerced,'Tiruchirappalli' -> Trichy
outlets.csv,371,OA0370,Credit Days,coerced,COD -> 0 credit days
outlets.csv,371,OA0370,Onboarded,coerced,'05/07/2023' parsed as %d/%m/%Y
outlets.csv,372,OA0371,Status,coerced,'ACTIVE' -> Active
outlets.csv,372,OA0371,Onboarded,coerced,'30-May-24' parsed as %d-%b-%y
outlets.csv,372,OA0371,Latitude,blank,Latitude not recorded
outlets.csv,372,OA0371,Longitude,blank,Longitude not recorded
outlets.csv,373,OA0372,Status,coerced,'ACTIVE' -> Active
outlets.csv,373,OA0372,Phone,blank,No phone on file
outlets.csv,373,OA0372,Onboarded,coerced,'21-Dec-22' parsed as %d-%b-%y
outlets.csv,374,OA0373,Status,coerced,'ACTIVE' -> Active
outlets.csv,374,OA0373,Onboarded,coerced,'04-Jun-25' parsed as %d-%b-%y
outlets.csv,375,OA0374,Onboarded,coerced,'24/03/2025' parsed as %d/%m/%Y
outlets.csv,376,OA0375,Status,coerced,'active' -> Active
outlets.csv,376,OA0375,Credit Days,coerced,'30 days' -> 30
outlets.csv,376,OA0375,Phone,blank,No phone on file
outlets.csv,376,OA0375,Onboarded,coerced,'03-Aug-20' parsed as %d-%b-%y
outlets.csv,377,OA0376,Credit Days,coerced,COD -> 0 credit days
outlets.csv,377,OA0376,Onboarded,coerced,'16/09/2019' parsed as %d/%m/%Y
outlets.csv,377,OA0376,Latitude,blank,Latitude not recorded
outlets.csv,377,OA0376,Longitude,blank,Longitude not recorded
outlets.csv,378,OA0377,Status,blank,Status not recorded
outlets.csv,378,OA0377,Onboarded,coerced,'02/10/2021' parsed as %d/%m/%Y
outlets.csv,379,OA0378,Status,coerced,'active' -> Active
outlets.csv,379,OA0378,Credit Days,blank,Credit terms not recorded
outlets.csv,379,OA0378,Phone,coerced,'917403717094' -> stripped +91 prefix
outlets.csv,379,OA0378,Onboarded,coerced,'15-Apr-25' parsed as %d-%b-%y
outlets.csv,379,OA0378,Latitude,blank,Latitude not recorded
outlets.csv,379,OA0378,Longitude,blank,Longitude not recorded
outlets.csv,381,OA0380,Town,coerced,'Nellai' -> Tirunelveli
outlets.csv,381,OA0380,Credit Days,coerced,COD -> 0 credit days
outlets.csv,381,OA0380,Phone,coerced,'+91 91541 00723' -> stripped +91 prefix
outlets.csv,381,OA0380,Onboarded,coerced,'15/12/2023' parsed as %d/%m/%Y
outlets.csv,381,OA0380,Latitude,blank,Latitude not recorded
outlets.csv,381,OA0380,Longitude,blank,Longitude not recorded
outlets.csv,382,OA0381,Status,coerced,'dormant' -> Dormant
outlets.csv,382,OA0381,Credit Days,coerced,'30 days' -> 30
outlets.csv,382,OA0381,Onboarded,coerced,'12/12/2019' parsed as %d/%m/%Y
outlets.csv,383,OA0382,Status,coerced,'dormant' -> Dormant
outlets.csv,383,OA0382,Phone,blank,No phone on file
outlets.csv,384,OA0383,Status,coerced,'dormant' -> Dormant
outlets.csv,384,OA0383,Credit Days,coerced,'30 days' -> 30
outlets.csv,385,OA0384,Status,coerced,'dormant' -> Dormant
outlets.csv,385,OA0384,Phone,blank,No phone on file
outlets.csv,385,OA0384,Onboarded,coerced,'20/07/2019' parsed as %d/%m/%Y
outlets.csv,386,OA0385,Status,coerced,'dormant' -> Dormant
outlets.csv,386,OA0385,Onboarded,coerced,'20-Sep-24' parsed as %d-%b-%y
outlets.csv,387,OA0386,Credit Days,coerced,COD -> 0 credit days
outlets.csv,387,OA0386,Onboarded,coerced,'12/07/2022' parsed as %d/%m/%Y
outlets.csv,388,OA0387,Status,blank,Status not recorded
outlets.csv,388,OA0387,Onboarded,coerced,'27-Jan-20' parsed as %d-%b-%y
outlets.csv,389,OA0388,Onboarded,coerced,'05/06/2019' parsed as %d/%m/%Y
outlets.csv,390,OA0389,Status,coerced,'dormant' -> Dormant
outlets.csv,390,OA0389,Credit Days,coerced,COD -> 0 credit days
outlets.csv,390,OA0389,Phone,coerced,
outlets.csv,390,OA0389,Onboarded,coerced,'10-Aug-20' parsed as %d-%b-%y
outlets.csv,390,OA0389,Latitude,blank,Latitude not recorded
outlets.csv,390,OA0389,Longitude,blank,Longitude not recorded
outlets.csv,391,OA0390,Status,coerced,'ACTIVE' -> Active
outlets.csv,391,OA0390,Phone,blank,No phone on file
outlets.csv,391,OA0390,Onboarded,coerced,'06/09/2024' parsed as %d/%m/%Y
outlets.csv,392,OA0391,Town,coerced,'Nellai' -> Tirunelveli
outlets.csv,392,OA0391,Phone,coerced,'+91 61548 38944' -> stripped +91 prefix
outlets.csv,392,OA0391,Onboarded,coerced,'31-Oct-20' parsed as %d-%b-%y
outlets.csv,393,OA0392,Credit Days,coerced,'30 days' -> 30
outlets.csv,393,OA0392,Onboarded,coerced,'23/10/2019' parsed as %d/%m/%Y
outlets.csv,394,OA0393,Credit Days,blank,Credit terms not recorded
outlets.csv,394,OA0393,Phone,blank,No phone on file
outlets.csv,396,OA0395,Credit Days,coerced,COD -> 0 credit days
outlets.csv,396,OA0395,Phone,coerced,
outlets.csv,396,OA0395,Onboarded,coerced,'02/02/2024' parsed as %d/%m/%Y
outlets.csv,397,OA0396,Onboarded,coerced,'14/08/2021' parsed as %d/%m/%Y
outlets.csv,398,OA0397,Onboarded,coerced,'19-Jul-20' parsed as %d-%b-%y
outlets.csv,399,OA0398,Onboarded,coerced,'05/10/2023' parsed as %d/%m/%Y
outlets.csv,400,OA0399,Town,coerced,'CBE' -> Coimbatore
outlets.csv,400,OA0399,Status,blank,Status not recorded
outlets.csv,400,OA0399,Onboarded,coerced,'12/08/2019' parsed as %d/%m/%Y
outlets.csv,401,OA0400,Onboarded,coerced,'17/09/2024' parsed as %d/%m/%Y
outlets.csv,401,OA0400,Latitude,blank,Latitude not recorded
outlets.csv,401,OA0400,Longitude,blank,Longitude not recorded
outlets.csv,402,OA0401,Status,coerced,'dormant' -> Dormant
outlets.csv,402,OA0401,Credit Days,coerced,'30 days' -> 30
outlets.csv,402,OA0401,Phone,coerced,'+91 86040 06951' -> stripped +91 prefix
outlets.csv,403,OA0402,Town,coerced,'Nellai' -> Tirunelveli
outlets.csv,403,OA0402,Credit Days,blank,Credit terms not recorded
outlets.csv,403,OA0402,Onboarded,coerced,'23/08/2023' parsed as %d/%m/%Y
outlets.csv,404,OA0403,Town,coerced,'Tiruppur' -> Tirupur
outlets.csv,404,OA0403,Status,blank,Status not recorded
outlets.csv,404,OA0403,Credit Days,coerced,COD -> 0 credit days
outlets.csv,404,OA0403,Phone,coerced,'+91 66231 85647' -> stripped +91 prefix
outlets.csv,404,OA0403,Latitude,blank,Latitude not recorded
outlets.csv,404,OA0403,Longitude,blank,Longitude not recorded
outlets.csv,405,OA0404,Status,coerced,'ACTIVE' -> Active
outlets.csv,405,OA0404,Phone,coerced,'+91 80418 08037' -> stripped +91 prefix
outlets.csv,405,OA0404,Onboarded,coerced,'24-Feb-24' parsed as %d-%b-%y
outlets.csv,406,OA0405,Phone,coerced,
outlets.csv,406,OA0405,Onboarded,coerced,'01/08/2019' parsed as %d/%m/%Y
outlets.csv,406,OA0405,Latitude,blank,Latitude not recorded
outlets.csv,406,OA0405,Longitude,blank,Longitude not recorded
outlets.csv,407,OA0406,Onboarded,coerced,'10/11/2020' parsed as %d/%m/%Y
outlets.csv,408,OA0407,Latitude,blank,Latitude not recorded
outlets.csv,408,OA0407,Longitude,blank,Longitude not recorded
outlets.csv,409,OA0408,Status,coerced,'ACTIVE' -> Active
outlets.csv,409,OA0408,Credit Days,coerced,'30 days' -> 30
outlets.csv,409,OA0408,Onboarded,coerced,'16/12/2022' parsed as %d/%m/%Y
outlets.csv,410,OA0409,Status,blank,Status not recorded
outlets.csv,410,OA0409,Onboarded,coerced,'27/02/2020' parsed as %d/%m/%Y
outlets.csv,411,OA0410,Town,coerced,'Nellai' -> Tirunelveli
outlets.csv,411,OA0410,Status,coerced,'dormant' -> Dormant
outlets.csv,411,OA0410,Credit Days,coerced,COD -> 0 credit days
outlets.csv,412,OA0411,Town,coerced,'Mdu' -> Madurai
outlets.csv,412,OA0411,Status,blank,Status not recorded
outlets.csv,412,OA0411,Phone,coerced,'+91 65047 43780' -> stripped +91 prefix
outlets.csv,412,OA0411,Onboarded,coerced,'30/04/2020' parsed as %d/%m/%Y
outlets.csv,413,OA0412,Status,coerced,'active' -> Active
outlets.csv,413,OA0412,Onboarded,coerced,'21/05/2023' parsed as %d/%m/%Y
outlets.csv,414,OA0413,Onboarded,coerced,'04/01/2025' parsed as %d/%m/%Y
outlets.csv,415,OA0414,Onboarded,coerced,'01-Oct-19' parsed as %d-%b-%y
outlets.csv,416,OA0415,Town,coerced,'Tanjore' -> Thanjavur
outlets.csv,416,OA0415,Status,coerced,'ACTIVE' -> Active
outlets.csv,416,OA0415,Credit Days,coerced,COD -> 0 credit days
outlets.csv,416,OA0415,Latitude,blank,Latitude not recorded
outlets.csv,416,OA0415,Longitude,blank,Longitude not recorded
outlets.csv,417,OA0416,Status,coerced,'active' -> Active
outlets.csv,418,OA0417,Status,coerced,'active' -> Active
outlets.csv,418,OA0417,Credit Days,coerced,'30 days' -> 30
outlets.csv,418,OA0417,Onboarded,coerced,'19-Nov-20' parsed as %d-%b-%y
outlets.csv,419,OA0418,Status,blank,Status not recorded
outlets.csv,419,OA0418,Phone,coerced,
outlets.csv,419,OA0418,Onboarded,coerced,'04-Nov-24' parsed as %d-%b-%y
outlets.csv,420,OA0419,Onboarded,coerced,'21/08/2024' parsed as %d/%m/%Y
outlets.csv,421,OA0420,Status,coerced,'dormant' -> Dormant
outlets.csv,421,OA0420,Credit Days,coerced,COD -> 0 credit days
outlets.csv,421,OA0420,Onboarded,coerced,'01/01/2025' parsed as %d/%m/%Y
outlets.csv,422,OA0421,Town,coerced,'Madras' -> Chennai
outlets.csv,422,OA0421,Status,coerced,'active' -> Active
outlets.csv,422,OA0421,Credit Days,coerced,COD -> 0 credit days
outlets.csv,422,OA0421,Onboarded,coerced,'23/10/2023' parsed as %d/%m/%Y
outlets.csv,423,OA0422,Phone,coerced,'+91 63966 56620' -> stripped +91 prefix
outlets.csv,423,OA0422,Onboarded,coerced,'19/12/2019' parsed as %d/%m/%Y
outlets.csv,423,OA0422,Latitude,blank,Latitude not recorded
outlets.csv,423,OA0422,Longitude,blank,Longitude not recorded
outlets.csv,424,OA0423,Phone,blank,No phone on file
outlets.csv,424,OA0423,Onboarded,coerced,'25/07/2020' parsed as %d/%m/%Y
outlets.csv,425,OA0424,Credit Days,coerced,COD -> 0 credit days
outlets.csv,425,OA0424,Onboarded,coerced,'01/04/2023' parsed as %d/%m/%Y
outlets.csv,426,OA0425,Status,coerced,'active' -> Active
outlets.csv,426,OA0425,Credit Days,coerced,COD -> 0 credit days
outlets.csv,426,OA0425,Onboarded,coerced,'16/07/2021' parsed as %d/%m/%Y
outlets.csv,427,OA0426,Onboarded,coerced,'16/07/2021' parsed as %d/%m/%Y
outlets.csv,428,OA0427,Credit Days,blank,Credit terms not recorded
outlets.csv,428,OA0427,Phone,coerced,
outlets.csv,428,OA0427,Onboarded,coerced,'25/12/2023' parsed as %d/%m/%Y
outlets.csv,429,OA0428,Latitude,blank,Latitude not recorded
outlets.csv,429,OA0428,Longitude,blank,Longitude not recorded
outlets.csv,430,OA0429,Status,coerced,'dormant' -> Dormant
outlets.csv,431,OA0430,Status,coerced,'active' -> Active
outlets.csv,431,OA0430,Phone,coerced,'917287571974' -> stripped +91 prefix
outlets.csv,431,OA0430,Onboarded,coerced,'07/09/2019' parsed as %d/%m/%Y
outlets.csv,432,OA0431,Town,coerced,'Mdu' -> Madurai
outlets.csv,433,OA0432,Onboarded,coerced,'29/04/2025' parsed as %d/%m/%Y
outlets.csv,434,OA0433,Phone,blank,No phone on file
outlets.csv,434,OA0433,Onboarded,coerced,'22-Feb-20' parsed as %d-%b-%y
outlets.csv,435,OA0434,Status,blank,Status not recorded
outlets.csv,435,OA0434,Onboarded,coerced,'26/04/2021' parsed as %d/%m/%Y
outlets.csv,436,OA0435,Onboarded,coerced,'04-Jun-23' parsed as %d-%b-%y
outlets.csv,437,OA0436,Status,coerced,'dormant' -> Dormant
outlets.csv,437,OA0436,Credit Days,blank,Credit terms not recorded
outlets.csv,437,OA0436,Onboarded,coerced,'11-Nov-23' parsed as %d-%b-%y
outlets.csv,438,OA0437,Onboarded,coerced,'28/03/2023' parsed as %d/%m/%Y
outlets.csv,439,OA0438,Town,coerced,'Nellai' -> Tirunelveli
outlets.csv,439,OA0438,Credit Days,coerced,COD -> 0 credit days
outlets.csv,439,OA0438,Onboarded,coerced,'21/02/2023' parsed as %d/%m/%Y
outlets.csv,440,OA0439,Town,coerced,'Tanjore' -> Thanjavur
outlets.csv,440,OA0439,Phone,coerced,
outlets.csv,440,OA0439,Onboarded,coerced,'05-Sep-20' parsed as %d-%b-%y
outlets.csv,441,OA0440,Status,coerced,'dormant' -> Dormant
outlets.csv,441,OA0440,Onboarded,coerced,'26/02/2021' parsed as %d/%m/%Y
outlets.csv,442,OA0441,Status,coerced,'dormant' -> Dormant
outlets.csv,442,OA0441,Credit Days,coerced,'30 days' -> 30
outlets.csv,442,OA0441,Onboarded,coerced,'17/05/2021' parsed as %d/%m/%Y
outlets.csv,443,OA0442,Status,coerced,'dormant' -> Dormant
outlets.csv,443,OA0442,Credit Days,blank,Credit terms not recorded
outlets.csv,443,OA0442,Phone,coerced,'+91 96619 57325' -> stripped +91 prefix
outlets.csv,443,OA0442,Onboarded,coerced,'28-Jul-21' parsed as %d-%b-%y
outlets.csv,444,OA0443,Credit Days,blank,Credit terms not recorded
outlets.csv,444,OA0443,Onboarded,coerced,'21/11/2019' parsed as %d/%m/%Y
outlets.csv,445,OA0444,Status,coerced,'dormant' -> Dormant
outlets.csv,445,OA0444,Credit Days,coerced,'30 days' -> 30
outlets.csv,445,OA0444,Onboarded,coerced,'01/05/2021' parsed as %d/%m/%Y
outlets.csv,446,OA0445,Town,coerced,'Tanjore' -> Thanjavur
outlets.csv,447,OA0446,Onboarded,coerced,'27/12/2023' parsed as %d/%m/%Y
outlets.csv,448,OA0447,Phone,coerced,'917284772315' -> stripped +91 prefix
outlets.csv,448,OA0447,Onboarded,coerced,'11-Mar-22' parsed as %d-%b-%y
outlets.csv,449,OA0448,Credit Days,blank,Credit terms not recorded
outlets.csv,449,OA0448,Phone,coerced,
outlets.csv,449,OA0448,Onboarded,coerced,'27-Sep-22' parsed as %d-%b-%y
outlets.csv,449,OA0448,Latitude,blank,Latitude not recorded
outlets.csv,449,OA0448,Longitude,blank,Longitude not recorded
outlets.csv,450,OA0449,Phone,blank,No phone on file
outlets.csv,450,OA0449,Onboarded,coerced,'09-Jun-21' parsed as %d-%b-%y
outlets.csv,451,OA0450,Credit Days,coerced,COD -> 0 credit days
outlets.csv,451,OA0450,Onboarded,coerced,'13/10/2023' parsed as %d/%m/%Y
outlets.csv,453,OA0452,Status,blank,Status not recorded
outlets.csv,453,OA0452,Phone,coerced,
outlets.csv,453,OA0452,Onboarded,coerced,'04/10/2019' parsed as %d/%m/%Y
outlets.csv,454,OA0453,Town,coerced,'Tanjore' -> Thanjavur
outlets.csv,454,OA0453,Status,coerced,'active' -> Active
outlets.csv,454,OA0453,Credit Days,blank,Credit terms not recorded
outlets.csv,454,OA0453,Phone,coerced,'918903200407' -> stripped +91 prefix
outlets.csv,454,OA0453,Onboarded,coerced,'20/06/2022' parsed as %d/%m/%Y
outlets.csv,455,OA0454,Onboarded,coerced,'22-Apr-21' parsed as %d-%b-%y
outlets.csv,456,OA0455,Phone,coerced,
outlets.csv,457,OA0456,Onboarded,coerced,'15-Aug-19' parsed as %d-%b-%y
outlets.csv,458,OA0457,Phone,blank,No phone on file
outlets.csv,458,OA0457,Onboarded,coerced,'11-Oct-20' parsed as %d-%b-%y
outlets.csv,459,OA0458,Town,coerced,'Tiruchirappalli' -> Trichy
outlets.csv,459,OA0458,Phone,blank,No phone on file
outlets.csv,460,OA0459,Status,coerced,'dormant' -> Dormant
outlets.csv,460,OA0459,Credit Days,blank,Credit terms not recorded
outlets.csv,460,OA0459,Phone,blank,No phone on file
outlets.csv,460,OA0459,Onboarded,coerced,'28/06/2019' parsed as %d/%m/%Y
outlets.csv,461,OA0460,Town,coerced,'Mdu' -> Madurai
outlets.csv,461,OA0460,Phone,coerced,
outlets.csv,462,OA0461,Status,coerced,'ACTIVE' -> Active
outlets.csv,462,OA0461,Credit Days,coerced,COD -> 0 credit days
outlets.csv,463,OA0462,Status,coerced,'ACTIVE' -> Active
outlets.csv,463,OA0462,Phone,blank,No phone on file
outlets.csv,463,OA0462,Onboarded,coerced,'10/03/2020' parsed as %d/%m/%Y
outlets.csv,465,OA0464,Credit Days,coerced,'30 days' -> 30
outlets.csv,465,OA0464,Onboarded,coerced,'31-Dec-23' parsed as %d-%b-%y
outlets.csv,466,OA0465,Credit Days,blank,Credit terms not recorded
outlets.csv,466,OA0465,Onboarded,coerced,'21-May-23' parsed as %d-%b-%y
outlets.csv,467,OA0466,Phone,coerced,'+91 65251 05935' -> stripped +91 prefix
outlets.csv,467,OA0466,Latitude,blank,Latitude not recorded
outlets.csv,467,OA0466,Longitude,blank,Longitude not recorded
outlets.csv,468,OA0467,Onboarded,coerced,'16/07/2019' parsed as %d/%m/%Y
outlets.csv,469,OA0468,Status,coerced,'ACTIVE' -> Active
outlets.csv,470,OA0469,Town,coerced,'Tanjore' -> Thanjavur
outlets.csv,470,OA0469,Status,blank,Status not recorded
outlets.csv,470,OA0469,Onboarded,coerced,'12-Sep-22' parsed as %d-%b-%y
outlets.csv,471,OA0470,Status,coerced,'dormant' -> Dormant
outlets.csv,471,OA0470,Credit Days,coerced,'30 days' -> 30
outlets.csv,472,OA0471,Onboarded,coerced,'02/03/2025' parsed as %d/%m/%Y
outlets.csv,473,OA0472,Phone,coerced,
outlets.csv,473,OA0472,Onboarded,coerced,'10-Nov-24' parsed as %d-%b-%y
outlets.csv,474,OA0473,Status,blank,Status not recorded
outlets.csv,474,OA0473,Onboarded,coerced,'11/11/2022' parsed as %d/%m/%Y
outlets.csv,475,OA0474,Onboarded,coerced,'30-Sep-20' parsed as %d-%b-%y
outlets.csv,476,OA0475,Status,coerced,'active' -> Active
outlets.csv,476,OA0475,Credit Days,coerced,'30 days' -> 30
outlets.csv,476,OA0475,Onboarded,coerced,'07-Jan-22' parsed as %d-%b-%y
outlets.csv,477,OA0476,Onboarded,coerced,'17/02/2024' parsed as %d/%m/%Y
outlets.csv,477,OA0476,Latitude,blank,Latitude not recorded
outlets.csv,477,OA0476,Longitude,blank,Longitude not recorded
outlets.csv,478,OA0477,Credit Days,coerced,'30 days' -> 30
outlets.csv,478,OA0477,Onboarded,coerced,'22-Nov-21' parsed as %d-%b-%y
outlets.csv,479,OA0478,Onboarded,coerced,'09/10/2024' parsed as %d/%m/%Y
outlets.csv,480,OA0479,Credit Days,coerced,'30 days' -> 30
outlets.csv,480,OA0479,Onboarded,coerced,'21/09/2023' parsed as %d/%m/%Y
outlets.csv,481,OA0480,Credit Days,blank,Credit terms not recorded
outlets.csv,481,OA0480,Phone,coerced,'+91 98002 14628' -> stripped +91 prefix
outlets.csv,481,OA0480,Onboarded,coerced,'11/09/2020' parsed as %d/%m/%Y
outlets.csv,482,OA0481,Status,blank,Status not recorded
outlets.csv,482,OA0481,Credit Days,coerced,'30 days' -> 30
outlets.csv,482,OA0481,Phone,coerced,
outlets.csv,482,OA0481,Onboarded,coerced,'09-Feb-24' parsed as %d-%b-%y
outlets.csv,483,OA0482,Town,coerced,'Mdu' -> Madurai
outlets.csv,483,OA0482,Credit Days,coerced,'30 days' -> 30
outlets.csv,483,OA0482,Onboarded,coerced,'05/02/2022' parsed as %d/%m/%Y
outlets.csv,484,OA0483,Credit Days,coerced,COD -> 0 credit days
outlets.csv,484,OA0483,Phone,coerced,
outlets.csv,485,OA0484,Status,coerced,'ACTIVE' -> Active
outlets.csv,485,OA0484,Onboarded,coerced,'19/05/2021' parsed as %d/%m/%Y
outlets.csv,486,OA0485,Status,coerced,'active' -> Active
outlets.csv,486,OA0485,Credit Days,blank,Credit terms not recorded
outlets.csv,486,OA0485,Onboarded,coerced,'29/01/2020' parsed as %d/%m/%Y
outlets.csv,487,OA0486,Town,coerced,'Tiruppur' -> Tirupur
outlets.csv,487,OA0486,Status,coerced,'ACTIVE' -> Active
outlets.csv,487,OA0486,Onboarded,coerced,'11/09/2021' parsed as %d/%m/%Y
outlets.csv,488,OA0487,Town,coerced,'Madras' -> Chennai
outlets.csv,488,OA0487,Onboarded,coerced,'17/05/2025' parsed as %d/%m/%Y
outlets.csv,489,OA0488,Status,coerced,'ACTIVE' -> Active
outlets.csv,489,OA0488,Credit Days,coerced,COD -> 0 credit days
outlets.csv,489,OA0488,Onboarded,coerced,'23/07/2020' parsed as %d/%m/%Y
outlets.csv,490,OA0489,Town,coerced,'CBE' -> Coimbatore
outlets.csv,490,OA0489,Status,coerced,'active' -> Active
outlets.csv,490,OA0489,Credit Days,blank,Credit terms not recorded
outlets.csv,490,OA0489,Onboarded,coerced,'29/06/2019' parsed as %d/%m/%Y
outlets.csv,491,OA0490,Status,blank,Status not recorded
outlets.csv,491,OA0490,Credit Days,coerced,COD -> 0 credit days
outlets.csv,492,OA0491,Status,coerced,'ACTIVE' -> Active
outlets.csv,492,OA0491,Phone,coerced,'+91 74566 47689' -> stripped +91 prefix
outlets.csv,493,OA0492,Onboarded,coerced,'30/10/2024' parsed as %d/%m/%Y
outlets.csv,494,OA0493,Credit Days,blank,Credit terms not recorded
outlets.csv,494,OA0493,Phone,coerced,'+91 90098 42715' -> stripped +91 prefix
outlets.csv,495,OA0494,Onboarded,coerced,'01/06/2025' parsed as %d/%m/%Y
outlets.csv,496,OA0495,Status,blank,Status not recorded
outlets.csv,496,OA0495,Credit Days,coerced,'30 days' -> 30
outlets.csv,497,OA0496,Town,coerced,'Nellai' -> Tirunelveli
outlets.csv,497,OA0496,Phone,coerced,'+91 95933 49568' -> stripped +91 prefix
outlets.csv,497,OA0496,Onboarded,coerced,'19/11/2023' parsed as %d/%m/%Y
outlets.csv,498,OA0497,Onboarded,coerced,'21-Jun-24' parsed as %d-%b-%y
outlets.csv,498,OA0497,Latitude,blank,Latitude not recorded
outlets.csv,498,OA0497,Longitude,blank,Longitude not recorded
outlets.csv,499,OA0498,Town,coerced,'Mdu' -> Madurai
outlets.csv,499,OA0498,Phone,coerced,
outlets.csv,500,OA0499,Onboarded,coerced,'01-Apr-21' parsed as %d-%b-%y
outlets.csv,501,OA0500,Onboarded,coerced,'26/04/2022' parsed as %d/%m/%Y
outlets.csv,501,OA0500,Latitude,blank,Latitude not recorded
outlets.csv,501,OA0500,Longitude,blank,Longitude not recorded
outlets.csv,502,OA0501,Credit Days,coerced,COD -> 0 credit days
outlets.csv,503,OA0502,Status,coerced,'dormant' -> Dormant
outlets.csv,503,OA0502,Credit Days,blank,Credit terms not recorded
outlets.csv,503,OA0502,Phone,coerced,'+91 90866 18663' -> stripped +91 prefix
outlets.csv,504,OA0503,Status,blank,Status not recorded
outlets.csv,505,OA0504,Onboarded,coerced,'01-May-21' parsed as %d-%b-%y
outlets.csv,506,OA0505,Credit Days,blank,Credit terms not recorded
outlets.csv,506,OA0505,Onboarded,coerced,'22-Jul-22' parsed as %d-%b-%y
outlets.csv,507,OA0506,Credit Days,coerced,'30 days' -> 30
outlets.csv,507,OA0506,Onboarded,coerced,'23/08/2024' parsed as %d/%m/%Y
outlets.csv,507,OA0506,Latitude,blank,Latitude not recorded
outlets.csv,507,OA0506,Longitude,blank,Longitude not recorded
outlets.csv,508,OA0507,Phone,blank,No phone on file
outlets.csv,508,OA0507,Onboarded,coerced,'06/01/2024' parsed as %d/%m/%Y
outlets.csv,509,OA0508,Phone,coerced,'+91 67731 90102' -> stripped +91 prefix
outlets.csv,509,OA0508,Onboarded,coerced,'29/07/2023' parsed as %d/%m/%Y
outlets.csv,510,OA0509,Onboarded,coerced,'20/08/2022' parsed as %d/%m/%Y
outlets.csv,511,OA0510,Onboarded,coerced,'10/09/2019' parsed as %d/%m/%Y
outlets.csv,512,OA0511,Credit Days,blank,Credit terms not recorded
outlets.csv,512,OA0511,Onboarded,coerced,'21/04/2024' parsed as %d/%m/%Y
outlets.csv,514,OA0513,Credit Days,coerced,COD -> 0 credit days
outlets.csv,514,OA0513,Onboarded,coerced,'09/07/2023' parsed as %d/%m/%Y
outlets.csv,516,OA0515,Status,blank,Status not recorded
outlets.csv,516,OA0515,Credit Days,coerced,COD -> 0 credit days
outlets.csv,517,OA0516,Credit Days,blank,Credit terms not recorded
outlets.csv,517,OA0516,Phone,blank,No phone on file
outlets.csv,518,OA0517,Phone,coerced,'+91 65787 03321' -> stripped +91 prefix
outlets.csv,518,OA0517,Onboarded,coerced,'20/05/2023' parsed as %d/%m/%Y
outlets.csv,519,OA0518,Onboarded,coerced,'21/10/2021' parsed as %d/%m/%Y
outlets.csv,520,OA0519,Town,coerced,'Cbe' -> Coimbatore
outlets.csv,520,OA0519,Status,coerced,'ACTIVE' -> Active
outlets.csv,520,OA0519,Phone,coerced,'+91 77918 65921' -> stripped +91 prefix
outlets.csv,521,OA0520,Phone,blank,No phone on file
outlets.csv,522,OA0521,Status,coerced,'active' -> Active
outlets.csv,522,OA0521,Latitude,blank,Latitude not recorded
outlets.csv,522,OA0521,Longitude,blank,Longitude not recorded
outlets.csv,523,OA0522,Status,coerced,'ACTIVE' -> Active
outlets.csv,523,OA0522,Credit Days,coerced,'30 days' -> 30
outlets.csv,524,OA0523,Town,coerced,'CBE' -> Coimbatore
outlets.csv,524,OA0523,Credit Days,coerced,'30 days' -> 30
outlets.csv,525,OA0524,Onboarded,coerced,'31/12/2020' parsed as %d/%m/%Y
outlets.csv,526,OA0525,Status,coerced,'dormant' -> Dormant
outlets.csv,526,OA0525,Phone,blank,No phone on file
outlets.csv,526,OA0525,Onboarded,coerced,'03/01/2021' parsed as %d/%m/%Y
outlets.csv,527,OA0526,Credit Days,coerced,'30 days' -> 30
outlets.csv,527,OA0526,Phone,blank,No phone on file
outlets.csv,527,OA0526,Onboarded,coerced,'25/04/2021' parsed as %d/%m/%Y
outlets.csv,528,OA0527,Town,coerced,'Cbe' -> Coimbatore
outlets.csv,528,OA0527,Credit Days,blank,Credit terms not recorded
outlets.csv,528,OA0527,Phone,blank,No phone on file
outlets.csv,528,OA0527,Onboarded,coerced,'29-Oct-20' parsed as %d-%b-%y
outlets.csv,529,OA0528,Onboarded,coerced,'13-Sep-21' parsed as %d-%b-%y
outlets.csv,530,OA0529,Latitude,blank,Latitude not recorded
outlets.csv,530,OA0529,Longitude,blank,Longitude not recorded
outlets.csv,531,OA0530,Town,coerced,'Tiruchirappalli' -> Trichy
outlets.csv,531,OA0530,Status,coerced,'active' -> Active
outlets.csv,531,OA0530,Onboarded,coerced,'08/02/2023' parsed as %d/%m/%Y
outlets.csv,532,OA0531,Credit Days,blank,Credit terms not recorded
outlets.csv,532,OA0531,Phone,coerced,'+91 87917 41542' -> stripped +91 prefix
outlets.csv,532,OA0531,Onboarded,coerced,'24/07/2024' parsed as %d/%m/%Y
outlets.csv,533,OA0532,Phone,coerced,'+91 74723 42490' -> stripped +91 prefix
outlets.csv,533,OA0532,Onboarded,coerced,'06/01/2021' parsed as %d/%m/%Y
outlets.csv,534,OA0533,Onboarded,coerced,'01/09/2022' parsed as %d/%m/%Y
outlets.csv,535,OA0534,Status,coerced,'dormant' -> Dormant
outlets.csv,535,OA0534,Onboarded,coerced,'01-Dec-24' parsed as %d-%b-%y
outlets.csv,536,OA0535,Status,coerced,'ACTIVE' -> Active
outlets.csv,537,OA0536,Status,coerced,'dormant' -> Dormant
outlets.csv,537,OA0536,Phone,blank,No phone on file
outlets.csv,537,OA0536,Onboarded,coerced,'05-Jan-25' parsed as %d-%b-%y
outlets.csv,537,OA0536,Latitude,blank,Latitude not recorded
outlets.csv,537,OA0536,Longitude,blank,Longitude not recorded
outlets.csv,538,OA0537,Status,blank,Status not recorded
outlets.csv,538,OA0537,Phone,coerced,'+91 69323 00001' -> stripped +91 prefix
outlets.csv,538,OA0537,Onboarded,coerced,'15-May-24' parsed as %d-%b-%y
outlets.csv,539,OA0538,Status,coerced,'active' -> Active
outlets.csv,539,OA0538,Onboarded,coerced,'19/12/2019' parsed as %d/%m/%Y
outlets.csv,540,OA0539,Town,coerced,'Madras' -> Chennai
outlets.csv,540,OA0539,Status,coerced,'dormant' -> Dormant
outlets.csv,540,OA0539,Phone,coerced,
outlets.csv,541,OA0540,Status,coerced,'ACTIVE' -> Active
outlets.csv,541,OA0540,Credit Days,coerced,'30 days' -> 30
outlets.csv,541,OA0540,Onboarded,coerced,'25/10/2022' parsed as %d/%m/%Y
outlets.csv,542,OA0541,Credit Days,coerced,COD -> 0 credit days
outlets.csv,543,OA0542,Status,coerced,'ACTIVE' -> Active
outlets.csv,543,OA0542,Phone,blank,No phone on file
outlets.csv,543,OA0542,Onboarded,coerced,'18/04/2024' parsed as %d/%m/%Y
outlets.csv,544,OA0543,Status,blank,Status not recorded
outlets.csv,544,OA0543,Credit Days,blank,Credit terms not recorded
outlets.csv,544,OA0543,Phone,coerced,'919061623338' -> stripped +91 prefix
outlets.csv,545,OA0544,Status,coerced,'ACTIVE' -> Active
outlets.csv,545,OA0544,Onboarded,coerced,'17/07/2024' parsed as %d/%m/%Y
outlets.csv,546,OA0545,Onboarded,coerced,'24/09/2023' parsed as %d/%m/%Y
outlets.csv,547,OA0546,Credit Days,coerced,'30 days' -> 30
outlets.csv,547,OA0546,Phone,coerced,
outlets.csv,548,OA0547,Phone,coerced,
outlets.csv,548,OA0547,Onboarded,coerced,'29/11/2023' parsed as %d/%m/%Y
outlets.csv,549,OA0548,Status,blank,Status not recorded
outlets.csv,549,OA0548,Credit Days,coerced,'30 days' -> 30
outlets.csv,549,OA0548,Onboarded,coerced,'17/02/2024' parsed as %d/%m/%Y
outlets.csv,550,OA0549,Status,coerced,'dormant' -> Dormant
outlets.csv,550,OA0549,Credit Days,coerced,'30 days' -> 30
outlets.csv,550,OA0549,Onboarded,coerced,'25/07/2024' parsed as %d/%m/%Y
outlets.csv,551,OA0550,Phone,coerced,'+91 98997 11498' -> stripped +91 prefix
outlets.csv,551,OA0550,Onboarded,coerced,'26/10/2023' parsed as %d/%m/%Y
outlets.csv,552,OA0551,Credit Days,blank,Credit terms not recorded
outlets.csv,553,OA0552,Phone,coerced,'918609405818' -> stripped +91 prefix
outlets.csv,553,OA0552,Onboarded,coerced,'15/04/2025' parsed as %d/%m/%Y
outlets.csv,554,OA0553,Phone,coerced,'+91 87380 98358' -> stripped +91 prefix
outlets.csv,554,OA0553,Onboarded,coerced,'22/10/2022' parsed as %d/%m/%Y
outlets.csv,554,OA0553,Latitude,blank,Latitude not recorded
outlets.csv,554,OA0553,Longitude,blank,Longitude not recorded
outlets.csv,555,OA0554,Status,blank,Status not recorded
outlets.csv,555,OA0554,Credit Days,coerced,COD -> 0 credit days
outlets.csv,555,OA0554,Onboarded,coerced,'21/06/2019' parsed as %d/%m/%Y
outlets.csv,558,OA0557,Credit Days,coerced,'30 days' -> 30
outlets.csv,559,OA0558,Town,coerced,'Mdu' -> Madurai
outlets.csv,559,OA0558,Credit Days,coerced,COD -> 0 credit days
outlets.csv,559,OA0558,Phone,blank,No phone on file
outlets.csv,560,OA0559,Status,coerced,'dormant' -> Dormant
outlets.csv,560,OA0559,Credit Days,blank,Credit terms not recorded
outlets.csv,560,OA0559,Onboarded,coerced,'11/09/2021' parsed as %d/%m/%Y
outlets.csv,560,OA0559,Latitude,blank,Latitude not recorded
outlets.csv,560,OA0559,Longitude,blank,Longitude not recorded
outlets.csv,561,OA0560,Status,coerced,'dormant' -> Dormant
outlets.csv,561,OA0560,Onboarded,coerced,'13/05/2020' parsed as %d/%m/%Y
outlets.csv,561,OA0560,Latitude,blank,Latitude not recorded
outlets.csv,561,OA0560,Longitude,blank,Longitude not recorded
outlets.csv,562,OA0561,Status,coerced,'dormant' -> Dormant
outlets.csv,562,OA0561,Credit Days,coerced,'30 days' -> 30
outlets.csv,562,OA0561,Onboarded,coerced,'16/08/2022' parsed as %d/%m/%Y
outlets.csv,563,OA0562,Town,coerced,'Mdu' -> Madurai
outlets.csv,563,OA0562,Status,coerced,'dormant' -> Dormant
outlets.csv,563,OA0562,Credit Days,coerced,COD -> 0 credit days
outlets.csv,563,OA0562,Phone,blank,No phone on file
outlets.csv,563,OA0562,Onboarded,coerced,'19/07/2023' parsed as %d/%m/%Y
outlets.csv,564,OA0563,Credit Days,blank,Credit terms not recorded
outlets.csv,564,OA0563,Phone,blank,No phone on file
outlets.csv,565,OA0564,Status,coerced,'active' -> Active
outlets.csv,565,OA0564,Phone,blank,No phone on file
outlets.csv,565,OA0564,Onboarded,coerced,'10-Oct-21' parsed as %d-%b-%y
outlets.csv,566,OA0565,Status,blank,Status not recorded
outlets.csv,566,OA0565,Phone,coerced,'+91 62545 23998' -> stripped +91 prefix
outlets.csv,566,OA0565,Onboarded,coerced,'01/04/2023' parsed as %d/%m/%Y
outlets.csv,567,OA0566,Phone,blank,No phone on file
outlets.csv,568,OA0567,Credit Days,coerced,COD -> 0 credit days
outlets.csv,568,OA0567,Onboarded,coerced,'31/05/2023' parsed as %d/%m/%Y
outlets.csv,569,OA0568,Status,coerced,'ACTIVE' -> Active
outlets.csv,569,OA0568,Onboarded,coerced,'23-Feb-21' parsed as %d-%b-%y
outlets.csv,570,OA0569,Status,coerced,'dormant' -> Dormant
outlets.csv,570,OA0569,Onboarded,coerced,'20-Sep-21' parsed as %d-%b-%y
outlets.csv,571,OA0570,Status,coerced,'ACTIVE' -> Active
outlets.csv,571,OA0570,Onboarded,coerced,'23/11/2022' parsed as %d/%m/%Y
outlets.csv,572,OA0571,Status,coerced,'active' -> Active
outlets.csv,573,OA0572,Status,blank,Status not recorded
outlets.csv,573,OA0572,Credit Days,coerced,'30 days' -> 30
outlets.csv,573,OA0572,Onboarded,coerced,'19/08/2019' parsed as %d/%m/%Y
outlets.csv,573,OA0572,Latitude,blank,Latitude not recorded
outlets.csv,573,OA0572,Longitude,blank,Longitude not recorded
outlets.csv,574,OA0573,Status,coerced,'active' -> Active
outlets.csv,574,OA0573,Credit Days,blank,Credit terms not recorded
outlets.csv,574,OA0573,Onboarded,coerced,'12/03/2024' parsed as %d/%m/%Y
outlets.csv,575,OA0574,Town,coerced,'Tiruchirappalli' -> Trichy
outlets.csv,575,OA0574,Status,blank,Status not recorded
outlets.csv,575,OA0574,Onboarded,coerced,'31/07/2020' parsed as %d/%m/%Y
outlets.csv,576,OA0575,Credit Days,blank,Credit terms not recorded
outlets.csv,576,OA0575,Onboarded,coerced,'14/06/2023' parsed as %d/%m/%Y
outlets.csv,577,OA0576,Phone,coerced,
outlets.csv,578,OA0577,Status,coerced,'dormant' -> Dormant
outlets.csv,578,OA0577,Credit Days,blank,Credit terms not recorded
outlets.csv,578,OA0577,Phone,blank,No phone on file
outlets.csv,579,OA0578,Status,blank,Status not recorded
outlets.csv,579,OA0578,Credit Days,coerced,'30 days' -> 30
outlets.csv,579,OA0578,Onboarded,coerced,'01/05/2022' parsed as %d/%m/%Y
outlets.csv,580,OA0579,Phone,blank,No phone on file
outlets.csv,580,OA0579,Onboarded,coerced,'30/05/2025' parsed as %d/%m/%Y
outlets.csv,581,OA0580,Status,blank,Status not recorded
outlets.csv,581,OA0580,Credit Days,coerced,COD -> 0 credit days
outlets.csv,581,OA0580,Onboarded,coerced,'30-Mar-20' parsed as %d-%b-%y
outlets.csv,581,OA0580,Latitude,blank,Latitude not recorded
outlets.csv,581,OA0580,Longitude,blank,Longitude not recorded
outlets.csv,582,OA0581,Credit Days,coerced,'30 days' -> 30
outlets.csv,582,OA0581,Onboarded,coerced,'30-Jan-22' parsed as %d-%b-%y
outlets.csv,583,OA0582,Credit Days,coerced,COD -> 0 credit days
outlets.csv,583,OA0582,Onboarded,coerced,'26/09/2020' parsed as %d/%m/%Y
outlets.csv,584,OA0583,Phone,blank,No phone on file
outlets.csv,585,OA0584,Onboarded,coerced,'25-Dec-19' parsed as %d-%b-%y
outlets.csv,586,OA0585,Onboarded,coerced,'16/12/2020' parsed as %d/%m/%Y
outlets.csv,587,OA0586,Town,coerced,'Tanjore' -> Thanjavur
outlets.csv,587,OA0586,Credit Days,coerced,COD -> 0 credit days
outlets.csv,587,OA0586,Phone,coerced,'+91 70374 03793' -> stripped +91 prefix
outlets.csv,587,OA0586,Onboarded,coerced,'18/07/2022' parsed as %d/%m/%Y
outlets.csv,587,OA0586,Latitude,blank,Latitude not recorded
outlets.csv,587,OA0586,Longitude,blank,Longitude not recorded
outlets.csv,588,OA0587,Status,blank,Status not recorded
outlets.csv,588,OA0587,Phone,coerced,'919137410445' -> stripped +91 prefix
outlets.csv,588,OA0587,Onboarded,coerced,'01/09/2024' parsed as %d/%m/%Y
outlets.csv,589,OA0588,Onboarded,coerced,'09-Oct-21' parsed as %d-%b-%y
outlets.csv,590,OA0589,Credit Days,blank,Credit terms not recorded
outlets.csv,590,OA0589,Phone,coerced,'+91 84846 08435' -> stripped +91 prefix
outlets.csv,592,OA0591,Status,coerced,'dormant' -> Dormant
outlets.csv,592,OA0591,Phone,coerced,'+91 98480 45866' -> stripped +91 prefix
outlets.csv,592,OA0591,Onboarded,coerced,'25/12/2020' parsed as %d/%m/%Y
outlets.csv,593,OA0592,Town,coerced,'Mdu' -> Madurai
outlets.csv,593,OA0592,Status,blank,Status not recorded
outlets.csv,593,OA0592,Credit Days,blank,Credit terms not recorded
outlets.csv,593,OA0592,Phone,coerced,'917419465449' -> stripped +91 prefix
outlets.csv,593,OA0592,Onboarded,coerced,'12/10/2020' parsed as %d/%m/%Y
outlets.csv,593,OA0592,Latitude,blank,Latitude not recorded
outlets.csv,593,OA0592,Longitude,blank,Longitude not recorded
outlets.csv,594,OA0593,Status,coerced,'active' -> Active
outlets.csv,594,OA0593,Credit Days,coerced,COD -> 0 credit days
outlets.csv,594,OA0593,Phone,coerced,'+91 84445 51948' -> stripped +91 prefix
outlets.csv,595,OA0594,Credit Days,coerced,'30 days' -> 30
outlets.csv,595,OA0594,Phone,blank,No phone on file
outlets.csv,595,OA0594,Onboarded,coerced,'19/10/2022' parsed as %d/%m/%Y
outlets.csv,596,OA0595,Credit Days,blank,Credit terms not recorded
outlets.csv,596,OA0595,Phone,blank,No phone on file
outlets.csv,596,OA0595,Onboarded,coerced,'17/10/2020' parsed as %d/%m/%Y
outlets.csv,597,OA0596,Status,blank,Status not recorded
outlets.csv,597,OA0596,Onboarded,coerced,'08-Feb-24' parsed as %d-%b-%y
outlets.csv,599,OA0598,Credit Days,coerced,COD -> 0 credit days
outlets.csv,599,OA0598,Phone,coerced,
outlets.csv,599,OA0598,Onboarded,coerced,'07/05/2021' parsed as %d/%m/%Y
outlets.csv,600,OA0599,Onboarded,coerced,'19/08/2023' parsed as %d/%m/%Y
outlets.csv,601,OA0600,Status,coerced,'ACTIVE' -> Active
outlets.csv,601,OA0600,Onboarded,coerced,'21/10/2020' parsed as %d/%m/%Y
outlets.csv,602,OA0601,Status,coerced,'active' -> Active
outlets.csv,602,OA0601,Credit Days,coerced,'30 days' -> 30
outlets.csv,602,OA0601,Phone,blank,No phone on file
outlets.csv,602,OA0601,Onboarded,coerced,'18/12/2024' parsed as %d/%m/%Y
outlets.csv,603,OA0602,Status,coerced,'ACTIVE' -> Active
outlets.csv,603,OA0602,Phone,blank,No phone on file
outlets.csv,603,OA0602,Onboarded,coerced,'09/06/2025' parsed as %d/%m/%Y
outlets.csv,604,OA0603,Status,coerced,'ACTIVE' -> Active
outlets.csv,604,OA0603,Credit Days,blank,Credit terms not recorded
outlets.csv,606,OA0605,Status,coerced,'dormant' -> Dormant
outlets.csv,606,OA0605,Onboarded,coerced,'05/03/2023' parsed as %d/%m/%Y
outlets.csv,607,OA0606,Status,coerced,'active' -> Active
outlets.csv,607,OA0606,Credit Days,coerced,COD -> 0 credit days
outlets.csv,607,OA0606,Onboarded,coerced,'19/07/2021' parsed as %d/%m/%Y
outlets.csv,608,OA0607,Town,coerced,'Tiruchirappalli' -> Trichy
outlets.csv,608,OA0607,Status,coerced,'ACTIVE' -> Active
outlets.csv,608,OA0607,Phone,coerced,
outlets.csv,608,OA0607,Onboarded,coerced,'25-Sep-22' parsed as %d-%b-%y
outlets.csv,610,OA0609,Credit Days,blank,Credit terms not recorded
outlets.csv,610,OA0609,Onboarded,coerced,'09-Mar-20' parsed as %d-%b-%y
outlets.csv,611,OA0610,Status,blank,Status not recorded
outlets.csv,611,OA0610,Phone,coerced,
outlets.csv,611,OA0610,Onboarded,coerced,'01/01/2023' parsed as %d/%m/%Y
outlets.csv,612,OA0611,Status,blank,Status not recorded
outlets.csv,612,OA0611,Phone,coerced,
outlets.csv,613,OA0612,Status,blank,Status not recorded
outlets.csv,613,OA0612,Credit Days,coerced,COD -> 0 credit days
outlets.csv,613,OA0612,Phone,coerced,
outlets.csv,614,OA0613,Onboarded,coerced,'20/12/2023' parsed as %d/%m/%Y
outlets.csv,615,OA0614,Status,coerced,'dormant' -> Dormant
outlets.csv,616,OA0615,Town,coerced,'Tiruppur' -> Tirupur
outlets.csv,616,OA0615,Status,coerced,'ACTIVE' -> Active
outlets.csv,616,OA0615,Credit Days,coerced,'30 days' -> 30
outlets.csv,617,OA0616,Credit Days,blank,Credit terms not recorded
outlets.csv,617,OA0616,Onboarded,coerced,'06/10/2024' parsed as %d/%m/%Y
outlets.csv,617,OA0616,Latitude,blank,Latitude not recorded
outlets.csv,617,OA0616,Longitude,blank,Longitude not recorded
outlets.csv,618,OA0617,Credit Days,blank,Credit terms not recorded
outlets.csv,618,OA0617,Phone,blank,No phone on file
outlets.csv,619,OA0618,Credit Days,blank,Credit terms not recorded
outlets.csv,619,OA0618,Phone,coerced,'+91 71274 33554' -> stripped +91 prefix
outlets.csv,620,OA0619,Status,coerced,'active' -> Active
outlets.csv,620,OA0619,Onboarded,coerced,'30/03/2020' parsed as %d/%m/%Y
outlets.csv,621,OA0620,Phone,coerced,'919057825982' -> stripped +91 prefix
outlets.csv,621,OA0620,Onboarded,coerced,'17-May-22' parsed as %d-%b-%y
outlets.csv,622,OA0621,Status,coerced,'dormant' -> Dormant
outlets.csv,622,OA0621,Credit Days,coerced,'30 days' -> 30
outlets.csv,622,OA0621,Onboarded,coerced,'09-Oct-20' parsed as %d-%b-%y
outlets.csv,623,OA0622,Status,coerced,'ACTIVE' -> Active
outlets.csv,623,OA0622,Credit Days,coerced,'30 days' -> 30
outlets.csv,623,OA0622,Onboarded,coerced,'03/11/2019' parsed as %d/%m/%Y
outlets.csv,624,OA0623,Town,coerced,'CBE' -> Coimbatore
outlets.csv,624,OA0623,Onboarded,coerced,'26/06/2023' parsed as %d/%m/%Y
outlets.csv,625,OA0624,Town,coerced,'CBE' -> Coimbatore
outlets.csv,625,OA0624,Onboarded,coerced,'17/01/2022' parsed as %d/%m/%Y
outlets.csv,626,OA0625,Status,coerced,'dormant' -> Dormant
outlets.csv,626,OA0625,Credit Days,blank,Credit terms not recorded
outlets.csv,626,OA0625,Onboarded,coerced,'13/03/2025' parsed as %d/%m/%Y
outlets.csv,627,OA0626,Status,coerced,'active' -> Active
outlets.csv,627,OA0626,Credit Days,coerced,COD -> 0 credit days
outlets.csv,627,OA0626,Onboarded,coerced,'03/06/2019' parsed as %d/%m/%Y
outlets.csv,628,OA0627,Phone,blank,No phone on file
outlets.csv,629,OA0628,Town,coerced,'Tanjore' -> Thanjavur
outlets.csv,629,OA0628,Status,blank,Status not recorded
outlets.csv,629,OA0628,Credit Days,coerced,COD -> 0 credit days
outlets.csv,629,OA0628,Phone,coerced,'+91 77076 79800' -> stripped +91 prefix
outlets.csv,629,OA0628,Onboarded,coerced,'29-Nov-19' parsed as %d-%b-%y
outlets.csv,630,OA0629,Status,coerced,'ACTIVE' -> Active
outlets.csv,630,OA0629,Credit Days,coerced,COD -> 0 credit days
outlets.csv,630,OA0629,Onboarded,coerced,'03/04/2022' parsed as %d/%m/%Y
outlets.csv,631,OA0630,Status,coerced,'ACTIVE' -> Active
outlets.csv,631,OA0630,Credit Days,coerced,'30 days' -> 30
outlets.csv,631,OA0630,Onboarded,coerced,'18/06/2024' parsed as %d/%m/%Y
outlets.csv,632,OA0631,Phone,coerced,
outlets.csv,632,OA0631,Onboarded,coerced,'22/05/2021' parsed as %d/%m/%Y
outlets.csv,633,OA0632,Credit Days,coerced,COD -> 0 credit days
outlets.csv,633,OA0632,Phone,blank,No phone on file
outlets.csv,634,OA0633,Credit Days,blank,Credit terms not recorded
outlets.csv,634,OA0633,Onboarded,coerced,'06/12/2024' parsed as %d/%m/%Y
outlets.csv,635,OA0634,Town,coerced,'Nellai' -> Tirunelveli
outlets.csv,635,OA0634,Credit Days,blank,Credit terms not recorded
outlets.csv,635,OA0634,Phone,blank,No phone on file
outlets.csv,635,OA0634,Onboarded,coerced,'17/11/2022' parsed as %d/%m/%Y
outlets.csv,636,OA0635,Credit Days,coerced,COD -> 0 credit days
outlets.csv,636,OA0635,Onboarded,coerced,'29/10/2022' parsed as %d/%m/%Y
outlets.csv,636,OA0635,Latitude,blank,Latitude not recorded
outlets.csv,636,OA0635,Longitude,blank,Longitude not recorded
outlets.csv,637,OA0636,Phone,coerced,'917410418137' -> stripped +91 prefix
outlets.csv,637,OA0636,Onboarded,coerced,'14/11/2023' parsed as %d/%m/%Y
outlets.csv,638,OA0637,Status,blank,Status not recorded
outlets.csv,638,OA0637,Onboarded,coerced,'08/01/2021' parsed as %d/%m/%Y
outlets.csv,639,OA0638,Onboarded,coerced,'08-Apr-25' parsed as %d-%b-%y
outlets.csv,640,OA0639,Status,coerced,'active' -> Active
outlets.csv,640,OA0639,Credit Days,coerced,'30 days' -> 30
outlets.csv,640,OA0639,Onboarded,coerced,'23-Apr-24' parsed as %d-%b-%y
outlets.csv,641,OA0640,Status,coerced,'active' -> Active
outlets.csv,641,OA0640,Onboarded,coerced,'02/01/2021' parsed as %d/%m/%Y
outlets.csv,642,OA0641,Status,coerced,'active' -> Active
outlets.csv,642,OA0641,Phone,coerced,
outlets.csv,643,OA0642,Credit Days,blank,Credit terms not recorded
outlets.csv,643,OA0642,Onboarded,coerced,'22-Feb-25' parsed as %d-%b-%y
outlets.csv,644,OA0643,Credit Days,blank,Credit terms not recorded
outlets.csv,644,OA0643,Onboarded,coerced,'05-Jun-19' parsed as %d-%b-%y
outlets.csv,645,OA0644,Credit Days,blank,Credit terms not recorded
outlets.csv,646,OA0645,Status,coerced,'dormant' -> Dormant
outlets.csv,646,OA0645,Credit Days,coerced,'30 days' -> 30
outlets.csv,647,OA0646,Phone,coerced,'+91 72996 13808' -> stripped +91 prefix
outlets.csv,647,OA0646,Onboarded,coerced,'16/01/2021' parsed as %d/%m/%Y
outlets.csv,648,OA0647,Phone,coerced,'+91 75381 31011' -> stripped +91 prefix
outlets.csv,648,OA0647,Onboarded,coerced,'03/07/2023' parsed as %d/%m/%Y
outlets.csv,649,OA0648,Status,coerced,'active' -> Active
outlets.csv,649,OA0648,Phone,coerced,'919783870549' -> stripped +91 prefix
outlets.csv,649,OA0648,Onboarded,coerced,'23/07/2019' parsed as %d/%m/%Y
outlets.csv,650,OA0649,Onboarded,coerced,'10/10/2023' parsed as %d/%m/%Y
outlets.csv,651,OA0650,Phone,coerced,
outlets.csv,651,OA0650,Onboarded,coerced,'01/04/2021' parsed as %d/%m/%Y
outlets.csv,652,OA0651,Town,coerced,'Tiruppur' -> Tirupur
outlets.csv,652,OA0651,Status,coerced,'ACTIVE' -> Active
outlets.csv,652,OA0651,Onboarded,coerced,'14-Jan-25' parsed as %d-%b-%y
outlets.csv,653,OA0652,Status,coerced,'ACTIVE' -> Active
outlets.csv,653,OA0652,Phone,coerced,'918159238050' -> stripped +91 prefix
outlets.csv,653,OA0652,Onboarded,coerced,'03/04/2025' parsed as %d/%m/%Y
outlets.csv,654,OA0653,Phone,coerced,'+91 71715 81263' -> stripped +91 prefix
outlets.csv,655,OA0654,Status,coerced,'dormant' -> Dormant
outlets.csv,655,OA0654,Phone,blank,No phone on file
outlets.csv,655,OA0654,Latitude,blank,Latitude not recorded
outlets.csv,655,OA0654,Longitude,blank,Longitude not recorded
outlets.csv,656,OA0655,Town,coerced,'CBE' -> Coimbatore
outlets.csv,656,OA0655,Status,coerced,'ACTIVE' -> Active
outlets.csv,656,OA0655,Phone,coerced,'+91 60084 21610' -> stripped +91 prefix
outlets.csv,656,OA0655,Onboarded,coerced,'27/09/2019' parsed as %d/%m/%Y
outlets.csv,657,OA0656,Onboarded,coerced,'03-Jan-22' parsed as %d-%b-%y
outlets.csv,658,OA0657,Town,coerced,'Mdu' -> Madurai
outlets.csv,658,OA0657,Phone,blank,No phone on file
outlets.csv,659,OA0658,Town,coerced,'Tanjore' -> Thanjavur
outlets.csv,659,OA0658,Status,blank,Status not recorded
outlets.csv,660,OA0659,Credit Days,coerced,COD -> 0 credit days
outlets.csv,660,OA0659,Onboarded,coerced,'15/06/2021' parsed as %d/%m/%Y
outlets.csv,661,OA0660,Status,coerced,'dormant' -> Dormant
outlets.csv,661,OA0660,Credit Days,coerced,'30 days' -> 30
outlets.csv,661,OA0660,Onboarded,coerced,'18/05/2020' parsed as %d/%m/%Y
outlets.csv,662,OA0661,Status,coerced,'dormant' -> Dormant
outlets.csv,662,OA0661,Onboarded,coerced,'05-Aug-20' parsed as %d-%b-%y
outlets.csv,663,OA0662,Town,coerced,'Tanjore' -> Thanjavur
outlets.csv,663,OA0662,Credit Days,blank,Credit terms not recorded
outlets.csv,663,OA0662,Onboarded,coerced,'20/05/2022' parsed as %d/%m/%Y
outlets.csv,664,OA0663,Credit Days,coerced,COD -> 0 credit days
outlets.csv,665,OA0664,Status,blank,Status not recorded
outlets.csv,665,OA0664,Phone,coerced,'+91 99885 88491' -> stripped +91 prefix
outlets.csv,665,OA0664,Onboarded,coerced,'16-Mar-20' parsed as %d-%b-%y
outlets.csv,665,OA0664,Latitude,blank,Latitude not recorded
outlets.csv,665,OA0664,Longitude,blank,Longitude not recorded
outlets.csv,666,OA0665,Town,coerced,'Cbe' -> Coimbatore
outlets.csv,666,OA0665,Status,coerced,'active' -> Active
outlets.csv,666,OA0665,Credit Days,blank,Credit terms not recorded
outlets.csv,666,OA0665,Phone,blank,No phone on file
outlets.csv,667,OA0666,Phone,coerced,
outlets.csv,667,OA0666,Onboarded,coerced,'02-Apr-20' parsed as %d-%b-%y
outlets.csv,668,OA0667,Credit Days,coerced,'30 days' -> 30
outlets.csv,668,OA0667,Onboarded,coerced,'08-Aug-22' parsed as %d-%b-%y
outlets.csv,669,OA0668,Credit Days,coerced,COD -> 0 credit days
outlets.csv,669,OA0668,Onboarded,coerced,'07/06/2024' parsed as %d/%m/%Y
outlets.csv,670,OA0669,Credit Days,coerced,COD -> 0 credit days
outlets.csv,670,OA0669,Onboarded,coerced,'01-Feb-21' parsed as %d-%b-%y
outlets.csv,671,OA0670,Town,coerced,'Tiruppur' -> Tirupur
outlets.csv,671,OA0670,Onboarded,coerced,'13-Aug-19' parsed as %d-%b-%y
outlets.csv,672,OA0671,Status,coerced,'ACTIVE' -> Active
outlets.csv,673,OA0672,Status,coerced,'active' -> Active
outlets.csv,673,OA0672,Phone,coerced,
outlets.csv,673,OA0672,Onboarded,coerced,'04/11/2023' parsed as %d/%m/%Y
outlets.csv,674,OA0673,Status,blank,Status not recorded
outlets.csv,674,OA0673,Onboarded,coerced,'15/08/2019' parsed as %d/%m/%Y
outlets.csv,675,OA0674,Status,coerced,'dormant' -> Dormant
outlets.csv,675,OA0674,Onboarded,coerced,'08/01/2020' parsed as %d/%m/%Y
outlets.csv,676,OA0675,Phone,blank,No phone on file
outlets.csv,676,OA0675,Onboarded,coerced,'26-Sep-21' parsed as %d-%b-%y
outlets.csv,677,OA0676,Onboarded,coerced,'26/06/2021' parsed as %d/%m/%Y
outlets.csv,678,OA0677,Town,coerced,'Mdu' -> Madurai
outlets.csv,678,OA0677,Credit Days,coerced,'30 days' -> 30
outlets.csv,678,OA0677,Onboarded,coerced,'27/07/2022' parsed as %d/%m/%Y
outlets.csv,679,OA0678,Credit Days,coerced,'30 days' -> 30
outlets.csv,679,OA0678,Onboarded,coerced,'21-Mar-24' parsed as %d-%b-%y
outlets.csv,680,OA0679,Town,coerced,'Tiruppur' -> Tirupur
outlets.csv,680,OA0679,Phone,coerced,
outlets.csv,680,OA0679,Onboarded,coerced,'05/07/2020' parsed as %d/%m/%Y
outlets.csv,681,OA0680,Status,coerced,'dormant' -> Dormant
outlets.csv,681,OA0680,Phone,coerced,
outlets.csv,681,OA0680,Onboarded,coerced,'11/01/2020' parsed as %d/%m/%Y
outlets.csv,682,OA0681,Onboarded,coerced,'06-May-24' parsed as %d-%b-%y
outlets.csv,683,OA0682,Status,coerced,'ACTIVE' -> Active
outlets.csv,683,OA0682,Onboarded,coerced,'28-Mar-20' parsed as %d-%b-%y
outlets.csv,684,OA0683,Onboarded,coerced,'08/05/2025' parsed as %d/%m/%Y
outlets.csv,685,OA0684,Status,coerced,'dormant' -> Dormant
outlets.csv,685,OA0684,Phone,coerced,
outlets.csv,685,OA0684,Onboarded,coerced,'20/08/2022' parsed as %d/%m/%Y
outlets.csv,688,OA0687,Town,coerced,'Cbe' -> Coimbatore
outlets.csv,688,OA0687,Status,coerced,'ACTIVE' -> Active
outlets.csv,688,OA0687,Onboarded,coerced,'17-Dec-19' parsed as %d-%b-%y
outlets.csv,689,OA0688,Status,coerced,'active' -> Active
outlets.csv,689,OA0688,Credit Days,coerced,'30 days' -> 30
outlets.csv,689,OA0688,Onboarded,coerced,'12/08/2024' parsed as %d/%m/%Y
outlets.csv,690,OA0689,Phone,coerced,'+91 95708 41784' -> stripped +91 prefix
outlets.csv,690,OA0689,Onboarded,coerced,'30/05/2021' parsed as %d/%m/%Y
outlets.csv,691,OA0690,Town,coerced,'Tiruchirappalli' -> Trichy
outlets.csv,691,OA0690,Status,coerced,'ACTIVE' -> Active
outlets.csv,691,OA0690,Credit Days,coerced,'30 days' -> 30
outlets.csv,691,OA0690,Onboarded,coerced,'20/01/2025' parsed as %d/%m/%Y
outlets.csv,692,OA0691,Phone,coerced,
outlets.csv,692,OA0691,Onboarded,coerced,'28/11/2019' parsed as %d/%m/%Y
outlets.csv,693,OA0692,Town,coerced,'Cbe' -> Coimbatore
outlets.csv,693,OA0692,Status,coerced,'dormant' -> Dormant
outlets.csv,693,OA0692,Onboarded,coerced,'17-Jun-22' parsed as %d-%b-%y
outlets.csv,694,OA0693,Status,coerced,'ACTIVE' -> Active
outlets.csv,694,OA0693,Onboarded,coerced,'20-Nov-22' parsed as %d-%b-%y
outlets.csv,695,OA0694,Credit Days,coerced,'30 days' -> 30
outlets.csv,695,OA0694,Onboarded,coerced,'20/10/2024' parsed as %d/%m/%Y
outlets.csv,696,OA0695,Town,coerced,'Mdu' -> Madurai
outlets.csv,696,OA0695,Phone,blank,No phone on file
outlets.csv,697,OA0696,Credit Days,coerced,'30 days' -> 30
outlets.csv,697,OA0696,Phone,coerced,'917563778617' -> stripped +91 prefix
outlets.csv,697,OA0696,Onboarded,coerced,'06/06/2025' parsed as %d/%m/%Y
outlets.csv,698,OA0697,Town,coerced,'Nellai' -> Tirunelveli
outlets.csv,698,OA0697,Onboarded,coerced,'13/08/2023' parsed as %d/%m/%Y
outlets.csv,698,OA0697,Latitude,blank,Latitude not recorded
outlets.csv,698,OA0697,Longitude,blank,Longitude not recorded
outlets.csv,699,OA0698,Status,coerced,'active' -> Active
outlets.csv,699,OA0698,Onboarded,coerced,'08/03/2023' parsed as %d/%m/%Y
outlets.csv,700,OA0699,Status,coerced,'ACTIVE' -> Active
outlets.csv,700,OA0699,Credit Days,blank,Credit terms not recorded
outlets.csv,700,OA0699,Phone,coerced,
outlets.csv,701,OA0700,Onboarded,coerced,'07/06/2025' parsed as %d/%m/%Y
outlets.csv,701,OA0700,Latitude,blank,Latitude not recorded
outlets.csv,701,OA0700,Longitude,blank,Longitude not recorded
outlets.csv,702,OA0701,Town,coerced,'Cbe' -> Coimbatore
outlets.csv,702,OA0701,Status,coerced,'active' -> Active
outlets.csv,702,OA0701,Phone,coerced,'916460548064' -> stripped +91 prefix
outlets.csv,702,OA0701,Onboarded,coerced,'24-Oct-24' parsed as %d-%b-%y
outlets.csv,703,OA0702,Phone,coerced,'+91 74536 27427' -> stripped +91 prefix
outlets.csv,703,OA0702,Latitude,blank,Latitude not recorded
outlets.csv,703,OA0702,Longitude,blank,Longitude not recorded
outlets.csv,704,OA0703,Onboarded,coerced,'24/07/2023' parsed as %d/%m/%Y
outlets.csv,705,OA0704,Status,blank,Status not recorded
outlets.csv,705,OA0704,Onboarded,coerced,'31/12/2023' parsed as %d/%m/%Y
outlets.csv,706,OA0705,Status,blank,Status not recorded
outlets.csv,706,OA0705,Phone,coerced,'+91 93581 00312' -> stripped +91 prefix
outlets.csv,707,OA0706,Onboarded,coerced,'20/08/2023' parsed as %d/%m/%Y
outlets.csv,708,OA0707,Status,coerced,'dormant' -> Dormant
outlets.csv,708,OA0707,Credit Days,coerced,'30 days' -> 30
outlets.csv,708,OA0707,Onboarded,coerced,'29/11/2019' parsed as %d/%m/%Y
outlets.csv,709,OA0708,Status,coerced,'ACTIVE' -> Active
outlets.csv,709,OA0708,Credit Days,coerced,COD -> 0 credit days
outlets.csv,709,OA0708,Phone,coerced,'916543558152' -> stripped +91 prefix
outlets.csv,710,OA0709,Credit Days,blank,Credit terms not recorded
outlets.csv,710,OA0709,Onboarded,coerced,'05/07/2023' parsed as %d/%m/%Y
outlets.csv,711,OA0710,Credit Days,blank,Credit terms not recorded
outlets.csv,711,OA0710,Onboarded,coerced,'19-Feb-20' parsed as %d-%b-%y
outlets.csv,712,OA0711,Status,coerced,'dormant' -> Dormant
outlets.csv,712,OA0711,Credit Days,blank,Credit terms not recorded
outlets.csv,712,OA0711,Onboarded,coerced,'10/06/2021' parsed as %d/%m/%Y
outlets.csv,714,OA0713,Town,coerced,'Nellai' -> Tirunelveli
outlets.csv,714,OA0713,Credit Days,blank,Credit terms not recorded
outlets.csv,714,OA0713,Phone,coerced,'+91 89476 36540' -> stripped +91 prefix
outlets.csv,714,OA0713,Onboarded,coerced,'13/04/2021' parsed as %d/%m/%Y
outlets.csv,715,OA0714,Phone,coerced,'+91 98686 69212' -> stripped +91 prefix
outlets.csv,715,OA0714,Onboarded,coerced,'10-Sep-21' parsed as %d-%b-%y
outlets.csv,715,OA0714,Latitude,blank,Latitude not recorded
outlets.csv,715,OA0714,Longitude,blank,Longitude not recorded
outlets.csv,716,OA0715,Town,coerced,'Tanjore' -> Thanjavur
outlets.csv,716,OA0715,Onboarded,coerced,'19-May-25' parsed as %d-%b-%y
outlets.csv,717,OA0716,Town,coerced,'Tiruppur' -> Tirupur
outlets.csv,717,OA0716,Status,coerced,'active' -> Active
outlets.csv,717,OA0716,Credit Days,coerced,'30 days' -> 30
outlets.csv,718,OA0717,Latitude,blank,Latitude not recorded
outlets.csv,718,OA0717,Longitude,blank,Longitude not recorded
outlets.csv,719,OA0718,Onboarded,coerced,'26-Oct-19' parsed as %d-%b-%y
outlets.csv,720,OA0719,Status,coerced,'ACTIVE' -> Active
outlets.csv,720,OA0719,Credit Days,coerced,COD -> 0 credit days
outlets.csv,720,OA0719,Phone,blank,No phone on file
outlets.csv,720,OA0719,Onboarded,coerced,'02-Jan-22' parsed as %d-%b-%y
outlets.csv,721,OA0720,Phone,coerced,
outlets.csv,721,OA0720,Onboarded,coerced,'19-Dec-19' parsed as %d-%b-%y
outlets.csv,722,OA0721,Onboarded,coerced,'07/12/2019' parsed as %d/%m/%Y
outlets.csv,724,OA0723,Status,coerced,'active' -> Active
outlets.csv,724,OA0723,Onboarded,coerced,'25/01/2022' parsed as %d/%m/%Y
outlets.csv,725,OA0724,Town,coerced,'Mdu' -> Madurai
outlets.csv,725,OA0724,Onboarded,coerced,'30/08/2019' parsed as %d/%m/%Y
outlets.csv,725,OA0724,Latitude,blank,Latitude not recorded
outlets.csv,725,OA0724,Longitude,blank,Longitude not recorded
outlets.csv,726,OA0725,Status,coerced,'active' -> Active
outlets.csv,726,OA0725,Phone,coerced,
outlets.csv,726,OA0725,Onboarded,coerced,'12/08/2023' parsed as %d/%m/%Y
outlets.csv,727,OA0726,Phone,coerced,'918036738456' -> stripped +91 prefix
outlets.csv,728,OA0727,Onboarded,coerced,'20-Jan-23' parsed as %d-%b-%y
outlets.csv,728,OA0727,Latitude,blank,Latitude not recorded
outlets.csv,728,OA0727,Longitude,blank,Longitude not recorded
outlets.csv,729,OA0728,Status,coerced,'active' -> Active
outlets.csv,729,OA0728,Credit Days,coerced,COD -> 0 credit days
outlets.csv,729,OA0728,Phone,coerced,'+91 67348 68117' -> stripped +91 prefix
outlets.csv,729,OA0728,Onboarded,coerced,'11-Apr-23' parsed as %d-%b-%y
outlets.csv,730,OA0729,Status,coerced,'ACTIVE' -> Active
outlets.csv,731,OA0730,Phone,blank,No phone on file
outlets.csv,731,OA0730,Onboarded,coerced,'15-Jan-23' parsed as %d-%b-%y
outlets.csv,732,OA0731,Status,coerced,'dormant' -> Dormant
outlets.csv,732,OA0731,Credit Days,blank,Credit terms not recorded
outlets.csv,732,OA0731,Phone,blank,No phone on file
outlets.csv,732,OA0731,Onboarded,coerced,'16/01/2021' parsed as %d/%m/%Y
outlets.csv,733,OA0732,Status,coerced,'active' -> Active
outlets.csv,733,OA0732,Phone,coerced,'918648532228' -> stripped +91 prefix
outlets.csv,733,OA0732,Onboarded,coerced,'10/08/2022' parsed as %d/%m/%Y
outlets.csv,734,OA0733,Status,coerced,'active' -> Active
outlets.csv,734,OA0733,Credit Days,coerced,COD -> 0 credit days
outlets.csv,735,OA0734,Onboarded,coerced,'17/02/2020' parsed as %d/%m/%Y
outlets.csv,736,OA0735,Status,coerced,'ACTIVE' -> Active
outlets.csv,736,OA0735,Credit Days,coerced,COD -> 0 credit days
outlets.csv,736,OA0735,Onboarded,coerced,'30/08/2024' parsed as %d/%m/%Y
outlets.csv,737,OA0736,Phone,blank,No phone on file
outlets.csv,737,OA0736,Onboarded,coerced,'11-Feb-25' parsed as %d-%b-%y
outlets.csv,738,OA0737,Status,coerced,'ACTIVE' -> Active
outlets.csv,738,OA0737,Onboarded,coerced,'18/03/2021' parsed as %d/%m/%Y
outlets.csv,739,OA0738,Credit Days,blank,Credit terms not recorded
outlets.csv,739,OA0738,Onboarded,coerced,'24/07/2024' parsed as %d/%m/%Y
outlets.csv,740,OA0739,Onboarded,coerced,'05/07/2022' parsed as %d/%m/%Y
outlets.csv,740,OA0739,Latitude,blank,Latitude not recorded
outlets.csv,740,OA0739,Longitude,blank,Longitude not recorded
outlets.csv,741,OA0740,Town,coerced,'CBE' -> Coimbatore
outlets.csv,742,OA0741,Status,coerced,'dormant' -> Dormant
outlets.csv,742,OA0741,Credit Days,blank,Credit terms not recorded
outlets.csv,742,OA0741,Onboarded,coerced,'03/02/2024' parsed as %d/%m/%Y
outlets.csv,743,OA0742,Credit Days,coerced,'30 days' -> 30
outlets.csv,743,OA0742,Phone,coerced,'+91 93994 87161' -> stripped +91 prefix
outlets.csv,743,OA0742,Onboarded,coerced,'01-Jun-23' parsed as %d-%b-%y
outlets.csv,744,OA0743,Town,coerced,'Madras' -> Chennai
outlets.csv,744,OA0743,Status,blank,Status not recorded
outlets.csv,744,OA0743,Credit Days,blank,Credit terms not recorded
outlets.csv,744,OA0743,Onboarded,coerced,'20/11/2024' parsed as %d/%m/%Y
outlets.csv,745,OA0744,Credit Days,coerced,COD -> 0 credit days
outlets.csv,746,OA0745,Phone,blank,No phone on file
outlets.csv,746,OA0745,Onboarded,coerced,'06-Sep-24' parsed as %d-%b-%y
outlets.csv,747,OA0746,Onboarded,coerced,'08-Jun-23' parsed as %d-%b-%y
outlets.csv,748,OA0747,Status,coerced,'active' -> Active
outlets.csv,748,OA0747,Credit Days,coerced,'30 days' -> 30
outlets.csv,748,OA0747,Onboarded,coerced,'30/06/2019' parsed as %d/%m/%Y
outlets.csv,749,OA0748,Town,coerced,'Tiruppur' -> Tirupur
outlets.csv,749,OA0748,Status,coerced,'ACTIVE' -> Active
outlets.csv,749,OA0748,Credit Days,coerced,COD -> 0 credit days
outlets.csv,749,OA0748,Onboarded,coerced,'02/03/2024' parsed as %d/%m/%Y
outlets.csv,750,OA0749,Credit Days,coerced,COD -> 0 credit days
outlets.csv,750,OA0749,Phone,coerced,'+91 93187 07048' -> stripped +91 prefix
outlets.csv,751,OA0750,Status,coerced,'active' -> Active
outlets.csv,751,OA0750,Phone,coerced,'+91 87757 11898' -> stripped +91 prefix
outlets.csv,752,OA0751,Credit Days,coerced,COD -> 0 credit days
outlets.csv,752,OA0751,Onboarded,coerced,'25/06/2024' parsed as %d/%m/%Y
outlets.csv,753,OA0752,Status,coerced,'ACTIVE' -> Active
outlets.csv,754,OA0753,Phone,blank,No phone on file
outlets.csv,754,OA0753,Onboarded,coerced,'31/01/2024' parsed as %d/%m/%Y
outlets.csv,755,OA0754,Onboarded,coerced,'31-Jan-25' parsed as %d-%b-%y
outlets.csv,756,OA0755,Status,coerced,'active' -> Active
outlets.csv,756,OA0755,Onboarded,coerced,'28/08/2022' parsed as %d/%m/%Y
outlets.csv,757,OA0756,Status,blank,Status not recorded
outlets.csv,757,OA0756,Phone,coerced,'918671933257' -> stripped +91 prefix
outlets.csv,758,OA0757,Onboarded,coerced,'04/10/2020' parsed as %d/%m/%Y
outlets.csv,759,OA0758,Onboarded,coerced,'21-Aug-21' parsed as %d-%b-%y
outlets.csv,760,OA0759,Status,coerced,'dormant' -> Dormant
outlets.csv,760,OA0759,Onboarded,coerced,'20/03/2021' parsed as %d/%m/%Y
outlets.csv,761,OA0760,Credit Days,blank,Credit terms not recorded
outlets.csv,761,OA0760,Onboarded,coerced,'13/03/2023' parsed as %d/%m/%Y
outlets.csv,761,OA0760,Latitude,blank,Latitude not recorded
outlets.csv,761,OA0760,Longitude,blank,Longitude not recorded
outlets.csv,762,OA0761,Phone,coerced,
outlets.csv,762,OA0761,Onboarded,coerced,'08-Aug-22' parsed as %d-%b-%y
outlets.csv,764,OA0763,Town,coerced,'Tiruppur' -> Tirupur
outlets.csv,764,OA0763,Credit Days,coerced,'30 days' -> 30
outlets.csv,764,OA0763,Onboarded,coerced,'02/05/2025' parsed as %d/%m/%Y
outlets.csv,765,OA0764,Credit Days,blank,Credit terms not recorded
outlets.csv,765,OA0764,Onboarded,coerced,'03-Sep-20' parsed as %d-%b-%y
outlets.csv,766,OA0765,Phone,blank,No phone on file
outlets.csv,766,OA0765,Onboarded,coerced,'16/07/2022' parsed as %d/%m/%Y
outlets.csv,767,OA0766,Onboarded,coerced,'27-Apr-25' parsed as %d-%b-%y
outlets.csv,768,OA0767,Onboarded,coerced,'03-May-25' parsed as %d-%b-%y
outlets.csv,769,OA0768,Phone,coerced,
outlets.csv,769,OA0768,Onboarded,coerced,'17/12/2022' parsed as %d/%m/%Y
outlets.csv,769,OA0768,Latitude,blank,Latitude not recorded
outlets.csv,769,OA0768,Longitude,blank,Longitude not recorded
outlets.csv,770,OA0769,Onboarded,coerced,'29/08/2021' parsed as %d/%m/%Y
outlets.csv,771,OA0770,Status,blank,Status not recorded
outlets.csv,771,OA0770,Credit Days,blank,Credit terms not recorded
outlets.csv,771,OA0770,Onboarded,coerced,'23/05/2022' parsed as %d/%m/%Y
outlets.csv,772,OA0771,Status,coerced,'ACTIVE' -> Active
outlets.csv,772,OA0771,Phone,blank,No phone on file
outlets.csv,773,OA0772,Status,blank,Status not recorded
outlets.csv,773,OA0772,Onboarded,coerced,'13/05/2022' parsed as %d/%m/%Y
outlets.csv,774,OA0773,Latitude,blank,Latitude not recorded
outlets.csv,774,OA0773,Longitude,blank,Longitude not recorded
outlets.csv,775,OA0774,Credit Days,coerced,'30 days' -> 30
outlets.csv,775,OA0774,Onboarded,coerced,'16/04/2025' parsed as %d/%m/%Y
outlets.csv,776,OA0775,Status,coerced,'ACTIVE' -> Active
outlets.csv,776,OA0775,Onboarded,coerced,'13-Jun-22' parsed as %d-%b-%y
outlets.csv,777,OA0776,Phone,blank,No phone on file
outlets.csv,777,OA0776,Onboarded,coerced,'25/10/2023' parsed as %d/%m/%Y
outlets.csv,778,OA0777,Status,blank,Status not recorded
outlets.csv,778,OA0777,Phone,coerced,
outlets.csv,779,OA0778,Status,coerced,'dormant' -> Dormant
outlets.csv,779,OA0778,Credit Days,blank,Credit terms not recorded
outlets.csv,779,OA0778,Phone,coerced,'+91 99174 17841' -> stripped +91 prefix
outlets.csv,779,OA0778,Onboarded,coerced,'17/09/2024' parsed as %d/%m/%Y
outlets.csv,780,OA0779,Status,coerced,'ACTIVE' -> Active
outlets.csv,781,OA0780,Status,coerced,'ACTIVE' -> Active
outlets.csv,781,OA0780,Phone,blank,No phone on file
outlets.csv,781,OA0780,Onboarded,coerced,'09/11/2024' parsed as %d/%m/%Y
outlets.csv,782,OA0781,Credit Days,coerced,COD -> 0 credit days
outlets.csv,782,OA0781,Onboarded,coerced,'14/09/2021' parsed as %d/%m/%Y
outlets.csv,783,OA0782,Onboarded,coerced,'30/06/2022' parsed as %d/%m/%Y
outlets.csv,784,OA0783,Town,coerced,'Nellai' -> Tirunelveli
outlets.csv,784,OA0783,Onboarded,coerced,'30/04/2020' parsed as %d/%m/%Y
outlets.csv,785,OA0784,Town,coerced,'Madras' -> Chennai
outlets.csv,786,OA0785,Town,coerced,'CBE' -> Coimbatore
outlets.csv,786,OA0785,Phone,coerced,'917423372027' -> stripped +91 prefix
outlets.csv,786,OA0785,Onboarded,coerced,'26/03/2024' parsed as %d/%m/%Y
outlets.csv,787,OA0786,Latitude,blank,Latitude not recorded
outlets.csv,787,OA0786,Longitude,blank,Longitude not recorded
outlets.csv,789,OA0788,Credit Days,coerced,'30 days' -> 30
outlets.csv,790,OA0789,Status,coerced,'dormant' -> Dormant
outlets.csv,790,OA0789,Credit Days,coerced,'30 days' -> 30
outlets.csv,790,OA0789,Phone,blank,No phone on file
outlets.csv,790,OA0789,Onboarded,coerced,'02/12/2019' parsed as %d/%m/%Y
outlets.csv,791,OA0790,Credit Days,coerced,COD -> 0 credit days
outlets.csv,791,OA0790,Onboarded,coerced,'19/08/2023' parsed as %d/%m/%Y
outlets.csv,792,OA0791,Credit Days,blank,Credit terms not recorded
outlets.csv,793,OA0792,Onboarded,coerced,'31/01/2023' parsed as %d/%m/%Y
outlets.csv,794,OA0793,Town,coerced,'Tiruchirappalli' -> Trichy
outlets.csv,794,OA0793,Credit Days,coerced,COD -> 0 credit days
outlets.csv,794,OA0793,Phone,coerced,'+91 92317 45497' -> stripped +91 prefix
outlets.csv,794,OA0793,Onboarded,coerced,'24/03/2020' parsed as %d/%m/%Y
outlets.csv,795,OA0794,Phone,coerced,
outlets.csv,795,OA0794,Onboarded,coerced,'29/01/2021' parsed as %d/%m/%Y
outlets.csv,796,OA0795,Credit Days,blank,Credit terms not recorded
outlets.csv,796,OA0795,Onboarded,coerced,'10/12/2020' parsed as %d/%m/%Y
outlets.csv,796,OA0795,Latitude,blank,Latitude not recorded
outlets.csv,796,OA0795,Longitude,blank,Longitude not recorded
outlets.csv,797,OA0796,Town,coerced,'Madras' -> Chennai
outlets.csv,797,OA0796,Status,coerced,'active' -> Active
outlets.csv,797,OA0796,Credit Days,coerced,'30 days' -> 30
outlets.csv,797,OA0796,Onboarded,coerced,'26/12/2020' parsed as %d/%m/%Y
outlets.csv,798,OA0797,Onboarded,coerced,'24/08/2019' parsed as %d/%m/%Y
outlets.csv,799,OA0798,Status,coerced,'active' -> Active
outlets.csv,799,OA0798,Credit Days,blank,Credit terms not recorded
outlets.csv,799,OA0798,Onboarded,coerced,'10/12/2021' parsed as %d/%m/%Y
outlets.csv,800,OA0799,Credit Days,coerced,COD -> 0 credit days
outlets.csv,800,OA0799,Onboarded,coerced,'15/06/2021' parsed as %d/%m/%Y
outlets.csv,801,OA0800,Phone,coerced,'+91 75963 03799' -> stripped +91 prefix
outlets.csv,801,OA0800,Latitude,blank,Latitude not recorded
outlets.csv,801,OA0800,Longitude,blank,Longitude not recorded
outlets.csv,802,OA0801,Phone,coerced,'+91 68376 18979' -> stripped +91 prefix
outlets.csv,802,OA0801,Onboarded,coerced,'18/12/2024' parsed as %d/%m/%Y
outlets.csv,802,OA0801,Latitude,blank,Latitude not recorded
outlets.csv,802,OA0801,Longitude,blank,Longitude not recorded
outlets.csv,803,OA0802,Town,coerced,'CBE' -> Coimbatore
outlets.csv,803,OA0802,Credit Days,coerced,'30 days' -> 30
outlets.csv,804,OA0803,Status,coerced,'dormant' -> Dormant
outlets.csv,804,OA0803,Onboarded,coerced,'06-Oct-22' parsed as %d-%b-%y
outlets.csv,805,OA0804,Status,blank,Status not recorded
outlets.csv,805,OA0804,Onboarded,coerced,'13/06/2022' parsed as %d/%m/%Y
outlets.csv,806,OA0805,Onboarded,coerced,'14/01/2022' parsed as %d/%m/%Y
outlets.csv,807,OA0806,Credit Days,coerced,'30 days' -> 30
outlets.csv,808,OA0807,Status,coerced,'dormant' -> Dormant
outlets.csv,808,OA0807,Credit Days,blank,Credit terms not recorded
outlets.csv,809,OA0808,Onboarded,coerced,'29/04/2023' parsed as %d/%m/%Y
outlets.csv,810,OA0809,Credit Days,coerced,'30 days' -> 30
outlets.csv,810,OA0809,Onboarded,coerced,'22-Nov-21' parsed as %d-%b-%y
outlets.csv,811,OA0810,Onboarded,coerced,'02/03/2025' parsed as %d/%m/%Y
outlets.csv,812,OA0811,Status,blank,Status not recorded
outlets.csv,813,OA0812,Status,blank,Status not recorded
outlets.csv,813,OA0812,Phone,coerced,'+91 63779 91158' -> stripped +91 prefix
outlets.csv,813,OA0812,Onboarded,coerced,'21/08/2020' parsed as %d/%m/%Y
outlets.csv,815,OA0814,Phone,coerced,'916464663987' -> stripped +91 prefix
outlets.csv,815,OA0814,Latitude,blank,Latitude not recorded
outlets.csv,815,OA0814,Longitude,blank,Longitude not recorded
outlets.csv,816,OA0815,Town,coerced,'Madras' -> Chennai
outlets.csv,816,OA0815,Phone,blank,No phone on file
outlets.csv,816,OA0815,Onboarded,coerced,'22-Oct-20' parsed as %d-%b-%y
outlets.csv,817,OA0816,Phone,blank,No phone on file
outlets.csv,817,OA0816,Onboarded,coerced,'30/10/2024' parsed as %d/%m/%Y
outlets.csv,818,OA0817,Credit Days,blank,Credit terms not recorded
outlets.csv,819,OA0818,Credit Days,coerced,COD -> 0 credit days
outlets.csv,820,OA0819,Phone,coerced,'+91 95708 41784' -> stripped +91 prefix
outlets.csv,820,OA0819,Onboarded,coerced,'30/05/2021' parsed as %d/%m/%Y
outlets.csv,821,OA0820,Status,coerced,'ACTIVE' -> Active
outlets.csv,821,OA0820,Onboarded,coerced,'03/10/2024' parsed as %d/%m/%Y
bdms.csv,4,BDM003,Phone,coerced,
bdms.csv,5,BDM004,Phone,blank,No phone on file
bdms.csv,6,BDM005,Phone,blank,No phone on file
bdms.csv,10,BDM009,Phone,coerced,'917204082411' -> stripped +91 prefix
bdms.csv,11,BDM010,Phone,coerced,'916783223947' -> stripped +91 prefix
bdms.csv,12,BDM011,Phone,coerced,'+91 62606 11554' -> stripped +91 prefix
bdms.csv,13,BDM012,Phone,coerced,'+91 60508 47944' -> stripped +91 prefix
visit-log.csv,2,V00001,Visit Date,coerced,'05/05/2026' parsed as %d/%m/%Y
visit-log.csv,2,V00001,Remarks,blank,Outcome not logged
visit-log.csv,3,V00002,Duration (mins),blank,Duration not recorded
visit-log.csv,3,V00002,Purpose,coerced,'followup' -> Follow up
visit-log.csv,4,V00003,Remarks,blank,Outcome not logged
visit-log.csv,6,V00005,Visit Date,coerced,'15/05/2026' parsed as %d/%m/%Y
visit-log.csv,7,V00006,Remarks,blank,Outcome not logged
visit-log.csv,9,V00008,Duration (mins),blank,Duration not recorded
visit-log.csv,10,V00009,Visit Date,coerced,'10/07/2026' parsed as %d/%m/%Y
visit-log.csv,11,V00010,Visit Date,coerced,'06/06/2026' parsed as %d/%m/%Y
visit-log.csv,11,V00010,Remarks,blank,Outcome not logged
visit-log.csv,12,V00011,Visit Date,coerced,'15/05/2026' parsed as %d/%m/%Y
visit-log.csv,13,V00012,Visit Date,coerced,'18/05/2026' parsed as %d/%m/%Y
visit-log.csv,13,V00012,Duration (mins),blank,Duration not recorded
visit-log.csv,13,V00012,Remarks,blank,Outcome not logged
visit-log.csv,14,V00013,Visit Date,coerced,'25/05/2026' parsed as %d/%m/%Y
visit-log.csv,14,V00013,Purpose,blank,Purpose not logged
visit-log.csv,16,V00015,Visit Date,coerced,'23/07/2026' parsed as %d/%m/%Y
visit-log.csv,17,V00016,Visit Date,coerced,'12/06/2026' parsed as %d/%m/%Y
visit-log.csv,17,V00016,Remarks,blank,Outcome not logged
visit-log.csv,18,V00017,Visit Date,coerced,'21/05/2026' parsed as %d/%m/%Y
visit-log.csv,19,V00018,Visit Date,coerced,'14/07/2026' parsed as %d/%m/%Y
visit-log.csv,20,V00019,Visit Date,coerced,'05/05/2026' parsed as %d/%m/%Y
visit-log.csv,20,V00019,Duration (mins),blank,Duration not recorded
visit-log.csv,21,V00020,Visit Date,coerced,'22/05/2026' parsed as %d/%m/%Y
visit-log.csv,22,V00021,Visit Date,coerced,'20/05/2026' parsed as %d/%m/%Y
visit-log.csv,24,V00023,Visit Date,coerced,'13/07/2026' parsed as %d/%m/%Y
visit-log.csv,24,V00023,Purpose,coerced,'followup' -> Follow up
visit-log.csv,24,V00023,Remarks,blank,Outcome not logged
visit-log.csv,26,V00025,Visit Date,coerced,'02/07/2026' parsed as %d/%m/%Y
visit-log.csv,27,V00026,Visit Date,coerced,'26/06/2026' parsed as %d/%m/%Y
visit-log.csv,27,V00026,Duration (mins),blank,Duration not recorded
visit-log.csv,28,V00027,Visit Date,coerced,'10/07/2026' parsed as %d/%m/%Y
visit-log.csv,29,V00028,Visit Date,coerced,'18/07/2026' parsed as %d/%m/%Y
visit-log.csv,30,V00029,Visit Date,coerced,'02/07/2026' parsed as %d/%m/%Y
visit-log.csv,30,V00029,Remarks,blank,Outcome not logged
visit-log.csv,31,V00030,Visit Date,coerced,'13/05/2026' parsed as %d/%m/%Y
visit-log.csv,32,V00031,Duration (mins),blank,Duration not recorded
visit-log.csv,32,V00031,Remarks,blank,Outcome not logged
visit-log.csv,33,V00032,Visit Date,coerced,'24/05/2026' parsed as %d/%m/%Y
visit-log.csv,33,V00032,Purpose,blank,Purpose not logged
visit-log.csv,34,V00033,Visit Date,coerced,'28/07/2026' parsed as %d/%m/%Y
visit-log.csv,34,V00033,Purpose,coerced,'followup' -> Follow up
visit-log.csv,36,V00035,Visit Date,coerced,'23/06/2026' parsed as %d/%m/%Y
visit-log.csv,36,V00035,Purpose,coerced,'followup' -> Follow up
visit-log.csv,37,V00036,Visit Date,coerced,'08/06/2026' parsed as %d/%m/%Y
visit-log.csv,37,V00036,Purpose,coerced,'followup' -> Follow up
visit-log.csv,38,V00037,Purpose,coerced,'followup' -> Follow up
visit-log.csv,38,V00037,Remarks,blank,Outcome not logged
visit-log.csv,39,V00038,Visit Date,coerced,'06/06/2026' parsed as %d/%m/%Y
visit-log.csv,40,V00039,Visit Date,coerced,'22/07/2026' parsed as %d/%m/%Y
visit-log.csv,41,V00040,Visit Date,coerced,'16/05/2026' parsed as %d/%m/%Y
visit-log.csv,42,V00041,Visit Date,coerced,'08/06/2026' parsed as %d/%m/%Y
visit-log.csv,42,V00041,Duration (mins),blank,Duration not recorded
visit-log.csv,44,V00043,Visit Date,coerced,'17/05/2026' parsed as %d/%m/%Y
visit-log.csv,44,V00043,Purpose,coerced,'followup' -> Follow up
visit-log.csv,45,V00044,Visit Date,coerced,'11/07/2026' parsed as %d/%m/%Y
visit-log.csv,45,V00044,Purpose,coerced,'routine' -> Routine visit
visit-log.csv,46,V00045,Visit Date,coerced,'20/05/2026' parsed as %d/%m/%Y
visit-log.csv,48,V00047,Visit Date,coerced,'19/05/2026' parsed as %d/%m/%Y
visit-log.csv,49,V00048,Visit Date,coerced,'22/05/2026' parsed as %d/%m/%Y
visit-log.csv,49,V00048,Remarks,blank,Outcome not logged
visit-log.csv,50,V00049,Visit Date,coerced,'03/07/2026' parsed as %d/%m/%Y
visit-log.csv,50,V00049,Remarks,blank,Outcome not logged
visit-log.csv,51,V00050,Visit Date,coerced,'25/06/2026' parsed as %d/%m/%Y
visit-log.csv,51,V00050,Remarks,blank,Outcome not logged
visit-log.csv,52,V00051,Visit Date,coerced,'22/05/2026' parsed as %d/%m/%Y
visit-log.csv,52,V00051,Purpose,coerced,'followup' -> Follow up
visit-log.csv,53,V00052,Remarks,blank,Outcome not logged
visit-log.csv,54,V00053,Visit Date,coerced,'18/05/2026' parsed as %d/%m/%Y
visit-log.csv,55,V00054,Visit Date,coerced,'30/05/2026' parsed as %d/%m/%Y
visit-log.csv,56,V00055,Visit Date,coerced,'14/05/2026' parsed as %d/%m/%Y
visit-log.csv,56,V00055,Purpose,coerced,'followup' -> Follow up
visit-log.csv,56,V00055,Remarks,blank,Outcome not logged
visit-log.csv,57,V00056,Visit Date,coerced,'08/06/2026' parsed as %d/%m/%Y
visit-log.csv,57,V00056,Remarks,blank,Outcome not logged
visit-log.csv,58,V00057,Visit Date,coerced,'19/05/2026' parsed as %d/%m/%Y
visit-log.csv,58,V00057,Duration (mins),blank,Duration not recorded
visit-log.csv,58,V00057,Purpose,coerced,'routine' -> Routine visit
visit-log.csv,58,V00057,Remarks,blank,Outcome not logged
visit-log.csv,59,V00058,Visit Date,coerced,'08/07/2026' parsed as %d/%m/%Y
visit-log.csv,59,V00058,Duration (mins),blank,Duration not recorded
visit-log.csv,59,V00058,Remarks,blank,Outcome not logged
visit-log.csv,60,V00059,Duration (mins),blank,Duration not recorded
visit-log.csv,61,V00060,Visit Date,coerced,'14/07/2026' parsed as %d/%m/%Y
visit-log.csv,62,V00061,Visit Date,coerced,'13/05/2026' parsed as %d/%m/%Y
visit-log.csv,62,V00061,Purpose,blank,Purpose not logged
visit-log.csv,63,V00062,Visit Date,coerced,'24/06/2026' parsed as %d/%m/%Y
visit-log.csv,63,V00062,Purpose,coerced,'routine' -> Routine visit
visit-log.csv,64,V00063,Visit Date,coerced,'07/07/2026' parsed as %d/%m/%Y
visit-log.csv,65,V00064,Visit Date,coerced,'28/07/2026' parsed as %d/%m/%Y
visit-log.csv,65,V00064,Duration (mins),blank,Duration not recorded
visit-log.csv,66,V00065,Visit Date,coerced,'24/06/2026' parsed as %d/%m/%Y
visit-log.csv,66,V00065,Purpose,coerced,'routine' -> Routine visit
visit-log.csv,66,V00065,Remarks,blank,Outcome not logged
visit-log.csv,67,V00066,Visit Date,coerced,'02/05/2026' parsed as %d/%m/%Y
visit-log.csv,67,V00066,Purpose,blank,Purpose not logged
visit-log.csv,69,V00068,Purpose,blank,Purpose not logged
visit-log.csv,70,V00069,Visit Date,coerced,'14/07/2026' parsed as %d/%m/%Y
visit-log.csv,70,V00069,Duration (mins),blank,Duration not recorded
visit-log.csv,70,V00069,Remarks,blank,Outcome not logged
visit-log.csv,71,V00070,Purpose,blank,Purpose not logged
visit-log.csv,73,V00072,Visit Date,coerced,'20/05/2026' parsed as %d/%m/%Y
visit-log.csv,73,V00072,Purpose,blank,Purpose not logged
visit-log.csv,73,V00072,Remarks,blank,Outcome not logged
visit-log.csv,74,V00073,Purpose,coerced,'followup' -> Follow up
visit-log.csv,75,V00074,Visit Date,coerced,'09/05/2026' parsed as %d/%m/%Y
visit-log.csv,76,V00075,Visit Date,coerced,'16/07/2026' parsed as %d/%m/%Y
visit-log.csv,76,V00075,Purpose,coerced,'followup' -> Follow up
visit-log.csv,76,V00075,Remarks,blank,Outcome not logged
visit-log.csv,77,V00076,Visit Date,coerced,'02/05/2026' parsed as %d/%m/%Y
visit-log.csv,77,V00076,Remarks,blank,Outcome not logged
visit-log.csv,78,V00077,Visit Date,coerced,'04/05/2026' parsed as %d/%m/%Y
visit-log.csv,79,V00078,Visit Date,coerced,'16/07/2026' parsed as %d/%m/%Y
visit-log.csv,80,V00079,Visit Date,coerced,'20/07/2026' parsed as %d/%m/%Y
visit-log.csv,80,V00079,Remarks,blank,Outcome not logged
visit-log.csv,81,V00080,Visit Date,coerced,'17/06/2026' parsed as %d/%m/%Y
visit-log.csv,81,V00080,Remarks,blank,Outcome not logged
visit-log.csv,82,V00081,Visit Date,coerced,'11/05/2026' parsed as %d/%m/%Y
visit-log.csv,83,V00082,Duration (mins),blank,Duration not recorded
visit-log.csv,84,V00083,Visit Date,coerced,'23/05/2026' parsed as %d/%m/%Y
visit-log.csv,85,V00084,Visit Date,coerced,'02/07/2026' parsed as %d/%m/%Y
visit-log.csv,86,V00085,Visit Date,coerced,'07/07/2026' parsed as %d/%m/%Y
visit-log.csv,87,V00086,Visit Date,coerced,'19/05/2026' parsed as %d/%m/%Y
visit-log.csv,88,V00087,Visit Date,coerced,'01/07/2026' parsed as %d/%m/%Y
visit-log.csv,89,V00088,Remarks,blank,Outcome not logged
visit-log.csv,90,V00089,Visit Date,coerced,'06/05/2026' parsed as %d/%m/%Y
visit-log.csv,92,V00091,Visit Date,coerced,'22/06/2026' parsed as %d/%m/%Y
visit-log.csv,93,V00092,Visit Date,coerced,'03/07/2026' parsed as %d/%m/%Y
visit-log.csv,93,V00092,Remarks,blank,Outcome not logged
visit-log.csv,94,V00093,Remarks,blank,Outcome not logged
visit-log.csv,95,V00094,Visit Date,coerced,'05/07/2026' parsed as %d/%m/%Y
visit-log.csv,96,V00095,Visit Date,coerced,'08/07/2026' parsed as %d/%m/%Y
visit-log.csv,96,V00095,Purpose,coerced,'routine' -> Routine visit
visit-log.csv,96,V00095,Remarks,blank,Outcome not logged
visit-log.csv,98,V00097,Visit Date,coerced,'11/06/2026' parsed as %d/%m/%Y
visit-log.csv,98,V00097,Remarks,blank,Outcome not logged
visit-log.csv,99,V00098,Visit Date,coerced,'05/06/2026' parsed as %d/%m/%Y
visit-log.csv,99,V00098,Purpose,coerced,'routine' -> Routine visit
visit-log.csv,99,V00098,Remarks,blank,Outcome not logged
visit-log.csv,101,V00100,Purpose,coerced,'followup' -> Follow up
visit-log.csv,102,V00101,Visit Date,coerced,'23/05/2026' parsed as %d/%m/%Y
visit-log.csv,102,V00101,Purpose,coerced,'followup' -> Follow up
visit-log.csv,102,V00101,Remarks,blank,Outcome not logged
visit-log.csv,103,V00102,Visit Date,coerced,'30/06/2026' parsed as %d/%m/%Y
visit-log.csv,103,V00102,Purpose,coerced,'followup' -> Follow up
visit-log.csv,103,V00102,Remarks,blank,Outcome not logged
visit-log.csv,105,V00104,Visit Date,coerced,'08/07/2026' parsed as %d/%m/%Y
visit-log.csv,105,V00104,Purpose,coerced,'routine' -> Routine visit
visit-log.csv,106,V00105,Duration (mins),blank,Duration not recorded
visit-log.csv,106,V00105,Purpose,coerced,'routine' -> Routine visit
visit-log.csv,107,V00106,Purpose,coerced,'routine' -> Routine visit
visit-log.csv,108,V00107,Visit Date,coerced,'18/07/2026' parsed as %d/%m/%Y
visit-log.csv,109,V00108,Visit Date,coerced,'05/07/2026' parsed as %d/%m/%Y
visit-log.csv,109,V00108,Remarks,blank,Outcome not logged
visit-log.csv,110,V00109,Visit Date,coerced,'15/05/2026' parsed as %d/%m/%Y
visit-log.csv,110,V00109,Duration (mins),blank,Duration not recorded
visit-log.csv,111,V00110,Visit Date,coerced,'26/05/2026' parsed as %d/%m/%Y
visit-log.csv,111,V00110,Purpose,coerced,'followup' -> Follow up
visit-log.csv,113,V00112,Visit Date,coerced,'06/06/2026' parsed as %d/%m/%Y
visit-log.csv,113,V00112,Duration (mins),blank,Duration not recorded
visit-log.csv,115,V00114,Visit Date,coerced,'06/07/2026' parsed as %d/%m/%Y
visit-log.csv,115,V00114,Purpose,coerced,'followup' -> Follow up
visit-log.csv,116,V00115,Visit Date,coerced,'28/05/2026' parsed as %d/%m/%Y
visit-log.csv,117,V00116,Visit Date,coerced,'22/06/2026' parsed as %d/%m/%Y
visit-log.csv,117,V00116,Purpose,coerced,'followup' -> Follow up
visit-log.csv,118,V00117,Visit Date,coerced,'06/07/2026' parsed as %d/%m/%Y
visit-log.csv,118,V00117,Purpose,coerced,'routine' -> Routine visit
visit-log.csv,119,V00118,Visit Date,coerced,'29/07/2026' parsed as %d/%m/%Y
visit-log.csv,119,V00118,Remarks,blank,Outcome not logged
visit-log.csv,120,V00119,Visit Date,coerced,'03/07/2026' parsed as %d/%m/%Y
visit-log.csv,120,V00119,Remarks,blank,Outcome not logged
visit-log.csv,121,V00120,Visit Date,coerced,'30/06/2026' parsed as %d/%m/%Y
visit-log.csv,122,V00121,Visit Date,coerced,'27/05/2026' parsed as %d/%m/%Y
visit-log.csv,122,V00121,Duration (mins),blank,Duration not recorded
visit-log.csv,123,V00122,Visit Date,coerced,'25/07/2026' parsed as %d/%m/%Y
visit-log.csv,124,V00123,Visit Date,coerced,'30/07/2026' parsed as %d/%m/%Y
visit-log.csv,124,V00123,Remarks,blank,Outcome not logged
visit-log.csv,125,V00124,Purpose,blank,Purpose not logged
visit-log.csv,125,V00124,Remarks,blank,Outcome not logged
visit-log.csv,127,V00126,Visit Date,coerced,'02/07/2026' parsed as %d/%m/%Y
visit-log.csv,127,V00126,Duration (mins),blank,Duration not recorded
visit-log.csv,128,V00127,Visit Date,coerced,'12/05/2026' parsed as %d/%m/%Y
visit-log.csv,128,V00127,Purpose,coerced,'routine' -> Routine visit
visit-log.csv,129,V00128,Visit Date,coerced,'26/06/2026' parsed as %d/%m/%Y
visit-log.csv,129,V00128,Purpose,coerced,'routine' -> Routine visit
visit-log.csv,130,V00129,Visit Date,coerced,'05/05/2026' parsed as %d/%m/%Y
visit-log.csv,130,V00129,Duration (mins),blank,Duration not recorded
visit-log.csv,130,V00129,Remarks,blank,Outcome not logged
visit-log.csv,131,V00130,Visit Date,coerced,'21/07/2026' parsed as %d/%m/%Y
visit-log.csv,132,V00131,Visit Date,coerced,'24/05/2026' parsed as %d/%m/%Y
visit-log.csv,133,V00132,Remarks,blank,Outcome not logged
visit-log.csv,133,V00132,Check In,blank,Check-in time not logged
visit-log.csv,134,V00133,Duration (mins),blank,Duration not recorded
visit-log.csv,134,V00133,Remarks,blank,Outcome not logged
visit-log.csv,135,V00134,Visit Date,coerced,'24/07/2026' parsed as %d/%m/%Y
visit-log.csv,136,V00135,Visit Date,coerced,'19/05/2026' parsed as %d/%m/%Y
visit-log.csv,138,V00137,Visit Date,coerced,'07/05/2026' parsed as %d/%m/%Y
visit-log.csv,139,V00138,Visit Date,coerced,'08/07/2026' parsed as %d/%m/%Y
visit-log.csv,140,V00139,Visit Date,coerced,'20/07/2026' parsed as %d/%m/%Y
visit-log.csv,140,V00139,Purpose,blank,Purpose not logged
visit-log.csv,141,V00140,Visit Date,coerced,'11/05/2026' parsed as %d/%m/%Y
visit-log.csv,142,V00141,Visit Date,coerced,'29/07/2026' parsed as %d/%m/%Y
visit-log.csv,144,V00143,Visit Date,coerced,'13/06/2026' parsed as %d/%m/%Y
visit-log.csv,144,V00143,Purpose,coerced,'followup' -> Follow up
visit-log.csv,144,V00143,Remarks,blank,Outcome not logged
visit-log.csv,145,V00144,Visit Date,coerced,'13/06/2026' parsed as %d/%m/%Y
visit-log.csv,145,V00144,Duration (mins),blank,Duration not recorded
visit-log.csv,145,V00144,Remarks,blank,Outcome not logged
visit-log.csv,147,V00146,Visit Date,coerced,'23/06/2026' parsed as %d/%m/%Y
visit-log.csv,148,V00147,Visit Date,coerced,'06/05/2026' parsed as %d/%m/%Y
visit-log.csv,148,V00147,Purpose,coerced,'followup' -> Follow up
visit-log.csv,149,V00148,Visit Date,coerced,'13/05/2026' parsed as %d/%m/%Y
visit-log.csv,150,V00149,Visit Date,coerced,'01/06/2026' parsed as %d/%m/%Y
visit-log.csv,151,V00150,Visit Date,coerced,'08/05/2026' parsed as %d/%m/%Y
visit-log.csv,152,V00151,Visit Date,coerced,'08/07/2026' parsed as %d/%m/%Y
visit-log.csv,152,V00151,Remarks,blank,Outcome not logged
visit-log.csv,154,V00153,Visit Date,coerced,'13/06/2026' parsed as %d/%m/%Y
visit-log.csv,155,V00154,Visit Date,coerced,'26/05/2026' parsed as %d/%m/%Y
visit-log.csv,155,V00154,Remarks,blank,Outcome not logged
visit-log.csv,156,V00155,Visit Date,coerced,'26/07/2026' parsed as %d/%m/%Y
visit-log.csv,157,V00156,Visit Date,coerced,'07/07/2026' parsed as %d/%m/%Y
visit-log.csv,157,V00156,Duration (mins),blank,Duration not recorded
visit-log.csv,158,V00157,Visit Date,coerced,'11/05/2026' parsed as %d/%m/%Y
visit-log.csv,158,V00157,Remarks,blank,Outcome not logged
visit-log.csv,160,V00159,Duration (mins),blank,Duration not recorded
visit-log.csv,161,V00160,Visit Date,coerced,'13/06/2026' parsed as %d/%m/%Y
visit-log.csv,162,V00161,Duration (mins),blank,Duration not recorded
visit-log.csv,162,V00161,Purpose,blank,Purpose not logged
visit-log.csv,163,V00162,Visit Date,coerced,'10/06/2026' parsed as %d/%m/%Y
visit-log.csv,163,V00162,Purpose,coerced,'followup' -> Follow up
visit-log.csv,164,V00163,Remarks,blank,Outcome not logged
visit-log.csv,165,V00164,Remarks,blank,Outcome not logged
visit-log.csv,166,V00165,Remarks,blank,Outcome not logged
visit-log.csv,167,V00166,Visit Date,coerced,'22/07/2026' parsed as %d/%m/%Y
visit-log.csv,167,V00166,Purpose,coerced,'routine' -> Routine visit
visit-log.csv,168,V00167,Visit Date,coerced,'09/05/2026' parsed as %d/%m/%Y
visit-log.csv,168,V00167,Remarks,blank,Outcome not logged
visit-log.csv,169,V00168,Remarks,blank,Outcome not logged
visit-log.csv,170,V00169,Duration (mins),blank,Duration not recorded
visit-log.csv,170,V00169,Remarks,blank,Outcome not logged
visit-log.csv,171,V00170,Visit Date,coerced,'08/05/2026' parsed as %d/%m/%Y
visit-log.csv,171,V00170,Duration (mins),blank,Duration not recorded
visit-log.csv,171,V00170,Remarks,blank,Outcome not logged
visit-log.csv,172,V00171,Remarks,blank,Outcome not logged
visit-log.csv,173,V00172,Visit Date,coerced,'22/05/2026' parsed as %d/%m/%Y
visit-log.csv,173,V00172,Duration (mins),blank,Duration not recorded
visit-log.csv,174,V00173,Visit Date,coerced,'18/05/2026' parsed as %d/%m/%Y
visit-log.csv,174,V00173,Duration (mins),blank,Duration not recorded
visit-log.csv,174,V00173,Purpose,blank,Purpose not logged
visit-log.csv,175,V00174,Visit Date,coerced,'02/07/2026' parsed as %d/%m/%Y
visit-log.csv,176,V00175,Visit Date,coerced,'27/05/2026' parsed as %d/%m/%Y
visit-log.csv,176,V00175,Remarks,blank,Outcome not logged
visit-log.csv,177,V00176,Visit Date,coerced,'17/06/2026' parsed as %d/%m/%Y
visit-log.csv,178,V00177,Visit Date,coerced,'29/05/2026' parsed as %d/%m/%Y
visit-log.csv,178,V00177,Remarks,blank,Outcome not logged
visit-log.csv,179,V00178,Remarks,blank,Outcome not logged
visit-log.csv,180,V00179,Visit Date,coerced,'06/05/2026' parsed as %d/%m/%Y
visit-log.csv,180,V00179,Duration (mins),blank,Duration not recorded
visit-log.csv,180,V00179,Remarks,blank,Outcome not logged
visit-log.csv,181,V00180,Visit Date,coerced,'03/06/2026' parsed as %d/%m/%Y
visit-log.csv,182,V00181,Purpose,coerced,'followup' -> Follow up
visit-log.csv,183,V00182,Duration (mins),blank,Duration not recorded
visit-log.csv,183,V00182,Remarks,blank,Outcome not logged
visit-log.csv,184,V00183,Visit Date,coerced,'27/06/2026' parsed as %d/%m/%Y
visit-log.csv,185,V00184,Visit Date,coerced,'23/06/2026' parsed as %d/%m/%Y
visit-log.csv,185,V00184,Duration (mins),blank,Duration not recorded
visit-log.csv,185,V00184,Remarks,blank,Outcome not logged
visit-log.csv,186,V00185,Visit Date,coerced,'09/05/2026' parsed as %d/%m/%Y
visit-log.csv,186,V00185,Purpose,coerced,'followup' -> Follow up
visit-log.csv,188,V00187,Visit Date,coerced,'22/05/2026' parsed as %d/%m/%Y
visit-log.csv,189,V00188,Visit Date,coerced,'26/05/2026' parsed as %d/%m/%Y
visit-log.csv,190,V00189,Visit Date,coerced,'08/06/2026' parsed as %d/%m/%Y
visit-log.csv,190,V00189,Remarks,blank,Outcome not logged
visit-log.csv,191,V00190,Visit Date,coerced,'17/05/2026' parsed as %d/%m/%Y
visit-log.csv,191,V00190,Duration (mins),blank,Duration not recorded
visit-log.csv,191,V00190,Purpose,coerced,'routine' -> Routine visit
visit-log.csv,192,V00191,Purpose,blank,Purpose not logged
visit-log.csv,192,V00191,Remarks,blank,Outcome not logged
visit-log.csv,193,V00192,Visit Date,coerced,'29/06/2026' parsed as %d/%m/%Y
visit-log.csv,193,V00192,Remarks,blank,Outcome not logged
visit-log.csv,194,V00193,Visit Date,coerced,'11/06/2026' parsed as %d/%m/%Y
visit-log.csv,194,V00193,Purpose,coerced,'followup' -> Follow up
visit-log.csv,194,V00193,Remarks,blank,Outcome not logged
visit-log.csv,196,V00195,Visit Date,coerced,'22/07/2026' parsed as %d/%m/%Y
visit-log.csv,197,V00196,Visit Date,coerced,'20/05/2026' parsed as %d/%m/%Y
visit-log.csv,197,V00196,Remarks,blank,Outcome not logged
visit-log.csv,198,V00197,Duration (mins),blank,Duration not recorded
visit-log.csv,198,V00197,Remarks,blank,Outcome not logged
visit-log.csv,199,V00198,Visit Date,coerced,'01/06/2026' parsed as %d/%m/%Y
visit-log.csv,199,V00198,Duration (mins),blank,Duration not recorded
visit-log.csv,199,V00198,Remarks,blank,Outcome not logged
visit-log.csv,200,V00199,Visit Date,coerced,'21/06/2026' parsed as %d/%m/%Y
visit-log.csv,201,V00200,Purpose,coerced,'followup' -> Follow up
visit-log.csv,202,V00201,Duration (mins),blank,Duration not recorded
visit-log.csv,203,V00202,Visit Date,coerced,'06/05/2026' parsed as %d/%m/%Y
visit-log.csv,203,V00202,Duration (mins),blank,Duration not recorded
visit-log.csv,203,V00202,Remarks,blank,Outcome not logged
visit-log.csv,205,V00204,Visit Date,coerced,'22/07/2026' parsed as %d/%m/%Y
visit-log.csv,205,V00204,Purpose,blank,Purpose not logged
visit-log.csv,206,V00205,Visit Date,coerced,'26/05/2026' parsed as %d/%m/%Y
visit-log.csv,206,V00205,Remarks,blank,Outcome not logged
visit-log.csv,207,V00206,Duration (mins),blank,Duration not recorded
visit-log.csv,208,V00207,Visit Date,coerced,'01/06/2026' parsed as %d/%m/%Y
visit-log.csv,209,V00208,Visit Date,coerced,'23/06/2026' parsed as %d/%m/%Y
visit-log.csv,209,V00208,Purpose,coerced,'routine' -> Routine visit
visit-log.csv,209,V00208,Remarks,blank,Outcome not logged
visit-log.csv,210,V00209,Visit Date,coerced,'13/07/2026' parsed as %d/%m/%Y
visit-log.csv,210,V00209,Purpose,blank,Purpose not logged
visit-log.csv,210,V00209,Remarks,blank,Outcome not logged
visit-log.csv,211,V00210,Visit Date,coerced,'19/05/2026' parsed as %d/%m/%Y
visit-log.csv,211,V00210,Remarks,blank,Outcome not logged
visit-log.csv,212,V00211,Visit Date,coerced,'14/07/2026' parsed as %d/%m/%Y
visit-log.csv,212,V00211,Remarks,blank,Outcome not logged
visit-log.csv,213,V00212,Visit Date,coerced,'25/05/2026' parsed as %d/%m/%Y
visit-log.csv,214,V00213,Visit Date,coerced,'07/05/2026' parsed as %d/%m/%Y
visit-log.csv,215,V00214,Visit Date,coerced,'19/06/2026' parsed as %d/%m/%Y
visit-log.csv,215,V00214,Remarks,blank,Outcome not logged
visit-log.csv,218,V00217,Visit Date,coerced,'15/06/2026' parsed as %d/%m/%Y
visit-log.csv,218,V00217,Duration (mins),blank,Duration not recorded
visit-log.csv,221,V00220,Purpose,blank,Purpose not logged
visit-log.csv,223,V00222,Remarks,blank,Outcome not logged
visit-log.csv,224,V00223,Visit Date,coerced,'08/05/2026' parsed as %d/%m/%Y
visit-log.csv,225,V00224,Visit Date,coerced,'21/06/2026' parsed as %d/%m/%Y
visit-log.csv,225,V00224,Purpose,coerced,'followup' -> Follow up
visit-log.csv,226,V00225,Visit Date,coerced,'12/05/2026' parsed as %d/%m/%Y
visit-log.csv,226,V00225,Purpose,coerced,'routine' -> Routine visit
visit-log.csv,227,V00226,Visit Date,coerced,'08/07/2026' parsed as %d/%m/%Y
visit-log.csv,229,V00228,Visit Date,coerced,'07/07/2026' parsed as %d/%m/%Y
visit-log.csv,230,V00229,Visit Date,coerced,'16/07/2026' parsed as %d/%m/%Y
visit-log.csv,230,V00229,Purpose,blank,Purpose not logged
visit-log.csv,231,V00230,Visit Date,coerced,'12/05/2026' parsed as %d/%m/%Y
visit-log.csv,231,V00230,Remarks,blank,Outcome not logged
visit-log.csv,232,V00231,Visit Date,coerced,'29/05/2026' parsed as %d/%m/%Y
visit-log.csv,232,V00231,Remarks,blank,Outcome not logged
visit-log.csv,233,V00232,Visit Date,coerced,'13/06/2026' parsed as %d/%m/%Y
visit-log.csv,233,V00232,Remarks,blank,Outcome not logged
visit-log.csv,234,V00233,Visit Date,coerced,'13/07/2026' parsed as %d/%m/%Y
visit-log.csv,235,V00234,Visit Date,coerced,'28/07/2026' parsed as %d/%m/%Y
visit-log.csv,235,V00234,Purpose,coerced,'followup' -> Follow up
visit-log.csv,235,V00234,Remarks,blank,Outcome not logged
visit-log.csv,236,V00235,Visit Date,coerced,'15/06/2026' parsed as %d/%m/%Y
visit-log.csv,236,V00235,Duration (mins),blank,Duration not recorded
visit-log.csv,236,V00235,Remarks,blank,Outcome not logged
visit-log.csv,238,V00237,Visit Date,coerced,'14/07/2026' parsed as %d/%m/%Y
visit-log.csv,238,V00237,Duration (mins),blank,Duration not recorded
visit-log.csv,238,V00237,Remarks,blank,Outcome not logged
visit-log.csv,239,V00238,Visit Date,coerced,'22/07/2026' parsed as %d/%m/%Y
visit-log.csv,239,V00238,Remarks,blank,Outcome not logged
visit-log.csv,240,V00239,Visit Date,coerced,'15/06/2026' parsed as %d/%m/%Y
visit-log.csv,240,V00239,Duration (mins),blank,Duration not recorded
visit-log.csv,240,V00239,Remarks,blank,Outcome not logged
visit-log.csv,241,V00240,Visit Date,coerced,'09/06/2026' parsed as %d/%m/%Y
visit-log.csv,241,V00240,Purpose,blank,Purpose not logged
visit-log.csv,241,V00240,Remarks,blank,Outcome not logged
visit-log.csv,242,V00241,Duration (mins),blank,Duration not recorded
visit-log.csv,242,V00241,Remarks,blank,Outcome not logged
visit-log.csv,243,V00242,Duration (mins),blank,Duration not recorded
visit-log.csv,243,V00242,Remarks,blank,Outcome not logged
visit-log.csv,244,V00243,Visit Date,coerced,'20/07/2026' parsed as %d/%m/%Y
visit-log.csv,245,V00244,Visit Date,coerced,'13/06/2026' parsed as %d/%m/%Y
visit-log.csv,245,V00244,Purpose,blank,Purpose not logged
visit-log.csv,245,V00244,Remarks,blank,Outcome not logged
visit-log.csv,247,V00246,Visit Date,coerced,'16/05/2026' parsed as %d/%m/%Y
visit-log.csv,247,V00246,Purpose,coerced,'routine' -> Routine visit
visit-log.csv,248,V00247,Visit Date,coerced,'22/05/2026' parsed as %d/%m/%Y
visit-log.csv,249,V00248,Purpose,coerced,'routine' -> Routine visit
visit-log.csv,250,V00249,Remarks,blank,Outcome not logged
visit-log.csv,251,V00250,Visit Date,coerced,'13/06/2026' parsed as %d/%m/%Y
visit-log.csv,251,V00250,Purpose,coerced,'followup' -> Follow up
visit-log.csv,252,V00251,Visit Date,coerced,'28/07/2026' parsed as %d/%m/%Y
visit-log.csv,252,V00251,Purpose,coerced,'followup' -> Follow up
visit-log.csv,253,V00252,Visit Date,coerced,'31/05/2026' parsed as %d/%m/%Y
visit-log.csv,253,V00252,Remarks,blank,Outcome not logged
visit-log.csv,254,V00253,Visit Date,coerced,'12/06/2026' parsed as %d/%m/%Y
visit-log.csv,256,V00255,Visit Date,coerced,'15/05/2026' parsed as %d/%m/%Y
visit-log.csv,257,V00256,Visit Date,coerced,'25/06/2026' parsed as %d/%m/%Y
visit-log.csv,257,V00256,Duration (mins),blank,Duration not recorded
visit-log.csv,257,V00256,Purpose,blank,Purpose not logged
visit-log.csv,257,V00256,Remarks,blank,Outcome not logged
visit-log.csv,260,V00259,Visit Date,coerced,'06/07/2026' parsed as %d/%m/%Y
visit-log.csv,260,V00259,Purpose,blank,Purpose not logged
visit-log.csv,261,V00260,Visit Date,coerced,'27/07/2026' parsed as %d/%m/%Y
visit-log.csv,261,V00260,Remarks,blank,Outcome not logged
visit-log.csv,262,V00261,Visit Date,coerced,'08/05/2026' parsed as %d/%m/%Y
visit-log.csv,262,V00261,Remarks,blank,Outcome not logged
visit-log.csv,263,V00262,Remarks,blank,Outcome not logged
visit-log.csv,264,V00263,Visit Date,coerced,'27/05/2026' parsed as %d/%m/%Y
visit-log.csv,264,V00263,Duration (mins),blank,Duration not recorded
visit-log.csv,264,V00263,Remarks,blank,Outcome not logged
visit-log.csv,265,V00264,Visit Date,coerced,'14/07/2026' parsed as %d/%m/%Y
visit-log.csv,266,V00265,Visit Date,coerced,'30/06/2026' parsed as %d/%m/%Y
visit-log.csv,266,V00265,Purpose,coerced,'routine' -> Routine visit
visit-log.csv,266,V00265,Remarks,blank,Outcome not logged
visit-log.csv,268,V00267,Purpose,coerced,'followup' -> Follow up
visit-log.csv,268,V00267,Remarks,blank,Outcome not logged
visit-log.csv,269,V00268,Visit Date,coerced,'06/06/2026' parsed as %d/%m/%Y
visit-log.csv,269,V00268,Purpose,coerced,'routine' -> Routine visit
visit-log.csv,269,V00268,Remarks,blank,Outcome not logged
visit-log.csv,270,V00269,Visit Date,coerced,'21/05/2026' parsed as %d/%m/%Y
visit-log.csv,270,V00269,Remarks,blank,Outcome not logged
visit-log.csv,271,V00270,Visit Date,coerced,'11/05/2026' parsed as %d/%m/%Y
visit-log.csv,271,V00270,Duration (mins),blank,Duration not recorded
visit-log.csv,272,V00271,Visit Date,coerced,'21/05/2026' parsed as %d/%m/%Y
visit-log.csv,272,V00271,Remarks,blank,Outcome not logged
visit-log.csv,273,V00272,Visit Date,coerced,'04/07/2026' parsed as %d/%m/%Y
visit-log.csv,273,V00272,Purpose,blank,Purpose not logged
visit-log.csv,274,V00273,Visit Date,coerced,'17/07/2026' parsed as %d/%m/%Y
visit-log.csv,275,V00274,Purpose,coerced,'followup' -> Follow up
visit-log.csv,275,V00274,Remarks,blank,Outcome not logged
visit-log.csv,276,V00275,Visit Date,coerced,'20/07/2026' parsed as %d/%m/%Y
visit-log.csv,277,V00276,Remarks,blank,Outcome not logged
visit-log.csv,278,V00277,Visit Date,coerced,'08/05/2026' parsed as %d/%m/%Y
visit-log.csv,279,V00278,Visit Date,coerced,'20/05/2026' parsed as %d/%m/%Y
visit-log.csv,279,V00278,Duration (mins),blank,Duration not recorded
visit-log.csv,280,V00279,Duration (mins),blank,Duration not recorded
visit-log.csv,281,V00280,Visit Date,coerced,'22/06/2026' parsed as %d/%m/%Y
visit-log.csv,281,V00280,Remarks,blank,Outcome not logged
visit-log.csv,282,V00281,Remarks,blank,Outcome not logged
visit-log.csv,283,V00282,Visit Date,coerced,'02/05/2026' parsed as %d/%m/%Y
visit-log.csv,283,V00282,Purpose,coerced,'followup' -> Follow up
visit-log.csv,284,V00283,Visit Date,coerced,'16/07/2026' parsed as %d/%m/%Y
visit-log.csv,285,V00284,Remarks,blank,Outcome not logged
visit-log.csv,286,V00285,Duration (mins),blank,Duration not recorded
visit-log.csv,287,V00286,Visit Date,coerced,'05/05/2026' parsed as %d/%m/%Y
visit-log.csv,288,V00287,Visit Date,coerced,'02/07/2026' parsed as %d/%m/%Y
visit-log.csv,288,V00287,Remarks,blank,Outcome not logged
visit-log.csv,290,V00289,Visit Date,coerced,'14/07/2026' parsed as %d/%m/%Y
visit-log.csv,290,V00289,Remarks,blank,Outcome not logged
visit-log.csv,291,V00290,Visit Date,coerced,'23/05/2026' parsed as %d/%m/%Y
visit-log.csv,291,V00290,Duration (mins),blank,Duration not recorded
visit-log.csv,292,V00291,Visit Date,coerced,'29/06/2026' parsed as %d/%m/%Y
visit-log.csv,293,V00292,Visit Date,coerced,'18/06/2026' parsed as %d/%m/%Y
visit-log.csv,293,V00292,Purpose,blank,Purpose not logged
visit-log.csv,294,V00293,Visit Date,coerced,'27/06/2026' parsed as %d/%m/%Y
visit-log.csv,294,V00293,Duration (mins),blank,Duration not recorded
visit-log.csv,296,V00295,Remarks,blank,Outcome not logged
visit-log.csv,297,V00296,Visit Date,coerced,'04/06/2026' parsed as %d/%m/%Y
visit-log.csv,298,V00297,Purpose,blank,Purpose not logged
visit-log.csv,298,V00297,Remarks,blank,Outcome not logged
visit-log.csv,300,V00299,Visit Date,coerced,'15/06/2026' parsed as %d/%m/%Y
visit-log.csv,300,V00299,Remarks,blank,Outcome not logged
visit-log.csv,301,V00300,Visit Date,coerced,'11/05/2026' parsed as %d/%m/%Y
visit-log.csv,301,V00300,Purpose,blank,Purpose not logged
visit-log.csv,301,V00300,Remarks,blank,Outcome not logged
visit-log.csv,302,V00301,Visit Date,coerced,'26/06/2026' parsed as %d/%m/%Y
visit-log.csv,303,V00302,Visit Date,coerced,'07/07/2026' parsed as %d/%m/%Y
visit-log.csv,305,V00304,Visit Date,coerced,'25/06/2026' parsed as %d/%m/%Y
visit-log.csv,305,V00304,Remarks,blank,Outcome not logged
visit-log.csv,306,V00305,Visit Date,coerced,'02/06/2026' parsed as %d/%m/%Y
visit-log.csv,306,V00305,Remarks,blank,Outcome not logged
visit-log.csv,307,V00306,Purpose,coerced,'routine' -> Routine visit
visit-log.csv,308,V00307,Visit Date,coerced,'01/06/2026' parsed as %d/%m/%Y
visit-log.csv,308,V00307,Purpose,coerced,'followup' -> Follow up
visit-log.csv,308,V00307,Remarks,blank,Outcome not logged
visit-log.csv,309,V00308,Visit Date,coerced,'13/06/2026' parsed as %d/%m/%Y
visit-log.csv,310,V00309,Visit Date,coerced,'02/05/2026' parsed as %d/%m/%Y
visit-log.csv,310,V00309,Remarks,blank,Outcome not logged
visit-log.csv,311,V00310,Visit Date,coerced,'21/05/2026' parsed as %d/%m/%Y
visit-log.csv,312,V00311,Purpose,coerced,'followup' -> Follow up
visit-log.csv,314,V00313,Visit Date,coerced,'02/07/2026' parsed as %d/%m/%Y
visit-log.csv,314,V00313,Purpose,blank,Purpose not logged
visit-log.csv,314,V00313,Remarks,blank,Outcome not logged
visit-log.csv,316,V00315,Visit Date,coerced,'13/05/2026' parsed as %d/%m/%Y
visit-log.csv,316,V00315,Remarks,blank,Outcome not logged
visit-log.csv,317,V00316,Visit Date,coerced,'12/06/2026' parsed as %d/%m/%Y
visit-log.csv,317,V00316,Purpose,coerced,'routine' -> Routine visit
visit-log.csv,318,V00317,Visit Date,coerced,'18/05/2026' parsed as %d/%m/%Y
visit-log.csv,318,V00317,Purpose,coerced,'followup' -> Follow up
visit-log.csv,319,V00318,Visit Date,coerced,'25/05/2026' parsed as %d/%m/%Y
visit-log.csv,319,V00318,Remarks,blank,Outcome not logged
visit-log.csv,320,V00319,Visit Date,coerced,'29/07/2026' parsed as %d/%m/%Y
visit-log.csv,321,V00320,Visit Date,coerced,'30/07/2026' parsed as %d/%m/%Y
visit-log.csv,322,V00321,Visit Date,coerced,'14/05/2026' parsed as %d/%m/%Y
visit-log.csv,322,V00321,Remarks,blank,Outcome not logged
visit-log.csv,323,V00322,Visit Date,coerced,'04/07/2026' parsed as %d/%m/%Y
visit-log.csv,323,V00322,Purpose,coerced,'followup' -> Follow up
visit-log.csv,325,V00324,Visit Date,coerced,'30/06/2026' parsed as %d/%m/%Y
visit-log.csv,325,V00324,Remarks,blank,Outcome not logged
visit-log.csv,326,V00325,Duration (mins),blank,Duration not recorded
visit-log.csv,326,V00325,Purpose,coerced,'routine' -> Routine visit
visit-log.csv,328,V00327,Visit Date,coerced,'06/07/2026' parsed as %d/%m/%Y
visit-log.csv,329,V00328,Visit Date,coerced,'01/06/2026' parsed as %d/%m/%Y
visit-log.csv,329,V00328,Duration (mins),blank,Duration not recorded
visit-log.csv,329,V00328,Purpose,blank,Purpose not logged
visit-log.csv,330,V00329,Visit Date,coerced,'10/06/2026' parsed as %d/%m/%Y
visit-log.csv,331,V00330,Purpose,coerced,'followup' -> Follow up
visit-log.csv,332,V00331,Visit Date,coerced,'03/06/2026' parsed as %d/%m/%Y
visit-log.csv,332,V00331,Purpose,coerced,'followup' -> Follow up
visit-log.csv,333,V00332,Visit Date,coerced,'11/07/2026' parsed as %d/%m/%Y
visit-log.csv,334,V00333,Visit Date,coerced,'21/05/2026' parsed as %d/%m/%Y
visit-log.csv,334,V00333,Remarks,blank,Outcome not logged
visit-log.csv,335,V00334,Visit Date,coerced,'07/07/2026' parsed as %d/%m/%Y
visit-log.csv,336,V00335,Visit Date,coerced,'27/06/2026' parsed as %d/%m/%Y
visit-log.csv,336,V00335,Remarks,blank,Outcome not logged
visit-log.csv,337,V00336,Visit Date,coerced,'17/07/2026' parsed as %d/%m/%Y
visit-log.csv,338,V00337,Visit Date,coerced,'02/06/2026' parsed as %d/%m/%Y
visit-log.csv,340,V00339,Visit Date,coerced,'14/07/2026' parsed as %d/%m/%Y
visit-log.csv,340,V00339,Purpose,blank,Purpose not logged
visit-log.csv,340,V00339,Remarks,blank,Outcome not logged
visit-log.csv,341,V00340,Visit Date,coerced,'11/07/2026' parsed as %d/%m/%Y
visit-log.csv,342,V00341,Visit Date,coerced,'02/06/2026' parsed as %d/%m/%Y
visit-log.csv,343,V00342,Visit Date,coerced,'06/05/2026' parsed as %d/%m/%Y
visit-log.csv,343,V00342,Purpose,blank,Purpose not logged
visit-log.csv,343,V00342,Remarks,blank,Outcome not logged
visit-log.csv,345,V00344,Visit Date,coerced,'22/06/2026' parsed as %d/%m/%Y
visit-log.csv,346,V00345,Visit Date,coerced,'20/06/2026' parsed as %d/%m/%Y
visit-log.csv,346,V00345,Duration (mins),blank,Duration not recorded
visit-log.csv,346,V00345,Remarks,blank,Outcome not logged
visit-log.csv,347,V00346,Visit Date,coerced,'13/06/2026' parsed as %d/%m/%Y
visit-log.csv,348,V00347,Visit Date,coerced,'20/05/2026' parsed as %d/%m/%Y
visit-log.csv,348,V00347,Remarks,blank,Outcome not logged
visit-log.csv,349,V00348,Remarks,blank,Outcome not logged
visit-log.csv,350,V00349,Visit Date,coerced,'24/05/2026' parsed as %d/%m/%Y
visit-log.csv,350,V00349,Purpose,blank,Purpose not logged
visit-log.csv,350,V00349,Remarks,blank,Outcome not logged
visit-log.csv,351,V00350,Visit Date,coerced,'18/05/2026' parsed as %d/%m/%Y
visit-log.csv,351,V00350,Purpose,coerced,'routine' -> Routine visit
visit-log.csv,351,V00350,Remarks,blank,Outcome not logged
visit-log.csv,352,V00351,Purpose,coerced,'followup' -> Follow up
visit-log.csv,352,V00351,Remarks,blank,Outcome not logged
visit-log.csv,353,V00352,Visit Date,coerced,'06/06/2026' parsed as %d/%m/%Y
visit-log.csv,353,V00352,Remarks,blank,Outcome not logged
visit-log.csv,354,V00353,Visit Date,coerced,'18/07/2026' parsed as %d/%m/%Y
visit-log.csv,356,V00355,Visit Date,coerced,'11/05/2026' parsed as %d/%m/%Y
visit-log.csv,357,V00356,Remarks,blank,Outcome not logged
visit-log.csv,358,V00357,Visit Date,coerced,'31/05/2026' parsed as %d/%m/%Y
visit-log.csv,359,V00358,Visit Date,coerced,'03/07/2026' parsed as %d/%m/%Y
visit-log.csv,360,V00359,Visit Date,coerced,'04/06/2026' parsed as %d/%m/%Y
visit-log.csv,361,V00360,Visit Date,coerced,'06/07/2026' parsed as %d/%m/%Y
visit-log.csv,362,V00361,Visit Date,coerced,'24/05/2026' parsed as %d/%m/%Y
visit-log.csv,362,V00361,Remarks,blank,Outcome not logged
visit-log.csv,363,V00362,Visit Date,coerced,'31/05/2026' parsed as %d/%m/%Y
visit-log.csv,364,V00363,Visit Date,coerced,'13/06/2026' parsed as %d/%m/%Y
visit-log.csv,364,V00363,Duration (mins),blank,Duration not recorded
visit-log.csv,364,V00363,Purpose,coerced,'followup' -> Follow up
visit-log.csv,365,V00364,Visit Date,coerced,'08/05/2026' parsed as %d/%m/%Y
visit-log.csv,366,V00365,Visit Date,coerced,'05/06/2026' parsed as %d/%m/%Y
visit-log.csv,367,V00366,Visit Date,coerced,'19/05/2026' parsed as %d/%m/%Y
visit-log.csv,368,V00367,Visit Date,coerced,'08/05/2026' parsed as %d/%m/%Y
visit-log.csv,369,V00368,Purpose,coerced,'routine' -> Routine visit
visit-log.csv,370,V00369,Remarks,blank,Outcome not logged
visit-log.csv,371,V00370,Visit Date,coerced,'01/06/2026' parsed as %d/%m/%Y
visit-log.csv,371,V00370,Duration (mins),blank,Duration not recorded
visit-log.csv,372,V00371,Visit Date,coerced,'06/05/2026' parsed as %d/%m/%Y
visit-log.csv,372,V00371,Remarks,blank,Outcome not logged
visit-log.csv,373,V00372,Purpose,coerced,'followup' -> Follow up
visit-log.csv,373,V00372,Remarks,blank,Outcome not logged
visit-log.csv,374,V00373,Visit Date,coerced,'05/05/2026' parsed as %d/%m/%Y
visit-log.csv,374,V00373,Purpose,coerced,'routine' -> Routine visit
visit-log.csv,375,V00374,Visit Date,coerced,'23/06/2026' parsed as %d/%m/%Y
visit-log.csv,376,V00375,Visit Date,coerced,'20/06/2026' parsed as %d/%m/%Y
visit-log.csv,377,V00376,Remarks,blank,Outcome not logged
visit-log.csv,378,V00377,Visit Date,coerced,'04/07/2026' parsed as %d/%m/%Y
visit-log.csv,378,V00377,Remarks,blank,Outcome not logged
visit-log.csv,379,V00378,Visit Date,coerced,'30/05/2026' parsed as %d/%m/%Y
visit-log.csv,380,V00379,Visit Date,coerced,'29/05/2026' parsed as %d/%m/%Y
visit-log.csv,380,V00379,Duration (mins),blank,Duration not recorded
visit-log.csv,382,V00381,Visit Date,coerced,'11/07/2026' parsed as %d/%m/%Y
visit-log.csv,383,V00382,Visit Date,coerced,'28/07/2026' parsed as %d/%m/%Y
visit-log.csv,383,V00382,Remarks,blank,Outcome not logged
visit-log.csv,384,V00383,Visit Date,coerced,'18/07/2026' parsed as %d/%m/%Y
visit-log.csv,384,V00383,Purpose,coerced,'followup' -> Follow up
visit-log.csv,384,V00383,Remarks,blank,Outcome not logged
visit-log.csv,386,V00385,Visit Date,coerced,'09/06/2026' parsed as %d/%m/%Y
visit-log.csv,387,V00386,Visit Date,coerced,'27/06/2026' parsed as %d/%m/%Y
visit-log.csv,387,V00386,Purpose,coerced,'followup' -> Follow up
visit-log.csv,387,V00386,Remarks,blank,Outcome not logged
visit-log.csv,388,V00387,Remarks,blank,Outcome not logged
visit-log.csv,390,V00389,Visit Date,coerced,'19/05/2026' parsed as %d/%m/%Y
visit-log.csv,391,V00390,Visit Date,coerced,'04/05/2026' parsed as %d/%m/%Y
visit-log.csv,391,V00390,Purpose,blank,Purpose not logged
visit-log.csv,391,V00390,Remarks,blank,Outcome not logged
visit-log.csv,392,V00391,Visit Date,coerced,'20/05/2026' parsed as %d/%m/%Y
visit-log.csv,392,V00391,Remarks,blank,Outcome not logged
visit-log.csv,393,V00392,Visit Date,coerced,'12/05/2026' parsed as %d/%m/%Y
visit-log.csv,393,V00392,Purpose,coerced,'routine' -> Routine visit
visit-log.csv,393,V00392,Remarks,blank,Outcome not logged
visit-log.csv,394,V00393,Visit Date,coerced,'29/07/2026' parsed as %d/%m/%Y
visit-log.csv,394,V00393,Duration (mins),blank,Duration not recorded
visit-log.csv,394,V00393,Purpose,coerced,'routine' -> Routine visit
visit-log.csv,394,V00393,Remarks,blank,Outcome not logged
visit-log.csv,395,V00394,Visit Date,coerced,'08/06/2026' parsed as %d/%m/%Y
visit-log.csv,396,V00395,Duration (mins),blank,Duration not recorded
visit-log.csv,396,V00395,Purpose,coerced,'followup' -> Follow up
visit-log.csv,397,V00396,Duration (mins),blank,Duration not recorded
visit-log.csv,398,V00397,Visit Date,coerced,'02/07/2026' parsed as %d/%m/%Y
visit-log.csv,398,V00397,Purpose,coerced,'followup' -> Follow up
visit-log.csv,399,V00398,Purpose,coerced,'followup' -> Follow up
visit-log.csv,399,V00398,Remarks,blank,Outcome not logged
visit-log.csv,400,V00399,Visit Date,coerced,'09/07/2026' parsed as %d/%m/%Y
visit-log.csv,400,V00399,Duration (mins),blank,Duration not recorded
visit-log.csv,400,V00399,Remarks,blank,Outcome not logged
visit-log.csv,401,V00400,Visit Date,coerced,'27/07/2026' parsed as %d/%m/%Y
visit-log.csv,402,V00401,Visit Date,coerced,'27/07/2026' parsed as %d/%m/%Y
visit-log.csv,402,V00401,Purpose,coerced,'routine' -> Routine visit
visit-log.csv,403,V00402,Visit Date,coerced,'06/07/2026' parsed as %d/%m/%Y
visit-log.csv,403,V00402,Remarks,blank,Outcome not logged
visit-log.csv,404,V00403,Visit Date,coerced,'08/07/2026' parsed as %d/%m/%Y
visit-log.csv,404,V00403,Duration (mins),blank,Duration not recorded
visit-log.csv,405,V00404,Visit Date,coerced,'24/06/2026' parsed as %d/%m/%Y
visit-log.csv,406,V00405,Visit Date,coerced,'25/07/2026' parsed as %d/%m/%Y
visit-log.csv,406,V00405,Remarks,blank,Outcome not logged
visit-log.csv,407,V00406,Visit Date,coerced,'25/07/2026' parsed as %d/%m/%Y
visit-log.csv,407,V00406,Purpose,coerced,'routine' -> Routine visit
visit-log.csv,407,V00406,Remarks,blank,Outcome not logged
visit-log.csv,409,V00408,Visit Date,coerced,'08/06/2026' parsed as %d/%m/%Y
visit-log.csv,409,V00408,Remarks,blank,Outcome not logged
visit-log.csv,410,V00409,Visit Date,coerced,'29/07/2026' parsed as %d/%m/%Y
visit-log.csv,410,V00409,Duration (mins),blank,Duration not recorded
visit-log.csv,410,V00409,Purpose,blank,Purpose not logged
visit-log.csv,410,V00409,Remarks,blank,Outcome not logged
visit-log.csv,411,V00410,Visit Date,coerced,'09/05/2026' parsed as %d/%m/%Y
visit-log.csv,411,V00410,Purpose,coerced,'routine' -> Routine visit
visit-log.csv,412,V00411,Visit Date,coerced,'13/06/2026' parsed as %d/%m/%Y
visit-log.csv,412,V00411,Duration (mins),blank,Duration not recorded
visit-log.csv,412,V00411,Remarks,blank,Outcome not logged
visit-log.csv,413,V00412,Visit Date,coerced,'12/05/2026' parsed as %d/%m/%Y
visit-log.csv,413,V00412,Remarks,blank,Outcome not logged
visit-log.csv,414,V00413,Visit Date,coerced,'23/05/2026' parsed as %d/%m/%Y
visit-log.csv,415,V00414,Visit Date,coerced,'11/06/2026' parsed as %d/%m/%Y
visit-log.csv,418,V00417,Visit Date,coerced,'18/06/2026' parsed as %d/%m/%Y
visit-log.csv,418,V00417,Remarks,blank,Outcome not logged
visit-log.csv,419,V00418,Visit Date,coerced,'07/07/2026' parsed as %d/%m/%Y
visit-log.csv,419,V00418,Duration (mins),blank,Duration not recorded
visit-log.csv,421,V00420,Visit Date,coerced,'06/06/2026' parsed as %d/%m/%Y
visit-log.csv,421,V00420,Purpose,coerced,'routine' -> Routine visit
visit-log.csv,422,V00421,Remarks,blank,Outcome not logged
visit-log.csv,423,V00422,Visit Date,coerced,'24/06/2026' parsed as %d/%m/%Y
visit-log.csv,423,V00422,Purpose,coerced,'followup' -> Follow up
visit-log.csv,423,V00422,Remarks,blank,Outcome not logged
visit-log.csv,425,V00424,Visit Date,coerced,'13/07/2026' parsed as %d/%m/%Y
visit-log.csv,425,V00424,Remarks,blank,Outcome not logged
visit-log.csv,426,V00425,Visit Date,coerced,'01/05/2026' parsed as %d/%m/%Y
visit-log.csv,426,V00425,Purpose,blank,Purpose not logged
visit-log.csv,426,V00425,Remarks,blank,Outcome not logged
visit-log.csv,427,V00426,Visit Date,coerced,'07/05/2026' parsed as %d/%m/%Y
visit-log.csv,428,V00427,Visit Date,coerced,'03/06/2026' parsed as %d/%m/%Y
visit-log.csv,428,V00427,Purpose,blank,Purpose not logged
visit-log.csv,429,V00428,Visit Date,coerced,'18/07/2026' parsed as %d/%m/%Y
visit-log.csv,430,V00429,Visit Date,coerced,'14/05/2026' parsed as %d/%m/%Y
visit-log.csv,430,V00429,Purpose,blank,Purpose not logged
visit-log.csv,430,V00429,Remarks,blank,Outcome not logged
visit-log.csv,432,V00431,Purpose,coerced,'routine' -> Routine visit
visit-log.csv,433,V00432,Visit Date,coerced,'02/05/2026' parsed as %d/%m/%Y
visit-log.csv,433,V00432,Purpose,blank,Purpose not logged
visit-log.csv,433,V00432,Remarks,blank,Outcome not logged
visit-log.csv,434,V00433,Visit Date,coerced,'01/06/2026' parsed as %d/%m/%Y
visit-log.csv,435,V00434,Remarks,blank,Outcome not logged
visit-log.csv,436,V00435,Visit Date,coerced,'28/05/2026' parsed as %d/%m/%Y
visit-log.csv,436,V00435,Remarks,blank,Outcome not logged
visit-log.csv,437,V00436,Visit Date,coerced,'29/06/2026' parsed as %d/%m/%Y
visit-log.csv,437,V00436,Purpose,blank,Purpose not logged
visit-log.csv,438,V00437,Visit Date,coerced,'24/07/2026' parsed as %d/%m/%Y
visit-log.csv,438,V00437,Remarks,blank,Outcome not logged
visit-log.csv,439,V00438,Visit Date,coerced,'26/06/2026' parsed as %d/%m/%Y
visit-log.csv,439,V00438,Remarks,blank,Outcome not logged
visit-log.csv,441,V00440,Remarks,blank,Outcome not logged
visit-log.csv,442,V00441,Remarks,blank,Outcome not logged
visit-log.csv,443,V00442,Visit Date,coerced,'22/07/2026' parsed as %d/%m/%Y
visit-log.csv,443,V00442,Purpose,blank,Purpose not logged
visit-log.csv,445,V00444,Visit Date,coerced,'05/05/2026' parsed as %d/%m/%Y
visit-log.csv,446,V00445,Remarks,blank,Outcome not logged
visit-log.csv,447,V00446,Visit Date,coerced,'22/05/2026' parsed as %d/%m/%Y
visit-log.csv,447,V00446,Duration (mins),blank,Duration not recorded
visit-log.csv,448,V00447,Visit Date,coerced,'25/05/2026' parsed as %d/%m/%Y
visit-log.csv,449,V00448,Visit Date,coerced,'11/05/2026' parsed as %d/%m/%Y
visit-log.csv,449,V00448,Remarks,blank,Outcome not logged
visit-log.csv,450,V00449,Visit Date,coerced,'01/06/2026' parsed as %d/%m/%Y
visit-log.csv,451,V00450,Visit Date,coerced,'23/06/2026' parsed as %d/%m/%Y
visit-log.csv,452,V00451,Visit Date,coerced,'29/07/2026' parsed as %d/%m/%Y
visit-log.csv,452,V00451,Duration (mins),blank,Duration not recorded
visit-log.csv,452,V00451,Purpose,coerced,'followup' -> Follow up
visit-log.csv,452,V00451,Remarks,blank,Outcome not logged
visit-log.csv,453,V00452,Duration (mins),blank,Duration not recorded
visit-log.csv,454,V00453,Visit Date,coerced,'03/07/2026' parsed as %d/%m/%Y
visit-log.csv,454,V00453,Purpose,coerced,'routine' -> Routine visit
visit-log.csv,454,V00453,Remarks,blank,Outcome not logged
visit-log.csv,455,V00454,Purpose,coerced,'followup' -> Follow up
visit-log.csv,456,V00455,Visit Date,coerced,'05/05/2026' parsed as %d/%m/%Y
visit-log.csv,456,V00455,Remarks,blank,Outcome not logged
visit-log.csv,457,V00456,Visit Date,coerced,'27/06/2026' parsed as %d/%m/%Y
visit-log.csv,457,V00456,Remarks,blank,Outcome not logged
visit-log.csv,458,V00457,Purpose,coerced,'routine' -> Routine visit
visit-log.csv,458,V00457,Remarks,blank,Outcome not logged
visit-log.csv,459,V00458,Visit Date,coerced,'14/05/2026' parsed as %d/%m/%Y
visit-log.csv,459,V00458,Duration (mins),blank,Duration not recorded
visit-log.csv,459,V00458,Remarks,blank,Outcome not logged
visit-log.csv,460,V00459,Visit Date,coerced,'08/05/2026' parsed as %d/%m/%Y
visit-log.csv,460,V00459,Purpose,blank,Purpose not logged
visit-log.csv,461,V00460,Visit Date,coerced,'03/07/2026' parsed as %d/%m/%Y
visit-log.csv,463,V00462,Purpose,coerced,'routine' -> Routine visit
visit-log.csv,463,V00462,Remarks,blank,Outcome not logged
visit-log.csv,464,V00463,Purpose,coerced,'followup' -> Follow up
visit-log.csv,465,V00464,Visit Date,coerced,'18/06/2026' parsed as %d/%m/%Y
visit-log.csv,468,V00467,Visit Date,coerced,'15/06/2026' parsed as %d/%m/%Y
visit-log.csv,468,V00467,Remarks,blank,Outcome not logged
visit-log.csv,469,V00468,Visit Date,coerced,'29/05/2026' parsed as %d/%m/%Y
visit-log.csv,469,V00468,Purpose,coerced,'followup' -> Follow up
visit-log.csv,470,V00469,Visit Date,coerced,'02/07/2026' parsed as %d/%m/%Y
visit-log.csv,470,V00469,Duration (mins),blank,Duration not recorded
visit-log.csv,471,V00470,Visit Date,coerced,'18/05/2026' parsed as %d/%m/%Y
visit-log.csv,471,V00470,Purpose,coerced,'followup' -> Follow up
visit-log.csv,472,V00471,Visit Date,coerced,'25/05/2026' parsed as %d/%m/%Y
visit-log.csv,472,V00471,Remarks,blank,Outcome not logged
visit-log.csv,473,V00472,Visit Date,coerced,'28/05/2026' parsed as %d/%m/%Y
visit-log.csv,473,V00472,Duration (mins),blank,Duration not recorded
visit-log.csv,473,V00472,Purpose,coerced,'followup' -> Follow up
visit-log.csv,475,V00474,Remarks,blank,Outcome not logged
visit-log.csv,477,V00476,Remarks,blank,Outcome not logged
visit-log.csv,479,V00478,Visit Date,coerced,'20/07/2026' parsed as %d/%m/%Y
visit-log.csv,479,V00478,Purpose,coerced,'routine' -> Routine visit
visit-log.csv,479,V00478,Remarks,blank,Outcome not logged
visit-log.csv,480,V00479,Visit Date,coerced,'05/06/2026' parsed as %d/%m/%Y
visit-log.csv,480,V00479,Purpose,coerced,'routine' -> Routine visit
visit-log.csv,481,V00480,Visit Date,coerced,'09/07/2026' parsed as %d/%m/%Y
visit-log.csv,482,V00481,Visit Date,coerced,'07/07/2026' parsed as %d/%m/%Y
visit-log.csv,482,V00481,Remarks,blank,Outcome not logged
visit-log.csv,483,V00482,Visit Date,coerced,'30/07/2026' parsed as %d/%m/%Y
visit-log.csv,483,V00482,Remarks,blank,Outcome not logged
visit-log.csv,485,V00484,Visit Date,coerced,'16/07/2026' parsed as %d/%m/%Y
visit-log.csv,486,V00485,Visit Date,coerced,'02/05/2026' parsed as %d/%m/%Y
visit-log.csv,486,V00485,Remarks,blank,Outcome not logged
visit-log.csv,487,V00486,Visit Date,coerced,'20/07/2026' parsed as %d/%m/%Y
visit-log.csv,487,V00486,Remarks,blank,Outcome not logged
visit-log.csv,488,V00487,Remarks,blank,Outcome not logged
visit-log.csv,489,V00488,Purpose,coerced,'routine' -> Routine visit
visit-log.csv,489,V00488,Remarks,blank,Outcome not logged
visit-log.csv,491,V00490,Visit Date,coerced,'19/05/2026' parsed as %d/%m/%Y
visit-log.csv,493,V00492,Visit Date,coerced,'30/06/2026' parsed as %d/%m/%Y
visit-log.csv,493,V00492,Duration (mins),blank,Duration not recorded
visit-log.csv,493,V00492,Purpose,blank,Purpose not logged
visit-log.csv,494,V00493,Visit Date,coerced,'09/05/2026' parsed as %d/%m/%Y
visit-log.csv,494,V00493,Purpose,coerced,'followup' -> Follow up
visit-log.csv,494,V00493,Remarks,blank,Outcome not logged
visit-log.csv,495,V00494,Visit Date,coerced,'01/05/2026' parsed as %d/%m/%Y
visit-log.csv,496,V00495,Visit Date,coerced,'19/05/2026' parsed as %d/%m/%Y
visit-log.csv,497,V00496,Visit Date,coerced,'11/05/2026' parsed as %d/%m/%Y
visit-log.csv,498,V00497,Visit Date,coerced,'18/06/2026' parsed as %d/%m/%Y
visit-log.csv,498,V00497,Duration (mins),blank,Duration not recorded
visit-log.csv,499,V00498,Purpose,coerced,'routine' -> Routine visit
visit-log.csv,500,V00499,Visit Date,coerced,'04/07/2026' parsed as %d/%m/%Y
visit-log.csv,501,V00500,Visit Date,coerced,'05/06/2026' parsed as %d/%m/%Y
visit-log.csv,502,V00501,Visit Date,coerced,'23/06/2026' parsed as %d/%m/%Y
visit-log.csv,502,V00501,Remarks,blank,Outcome not logged
visit-log.csv,503,V00502,Visit Date,coerced,'26/05/2026' parsed as %d/%m/%Y
visit-log.csv,503,V00502,Duration (mins),blank,Duration not recorded
visit-log.csv,503,V00502,Purpose,coerced,'routine' -> Routine visit
visit-log.csv,504,V00503,Visit Date,coerced,'29/06/2026' parsed as %d/%m/%Y
visit-log.csv,504,V00503,Duration (mins),blank,Duration not recorded
visit-log.csv,506,V00505,Visit Date,coerced,'22/07/2026' parsed as %d/%m/%Y
visit-log.csv,506,V00505,Remarks,blank,Outcome not logged
visit-log.csv,507,V00506,Visit Date,coerced,'24/06/2026' parsed as %d/%m/%Y
visit-log.csv,507,V00506,Remarks,blank,Outcome not logged
visit-log.csv,508,V00507,Visit Date,coerced,'20/06/2026' parsed as %d/%m/%Y
visit-log.csv,508,V00507,Remarks,blank,Outcome not logged
visit-log.csv,509,V00508,Visit Date,coerced,'09/07/2026' parsed as %d/%m/%Y
visit-log.csv,510,V00509,Visit Date,coerced,'06/07/2026' parsed as %d/%m/%Y
visit-log.csv,511,V00510,Visit Date,coerced,'08/07/2026' parsed as %d/%m/%Y
visit-log.csv,511,V00510,Purpose,coerced,'followup' -> Follow up
visit-log.csv,512,V00511,Visit Date,coerced,'15/06/2026' parsed as %d/%m/%Y
visit-log.csv,512,V00511,Remarks,blank,Outcome not logged
visit-log.csv,513,V00512,Purpose,coerced,'followup' -> Follow up
visit-log.csv,514,V00513,Visit Date,coerced,'22/07/2026' parsed as %d/%m/%Y
visit-log.csv,514,V00513,Duration (mins),blank,Duration not recorded
visit-log.csv,515,V00514,Visit Date,coerced,'19/05/2026' parsed as %d/%m/%Y
visit-log.csv,515,V00514,Remarks,blank,Outcome not logged
visit-log.csv,516,V00515,Visit Date,coerced,'17/07/2026' parsed as %d/%m/%Y
visit-log.csv,516,V00515,Purpose,coerced,'routine' -> Routine visit
visit-log.csv,517,V00516,Purpose,coerced,'followup' -> Follow up
visit-log.csv,517,V00516,Remarks,blank,Outcome not logged
visit-log.csv,518,V00517,Visit Date,coerced,'13/05/2026' parsed as %d/%m/%Y
visit-log.csv,519,V00518,Visit Date,coerced,'08/05/2026' parsed as %d/%m/%Y
visit-log.csv,520,V00519,Duration (mins),blank,Duration not recorded
visit-log.csv,520,V00519,Remarks,blank,Outcome not logged
visit-log.csv,521,V00520,Visit Date,coerced,'26/05/2026' parsed as %d/%m/%Y
visit-log.csv,521,V00520,Purpose,coerced,'routine' -> Routine visit
visit-log.csv,521,V00520,Remarks,blank,Outcome not logged
visit-log.csv,522,V00521,Visit Date,coerced,'15/07/2026' parsed as %d/%m/%Y
visit-log.csv,522,V00521,Duration (mins),blank,Duration not recorded
visit-log.csv,522,V00521,Purpose,blank,Purpose not logged
visit-log.csv,522,V00521,Remarks,blank,Outcome not logged
visit-log.csv,523,V00522,Visit Date,coerced,'20/05/2026' parsed as %d/%m/%Y
visit-log.csv,524,V00523,Visit Date,coerced,'27/05/2026' parsed as %d/%m/%Y
visit-log.csv,524,V00523,Purpose,blank,Purpose not logged
visit-log.csv,524,V00523,Remarks,blank,Outcome not logged
visit-log.csv,525,V00524,Duration (mins),blank,Duration not recorded
visit-log.csv,525,V00524,Purpose,coerced,'followup' -> Follow up
visit-log.csv,527,V00526,Remarks,blank,Outcome not logged
visit-log.csv,528,V00527,Visit Date,coerced,'22/05/2026' parsed as %d/%m/%Y
visit-log.csv,529,V00528,Visit Date,coerced,'04/05/2026' parsed as %d/%m/%Y
visit-log.csv,531,V00530,Visit Date,coerced,'15/07/2026' parsed as %d/%m/%Y
visit-log.csv,531,V00530,Duration (mins),blank,Duration not recorded
visit-log.csv,532,V00531,Visit Date,coerced,'17/05/2026' parsed as %d/%m/%Y
visit-log.csv,533,V00532,Visit Date,coerced,'18/07/2026' parsed as %d/%m/%Y
visit-log.csv,534,V00533,Visit Date,coerced,'13/06/2026' parsed as %d/%m/%Y
visit-log.csv,534,V00533,Purpose,coerced,'followup' -> Follow up
visit-log.csv,534,V00533,Remarks,blank,Outcome not logged
visit-log.csv,536,V00535,Visit Date,coerced,'16/06/2026' parsed as %d/%m/%Y
visit-log.csv,537,V00536,Visit Date,coerced,'18/07/2026' parsed as %d/%m/%Y
visit-log.csv,538,V00537,Visit Date,coerced,'17/06/2026' parsed as %d/%m/%Y
visit-log.csv,538,V00537,Purpose,blank,Purpose not logged
visit-log.csv,538,V00537,Remarks,blank,Outcome not logged
visit-log.csv,539,V00538,Visit Date,coerced,'18/06/2026' parsed as %d/%m/%Y
visit-log.csv,539,V00538,Purpose,coerced,'routine' -> Routine visit
visit-log.csv,540,V00539,Visit Date,coerced,'20/07/2026' parsed as %d/%m/%Y
visit-log.csv,540,V00539,Remarks,blank,Outcome not logged
visit-log.csv,542,V00541,Visit Date,coerced,'13/05/2026' parsed as %d/%m/%Y
visit-log.csv,542,V00541,Remarks,blank,Outcome not logged
visit-log.csv,543,V00542,Visit Date,coerced,'26/06/2026' parsed as %d/%m/%Y
visit-log.csv,543,V00542,Purpose,coerced,'routine' -> Routine visit
visit-log.csv,544,V00543,Visit Date,coerced,'25/06/2026' parsed as %d/%m/%Y
visit-log.csv,544,V00543,Duration (mins),blank,Duration not recorded
visit-log.csv,544,V00543,Remarks,blank,Outcome not logged
visit-log.csv,545,V00544,Visit Date,coerced,'09/06/2026' parsed as %d/%m/%Y
visit-log.csv,546,V00545,Remarks,blank,Outcome not logged
visit-log.csv,547,V00546,Visit Date,coerced,'30/05/2026' parsed as %d/%m/%Y
visit-log.csv,547,V00546,Duration (mins),blank,Duration not recorded
visit-log.csv,548,V00547,Visit Date,coerced,'05/07/2026' parsed as %d/%m/%Y
visit-log.csv,548,V00547,Duration (mins),blank,Duration not recorded
visit-log.csv,551,V00550,Visit Date,coerced,'04/07/2026' parsed as %d/%m/%Y
visit-log.csv,551,V00550,Duration (mins),blank,Duration not recorded
visit-log.csv,551,V00550,Remarks,blank,Outcome not logged
visit-log.csv,552,V00551,Visit Date,coerced,'25/06/2026' parsed as %d/%m/%Y
visit-log.csv,553,V00552,Visit Date,coerced,'11/05/2026' parsed as %d/%m/%Y
visit-log.csv,553,V00552,Purpose,coerced,'routine' -> Routine visit
visit-log.csv,554,V00553,Visit Date,coerced,'06/07/2026' parsed as %d/%m/%Y
visit-log.csv,554,V00553,Remarks,blank,Outcome not logged
visit-log.csv,555,V00554,Visit Date,coerced,'26/05/2026' parsed as %d/%m/%Y
visit-log.csv,555,V00554,Remarks,blank,Outcome not logged
visit-log.csv,556,V00555,Visit Date,coerced,'27/05/2026' parsed as %d/%m/%Y
visit-log.csv,556,V00555,Remarks,blank,Outcome not logged
visit-log.csv,557,V00556,Remarks,blank,Outcome not logged
visit-log.csv,558,V00557,Purpose,coerced,'routine' -> Routine visit
visit-log.csv,559,V00558,Visit Date,coerced,'18/06/2026' parsed as %d/%m/%Y
visit-log.csv,559,V00558,Remarks,blank,Outcome not logged
visit-log.csv,560,V00559,Visit Date,coerced,'07/07/2026' parsed as %d/%m/%Y
visit-log.csv,560,V00559,Purpose,coerced,'routine' -> Routine visit
visit-log.csv,560,V00559,Remarks,blank,Outcome not logged
visit-log.csv,561,V00560,Remarks,blank,Outcome not logged
visit-log.csv,562,V00561,Purpose,coerced,'routine' -> Routine visit
visit-log.csv,563,V00562,Visit Date,coerced,'02/07/2026' parsed as %d/%m/%Y
visit-log.csv,563,V00562,Purpose,coerced,'followup' -> Follow up
visit-log.csv,564,V00563,Visit Date,coerced,'07/05/2026' parsed as %d/%m/%Y
visit-log.csv,565,V00564,Visit Date,coerced,'20/07/2026' parsed as %d/%m/%Y
visit-log.csv,566,V00565,Visit Date,coerced,'24/07/2026' parsed as %d/%m/%Y
visit-log.csv,566,V00565,Purpose,coerced,'routine' -> Routine visit
visit-log.csv,566,V00565,Remarks,blank,Outcome not logged
visit-log.csv,567,V00566,Visit Date,coerced,'27/07/2026' parsed as %d/%m/%Y
visit-log.csv,568,V00567,Purpose,coerced,'routine' -> Routine visit
visit-log.csv,569,V00568,Visit Date,coerced,'23/06/2026' parsed as %d/%m/%Y
visit-log.csv,570,V00569,Visit Date,coerced,'30/07/2026' parsed as %d/%m/%Y
visit-log.csv,570,V00569,Remarks,blank,Outcome not logged
visit-log.csv,571,V00570,Remarks,blank,Outcome not logged
visit-log.csv,572,V00571,Duration (mins),blank,Duration not recorded
visit-log.csv,572,V00571,Purpose,coerced,'followup' -> Follow up
visit-log.csv,573,V00572,Visit Date,coerced,'02/05/2026' parsed as %d/%m/%Y
visit-log.csv,576,V00575,Visit Date,coerced,'08/06/2026' parsed as %d/%m/%Y
visit-log.csv,577,V00576,Visit Date,coerced,'08/06/2026' parsed as %d/%m/%Y
visit-log.csv,577,V00576,Duration (mins),blank,Duration not recorded
visit-log.csv,578,V00577,Duration (mins),blank,Duration not recorded
visit-log.csv,579,V00578,Remarks,blank,Outcome not logged
visit-log.csv,580,V00579,Purpose,coerced,'followup' -> Follow up
visit-log.csv,580,V00579,Remarks,blank,Outcome not logged
visit-log.csv,581,V00580,Visit Date,coerced,'30/06/2026' parsed as %d/%m/%Y
visit-log.csv,581,V00580,Duration (mins),blank,Duration not recorded
visit-log.csv,581,V00580,Remarks,blank,Outcome not logged
visit-log.csv,582,V00581,Visit Date,coerced,'13/05/2026' parsed as %d/%m/%Y
visit-log.csv,582,V00581,Purpose,coerced,'routine' -> Routine visit
visit-log.csv,582,V00581,Remarks,blank,Outcome not logged
visit-log.csv,583,V00582,Visit Date,coerced,'04/05/2026' parsed as %d/%m/%Y
visit-log.csv,584,V00583,Visit Date,coerced,'13/05/2026' parsed as %d/%m/%Y
visit-log.csv,584,V00583,Remarks,blank,Outcome not logged
visit-log.csv,585,V00584,Purpose,coerced,'routine' -> Routine visit
visit-log.csv,585,V00584,Remarks,blank,Outcome not logged
visit-log.csv,586,V00585,Visit Date,coerced,'16/07/2026' parsed as %d/%m/%Y
visit-log.csv,587,V00586,Visit Date,coerced,'18/06/2026' parsed as %d/%m/%Y
visit-log.csv,587,V00586,Purpose,coerced,'followup' -> Follow up
visit-log.csv,587,V00586,Remarks,blank,Outcome not logged
visit-log.csv,588,V00587,Visit Date,coerced,'23/05/2026' parsed as %d/%m/%Y
visit-log.csv,589,V00588,Visit Date,coerced,'28/07/2026' parsed as %d/%m/%Y
visit-log.csv,590,V00589,Visit Date,coerced,'02/05/2026' parsed as %d/%m/%Y
visit-log.csv,592,V00591,Visit Date,coerced,'08/07/2026' parsed as %d/%m/%Y
visit-log.csv,593,V00592,Purpose,blank,Purpose not logged
visit-log.csv,593,V00592,Remarks,blank,Outcome not logged
visit-log.csv,594,V00593,Duration (mins),blank,Duration not recorded
visit-log.csv,594,V00593,Purpose,blank,Purpose not logged
visit-log.csv,594,V00593,Remarks,blank,Outcome not logged
visit-log.csv,595,V00594,Visit Date,coerced,'19/06/2026' parsed as %d/%m/%Y
visit-log.csv,595,V00594,Remarks,blank,Outcome not logged
visit-log.csv,598,V00597,Visit Date,coerced,'01/07/2026' parsed as %d/%m/%Y
visit-log.csv,598,V00597,Purpose,coerced,'routine' -> Routine visit
visit-log.csv,600,V00599,Remarks,blank,Outcome not logged
visit-log.csv,601,V00600,Remarks,blank,Outcome not logged
visit-log.csv,602,V00601,Visit Date,coerced,'28/07/2026' parsed as %d/%m/%Y
visit-log.csv,603,V00602,Visit Date,coerced,'21/07/2026' parsed as %d/%m/%Y
visit-log.csv,604,V00603,Visit Date,coerced,'07/05/2026' parsed as %d/%m/%Y
visit-log.csv,604,V00603,Remarks,blank,Outcome not logged
visit-log.csv,606,V00605,Visit Date,coerced,'08/05/2026' parsed as %d/%m/%Y
visit-log.csv,606,V00605,Remarks,blank,Outcome not logged
visit-log.csv,607,V00606,Visit Date,coerced,'21/05/2026' parsed as %d/%m/%Y
visit-log.csv,607,V00606,Remarks,blank,Outcome not logged
visit-log.csv,608,V00607,Visit Date,coerced,'07/07/2026' parsed as %d/%m/%Y
visit-log.csv,608,V00607,Remarks,blank,Outcome not logged
visit-log.csv,609,V00608,Visit Date,coerced,'18/05/2026' parsed as %d/%m/%Y
visit-log.csv,609,V00608,Duration (mins),blank,Duration not recorded
visit-log.csv,610,V00609,Visit Date,coerced,'08/07/2026' parsed as %d/%m/%Y
visit-log.csv,611,V00610,Visit Date,coerced,'19/05/2026' parsed as %d/%m/%Y
visit-log.csv,612,V00611,Visit Date,coerced,'09/07/2026' parsed as %d/%m/%Y
visit-log.csv,612,V00611,Remarks,blank,Outcome not logged
visit-log.csv,613,V00612,Visit Date,coerced,'11/07/2026' parsed as %d/%m/%Y
visit-log.csv,613,V00612,Purpose,coerced,'followup' -> Follow up
visit-log.csv,614,V00613,Visit Date,coerced,'02/05/2026' parsed as %d/%m/%Y
visit-log.csv,614,V00613,Purpose,blank,Purpose not logged
visit-log.csv,614,V00613,Remarks,blank,Outcome not logged
visit-log.csv,615,V00614,Visit Date,coerced,'06/05/2026' parsed as %d/%m/%Y
visit-log.csv,615,V00614,Remarks,blank,Outcome not logged
visit-log.csv,616,V00615,Visit Date,coerced,'30/05/2026' parsed as %d/%m/%Y
visit-log.csv,617,V00616,Purpose,coerced,'routine' -> Routine visit
visit-log.csv,617,V00616,Remarks,blank,Outcome not logged
visit-log.csv,618,V00617,Visit Date,coerced,'27/07/2026' parsed as %d/%m/%Y
visit-log.csv,619,V00618,Purpose,coerced,'routine' -> Routine visit
visit-log.csv,620,V00619,Visit Date,coerced,'08/06/2026' parsed as %d/%m/%Y
visit-log.csv,620,V00619,Duration (mins),blank,Duration not recorded
visit-log.csv,622,V00621,Visit Date,coerced,'22/07/2026' parsed as %d/%m/%Y
visit-log.csv,622,V00621,Purpose,coerced,'followup' -> Follow up
visit-log.csv,623,V00622,Visit Date,coerced,'24/06/2026' parsed as %d/%m/%Y
visit-log.csv,623,V00622,Purpose,blank,Purpose not logged
visit-log.csv,624,V00623,Visit Date,coerced,'13/07/2026' parsed as %d/%m/%Y
visit-log.csv,625,V00624,Visit Date,coerced,'08/05/2026' parsed as %d/%m/%Y
visit-log.csv,626,V00625,Purpose,coerced,'routine' -> Routine visit
visit-log.csv,627,V00626,Visit Date,coerced,'06/06/2026' parsed as %d/%m/%Y
visit-log.csv,628,V00627,Visit Date,coerced,'19/05/2026' parsed as %d/%m/%Y
visit-log.csv,629,V00628,Visit Date,coerced,'16/05/2026' parsed as %d/%m/%Y
visit-log.csv,630,V00629,Visit Date,coerced,'20/07/2026' parsed as %d/%m/%Y
visit-log.csv,631,V00630,Visit Date,coerced,'18/05/2026' parsed as %d/%m/%Y
visit-log.csv,632,V00631,Visit Date,coerced,'04/06/2026' parsed as %d/%m/%Y
visit-log.csv,632,V00631,Duration (mins),blank,Duration not recorded
visit-log.csv,632,V00631,Purpose,coerced,'followup' -> Follow up
visit-log.csv,634,V00633,Purpose,coerced,'routine' -> Routine visit
visit-log.csv,635,V00634,Visit Date,coerced,'20/07/2026' parsed as %d/%m/%Y
visit-log.csv,636,V00635,Visit Date,coerced,'08/05/2026' parsed as %d/%m/%Y
visit-log.csv,636,V00635,Remarks,blank,Outcome not logged
visit-log.csv,637,V00636,Visit Date,coerced,'25/07/2026' parsed as %d/%m/%Y
visit-log.csv,637,V00636,Duration (mins),blank,Duration not recorded
visit-log.csv,637,V00636,Purpose,coerced,'routine' -> Routine visit
visit-log.csv,638,V00637,Visit Date,coerced,'08/06/2026' parsed as %d/%m/%Y
visit-log.csv,638,V00637,Duration (mins),blank,Duration not recorded
visit-log.csv,639,V00638,Purpose,blank,Purpose not logged
visit-log.csv,640,V00639,Visit Date,coerced,'09/07/2026' parsed as %d/%m/%Y
visit-log.csv,642,V00641,Visit Date,coerced,'24/07/2026' parsed as %d/%m/%Y
visit-log.csv,643,V00642,Visit Date,coerced,'24/05/2026' parsed as %d/%m/%Y
visit-log.csv,644,V00643,Visit Date,coerced,'01/05/2026' parsed as %d/%m/%Y
visit-log.csv,644,V00643,Remarks,blank,Outcome not logged
visit-log.csv,645,V00644,Visit Date,coerced,'19/05/2026' parsed as %d/%m/%Y
visit-log.csv,647,V00646,Visit Date,coerced,'10/07/2026' parsed as %d/%m/%Y
visit-log.csv,647,V00646,Remarks,blank,Outcome not logged
visit-log.csv,648,V00647,Remarks,blank,Outcome not logged
visit-log.csv,649,V00648,Purpose,coerced,'followup' -> Follow up
visit-log.csv,649,V00648,Remarks,blank,Outcome not logged
visit-log.csv,650,V00649,Visit Date,coerced,'14/07/2026' parsed as %d/%m/%Y
visit-log.csv,650,V00649,Remarks,blank,Outcome not logged
visit-log.csv,651,V00650,Remarks,blank,Outcome not logged
visit-log.csv,652,V00651,Visit Date,coerced,'06/06/2026' parsed as %d/%m/%Y
visit-log.csv,655,V00654,Visit Date,coerced,'22/05/2026' parsed as %d/%m/%Y
visit-log.csv,656,V00655,Visit Date,coerced,'01/06/2026' parsed as %d/%m/%Y
visit-log.csv,656,V00655,Remarks,blank,Outcome not logged
visit-log.csv,657,V00656,Visit Date,coerced,'25/06/2026' parsed as %d/%m/%Y
visit-log.csv,658,V00657,Visit Date,coerced,'23/07/2026' parsed as %d/%m/%Y
visit-log.csv,658,V00657,Purpose,blank,Purpose not logged
visit-log.csv,659,V00658,Visit Date,coerced,'07/07/2026' parsed as %d/%m/%Y
visit-log.csv,660,V00659,Visit Date,coerced,'29/06/2026' parsed as %d/%m/%Y
visit-log.csv,660,V00659,Remarks,blank,Outcome not logged
visit-log.csv,661,V00660,Visit Date,coerced,'01/05/2026' parsed as %d/%m/%Y
visit-log.csv,661,V00660,Remarks,blank,Outcome not logged
visit-log.csv,662,V00661,Visit Date,coerced,'23/07/2026' parsed as %d/%m/%Y
visit-log.csv,662,V00661,Purpose,blank,Purpose not logged
visit-log.csv,663,V00662,Visit Date,coerced,'25/06/2026' parsed as %d/%m/%Y
visit-log.csv,664,V00663,Visit Date,coerced,'09/06/2026' parsed as %d/%m/%Y
visit-log.csv,665,V00664,Visit Date,coerced,'14/07/2026' parsed as %d/%m/%Y
visit-log.csv,665,V00664,Remarks,blank,Outcome not logged
visit-log.csv,666,V00665,Visit Date,coerced,'15/07/2026' parsed as %d/%m/%Y
visit-log.csv,666,V00665,Purpose,coerced,'followup' -> Follow up
visit-log.csv,667,V00666,Remarks,blank,Outcome not logged
visit-log.csv,668,V00667,Visit Date,coerced,'08/05/2026' parsed as %d/%m/%Y
visit-log.csv,668,V00667,Remarks,blank,Outcome not logged
visit-log.csv,669,V00668,Visit Date,coerced,'17/07/2026' parsed as %d/%m/%Y
visit-log.csv,669,V00668,Remarks,blank,Outcome not logged
visit-log.csv,670,V00669,Visit Date,coerced,'04/07/2026' parsed as %d/%m/%Y
visit-log.csv,672,V00671,Visit Date,coerced,'14/07/2026' parsed as %d/%m/%Y
visit-log.csv,673,V00672,Visit Date,coerced,'22/07/2026' parsed as %d/%m/%Y
visit-log.csv,673,V00672,Remarks,blank,Outcome not logged
visit-log.csv,676,V00675,Visit Date,coerced,'13/07/2026' parsed as %d/%m/%Y
visit-log.csv,676,V00675,Purpose,blank,Purpose not logged
visit-log.csv,677,V00676,Visit Date,coerced,'01/07/2026' parsed as %d/%m/%Y
visit-log.csv,678,V00677,Visit Date,coerced,'05/05/2026' parsed as %d/%m/%Y
visit-log.csv,679,V00678,Visit Date,coerced,'25/05/2026' parsed as %d/%m/%Y
visit-log.csv,680,V00679,Visit Date,coerced,'06/05/2026' parsed as %d/%m/%Y
visit-log.csv,680,V00679,Remarks,blank,Outcome not logged
visit-log.csv,681,V00680,Visit Date,coerced,'05/06/2026' parsed as %d/%m/%Y
visit-log.csv,681,V00680,Remarks,blank,Outcome not logged
visit-log.csv,682,V00681,Visit Date,coerced,'13/06/2026' parsed as %d/%m/%Y
visit-log.csv,682,V00681,Purpose,coerced,'followup' -> Follow up
visit-log.csv,682,V00681,Remarks,blank,Outcome not logged
visit-log.csv,683,V00682,Visit Date,coerced,'09/07/2026' parsed as %d/%m/%Y
visit-log.csv,683,V00682,Remarks,blank,Outcome not logged
visit-log.csv,685,V00684,Visit Date,coerced,'10/06/2026' parsed as %d/%m/%Y
visit-log.csv,685,V00684,Remarks,blank,Outcome not logged
visit-log.csv,686,V00685,Remarks,blank,Outcome not logged
visit-log.csv,687,V00686,Visit Date,coerced,'06/07/2026' parsed as %d/%m/%Y
visit-log.csv,688,V00687,Visit Date,coerced,'07/05/2026' parsed as %d/%m/%Y
visit-log.csv,689,V00688,Visit Date,coerced,'02/07/2026' parsed as %d/%m/%Y
visit-log.csv,690,V00689,Visit Date,coerced,'27/06/2026' parsed as %d/%m/%Y
visit-log.csv,690,V00689,Duration (mins),blank,Duration not recorded
visit-log.csv,691,V00690,Visit Date,coerced,'28/05/2026' parsed as %d/%m/%Y
visit-log.csv,692,V00691,Visit Date,coerced,'21/05/2026' parsed as %d/%m/%Y
visit-log.csv,692,V00691,Remarks,blank,Outcome not logged
visit-log.csv,693,V00692,Visit Date,coerced,'06/06/2026' parsed as %d/%m/%Y
visit-log.csv,694,V00693,Visit Date,coerced,'01/05/2026' parsed as %d/%m/%Y
visit-log.csv,695,V00694,Visit Date,coerced,'28/05/2026' parsed as %d/%m/%Y
visit-log.csv,696,V00695,Visit Date,coerced,'25/05/2026' parsed as %d/%m/%Y
visit-log.csv,698,V00697,Visit Date,coerced,'27/05/2026' parsed as %d/%m/%Y
visit-log.csv,699,V00698,Duration (mins),blank,Duration not recorded
visit-log.csv,699,V00698,Purpose,blank,Purpose not logged
visit-log.csv,699,V00698,Remarks,blank,Outcome not logged
visit-log.csv,700,V00699,Visit Date,coerced,'13/07/2026' parsed as %d/%m/%Y
visit-log.csv,701,V00700,Remarks,blank,Outcome not logged
visit-log.csv,702,V00701,Duration (mins),blank,Duration not recorded
visit-log.csv,703,V00702,Visit Date,coerced,'16/05/2026' parsed as %d/%m/%Y
visit-log.csv,703,V00702,Remarks,blank,Outcome not logged
visit-log.csv,704,V00703,Visit Date,coerced,'08/07/2026' parsed as %d/%m/%Y
visit-log.csv,705,V00704,Visit Date,coerced,'18/07/2026' parsed as %d/%m/%Y
visit-log.csv,705,V00704,Purpose,blank,Purpose not logged
visit-log.csv,705,V00704,Remarks,blank,Outcome not logged
visit-log.csv,706,V00705,Visit Date,coerced,'20/05/2026' parsed as %d/%m/%Y
visit-log.csv,707,V00706,Duration (mins),blank,Duration not recorded
visit-log.csv,708,V00707,Visit Date,coerced,'20/05/2026' parsed as %d/%m/%Y
visit-log.csv,708,V00707,Duration (mins),blank,Duration not recorded
visit-log.csv,710,V00709,Visit Date,coerced,'02/05/2026' parsed as %d/%m/%Y
visit-log.csv,710,V00709,Purpose,blank,Purpose not logged
visit-log.csv,711,V00710,Visit Date,coerced,'30/05/2026' parsed as %d/%m/%Y
visit-log.csv,711,V00710,Purpose,coerced,'followup' -> Follow up
visit-log.csv,711,V00710,Remarks,blank,Outcome not logged
visit-log.csv,712,V00711,Visit Date,coerced,'27/05/2026' parsed as %d/%m/%Y
visit-log.csv,712,V00711,Duration (mins),blank,Duration not recorded
visit-log.csv,712,V00711,Remarks,blank,Outcome not logged
visit-log.csv,713,V00712,Visit Date,coerced,'03/07/2026' parsed as %d/%m/%Y
visit-log.csv,713,V00712,Remarks,blank,Outcome not logged
visit-log.csv,714,V00713,Visit Date,coerced,'16/07/2026' parsed as %d/%m/%Y
visit-log.csv,715,V00714,Purpose,coerced,'routine' -> Routine visit
visit-log.csv,715,V00714,Remarks,blank,Outcome not logged
visit-log.csv,716,V00715,Visit Date,coerced,'20/06/2026' parsed as %d/%m/%Y
visit-log.csv,716,V00715,Purpose,blank,Purpose not logged
visit-log.csv,716,V00715,Remarks,blank,Outcome not logged
visit-log.csv,717,V00716,Duration (mins),blank,Duration not recorded
visit-log.csv,718,V00717,Visit Date,coerced,'05/06/2026' parsed as %d/%m/%Y
visit-log.csv,719,V00718,Visit Date,coerced,'13/06/2026' parsed as %d/%m/%Y
visit-log.csv,719,V00718,Duration (mins),blank,Duration not recorded
visit-log.csv,719,V00718,Remarks,blank,Outcome not logged
visit-log.csv,720,V00719,Visit Date,coerced,'19/06/2026' parsed as %d/%m/%Y
visit-log.csv,720,V00719,Purpose,blank,Purpose not logged
visit-log.csv,720,V00719,Remarks,blank,Outcome not logged
visit-log.csv,721,V00720,Visit Date,coerced,'15/06/2026' parsed as %d/%m/%Y
visit-log.csv,721,V00720,Remarks,blank,Outcome not logged
visit-log.csv,722,V00721,Visit Date,coerced,'21/07/2026' parsed as %d/%m/%Y
visit-log.csv,723,V00722,Visit Date,coerced,'10/07/2026' parsed as %d/%m/%Y
visit-log.csv,723,V00722,Purpose,coerced,'routine' -> Routine visit
visit-log.csv,724,V00723,Remarks,blank,Outcome not logged
visit-log.csv,725,V00724,Visit Date,coerced,'13/06/2026' parsed as %d/%m/%Y
visit-log.csv,727,V00726,Purpose,coerced,'followup' -> Follow up
visit-log.csv,727,V00726,Remarks,blank,Outcome not logged
visit-log.csv,728,V00727,Purpose,coerced,'routine' -> Routine visit
visit-log.csv,729,V00728,Purpose,blank,Purpose not logged
visit-log.csv,729,V00728,Remarks,blank,Outcome not logged
visit-log.csv,730,V00729,Purpose,blank,Purpose not logged
visit-log.csv,731,V00730,Visit Date,coerced,'20/06/2026' parsed as %d/%m/%Y
visit-log.csv,731,V00730,Purpose,coerced,'routine' -> Routine visit
visit-log.csv,735,V00734,Visit Date,coerced,'09/05/2026' parsed as %d/%m/%Y
visit-log.csv,735,V00734,Duration (mins),blank,Duration not recorded
visit-log.csv,736,V00735,Visit Date,coerced,'28/06/2026' parsed as %d/%m/%Y
visit-log.csv,736,V00735,Purpose,coerced,'followup' -> Follow up
visit-log.csv,737,V00736,Visit Date,coerced,'11/06/2026' parsed as %d/%m/%Y
visit-log.csv,738,V00737,Purpose,coerced,'routine' -> Routine visit
visit-log.csv,738,V00737,Remarks,blank,Outcome not logged
visit-log.csv,739,V00738,Visit Date,coerced,'19/05/2026' parsed as %d/%m/%Y
visit-log.csv,739,V00738,Remarks,blank,Outcome not logged
visit-log.csv,740,V00739,Purpose,coerced,'followup' -> Follow up
visit-log.csv,741,V00740,Visit Date,coerced,'26/05/2026' parsed as %d/%m/%Y
visit-log.csv,741,V00740,Duration (mins),blank,Duration not recorded
visit-log.csv,742,V00741,Visit Date,coerced,'06/07/2026' parsed as %d/%m/%Y
visit-log.csv,743,V00742,Visit Date,coerced,'04/06/2026' parsed as %d/%m/%Y
visit-log.csv,743,V00742,Purpose,coerced,'followup' -> Follow up
visit-log.csv,744,V00743,Visit Date,coerced,'22/07/2026' parsed as %d/%m/%Y
visit-log.csv,745,V00744,Visit Date,coerced,'07/05/2026' parsed as %d/%m/%Y
visit-log.csv,745,V00744,Purpose,coerced,'followup' -> Follow up
visit-log.csv,745,V00744,Remarks,blank,Outcome not logged
visit-log.csv,746,V00745,Visit Date,coerced,'04/06/2026' parsed as %d/%m/%Y
visit-log.csv,747,V00746,Visit Date,coerced,'25/07/2026' parsed as %d/%m/%Y
visit-log.csv,748,V00747,Visit Date,coerced,'27/07/2026' parsed as %d/%m/%Y
visit-log.csv,748,V00747,Duration (mins),blank,Duration not recorded
visit-log.csv,749,V00748,Visit Date,coerced,'18/05/2026' parsed as %d/%m/%Y
visit-log.csv,749,V00748,Remarks,blank,Outcome not logged
visit-log.csv,750,V00749,Visit Date,coerced,'26/05/2026' parsed as %d/%m/%Y
visit-log.csv,750,V00749,Remarks,blank,Outcome not logged
visit-log.csv,751,V00750,Visit Date,coerced,'08/05/2026' parsed as %d/%m/%Y
visit-log.csv,751,V00750,Duration (mins),blank,Duration not recorded
visit-log.csv,752,V00751,Duration (mins),blank,Duration not recorded
visit-log.csv,754,V00753,Visit Date,coerced,'16/05/2026' parsed as %d/%m/%Y
visit-log.csv,754,V00753,Purpose,blank,Purpose not logged
visit-log.csv,754,V00753,Remarks,blank,Outcome not logged
visit-log.csv,755,V00754,Visit Date,coerced,'17/05/2026' parsed as %d/%m/%Y
visit-log.csv,755,V00754,Purpose,coerced,'routine' -> Routine visit
visit-log.csv,755,V00754,Remarks,blank,Outcome not logged
visit-log.csv,756,V00755,Visit Date,coerced,'11/05/2026' parsed as %d/%m/%Y
visit-log.csv,756,V00755,Purpose,coerced,'routine' -> Routine visit
visit-log.csv,757,V00756,Visit Date,coerced,'25/06/2026' parsed as %d/%m/%Y
visit-log.csv,758,V00757,Purpose,coerced,'followup' -> Follow up
visit-log.csv,759,V00758,Visit Date,coerced,'06/07/2026' parsed as %d/%m/%Y
visit-log.csv,759,V00758,Purpose,blank,Purpose not logged
visit-log.csv,760,V00759,Purpose,coerced,'routine' -> Routine visit
visit-log.csv,760,V00759,Remarks,blank,Outcome not logged
visit-log.csv,761,V00760,Visit Date,coerced,'23/05/2026' parsed as %d/%m/%Y
visit-log.csv,762,V00761,Purpose,blank,Purpose not logged
visit-log.csv,763,V00762,Visit Date,coerced,'22/07/2026' parsed as %d/%m/%Y
visit-log.csv,763,V00762,Duration (mins),blank,Duration not recorded
visit-log.csv,763,V00762,Remarks,blank,Outcome not logged
visit-log.csv,764,V00763,Visit Date,coerced,'05/06/2026' parsed as %d/%m/%Y
visit-log.csv,764,V00763,Remarks,blank,Outcome not logged
visit-log.csv,765,V00764,Visit Date,coerced,'16/07/2026' parsed as %d/%m/%Y
visit-log.csv,765,V00764,Duration (mins),blank,Duration not recorded
visit-log.csv,765,V00764,Remarks,blank,Outcome not logged
visit-log.csv,766,V00765,Visit Date,coerced,'05/05/2026' parsed as %d/%m/%Y
visit-log.csv,766,V00765,Duration (mins),blank,Duration not recorded
visit-log.csv,766,V00765,Purpose,coerced,'followup' -> Follow up
visit-log.csv,767,V00766,Visit Date,coerced,'20/06/2026' parsed as %d/%m/%Y
visit-log.csv,767,V00766,Remarks,blank,Outcome not logged
visit-log.csv,768,V00767,Visit Date,coerced,'01/06/2026' parsed as %d/%m/%Y
visit-log.csv,769,V00768,Visit Date,coerced,'25/05/2026' parsed as %d/%m/%Y
visit-log.csv,769,V00768,Duration (mins),blank,Duration not recorded
visit-log.csv,769,V00768,Purpose,blank,Purpose not logged
visit-log.csv,769,V00768,Remarks,blank,Outcome not logged
visit-log.csv,770,V00769,Visit Date,coerced,'21/07/2026' parsed as %d/%m/%Y
visit-log.csv,771,V00770,Remarks,blank,Outcome not logged
visit-log.csv,772,V00771,Visit Date,coerced,'23/06/2026' parsed as %d/%m/%Y
visit-log.csv,772,V00771,Remarks,blank,Outcome not logged
visit-log.csv,773,V00772,Visit Date,coerced,'05/05/2026' parsed as %d/%m/%Y
visit-log.csv,773,V00772,Remarks,blank,Outcome not logged
visit-log.csv,774,V00773,Visit Date,coerced,'19/06/2026' parsed as %d/%m/%Y
visit-log.csv,775,V00774,Visit Date,coerced,'17/07/2026' parsed as %d/%m/%Y
visit-log.csv,776,V00775,Visit Date,coerced,'25/07/2026' parsed as %d/%m/%Y
visit-log.csv,776,V00775,Duration (mins),blank,Duration not recorded
visit-log.csv,777,V00776,Visit Date,coerced,'11/07/2026' parsed as %d/%m/%Y
visit-log.csv,777,V00776,Remarks,blank,Outcome not logged
visit-log.csv,780,V00779,Visit Date,coerced,'01/06/2026' parsed as %d/%m/%Y
visit-log.csv,782,V00781,Visit Date,coerced,'26/05/2026' parsed as %d/%m/%Y
visit-log.csv,782,V00781,Purpose,blank,Purpose not logged
visit-log.csv,782,V00781,Remarks,blank,Outcome not logged
visit-log.csv,783,V00782,Visit Date,coerced,'06/07/2026' parsed as %d/%m/%Y
visit-log.csv,785,V00784,Visit Date,coerced,'21/07/2026' parsed as %d/%m/%Y
visit-log.csv,786,V00785,Visit Date,coerced,'21/05/2026' parsed as %d/%m/%Y
visit-log.csv,787,V00786,Visit Date,coerced,'10/07/2026' parsed as %d/%m/%Y
visit-log.csv,787,V00786,Duration (mins),blank,Duration not recorded
visit-log.csv,788,V00787,Visit Date,coerced,'03/07/2026' parsed as %d/%m/%Y
visit-log.csv,788,V00787,Purpose,coerced,'routine' -> Routine visit
visit-log.csv,788,V00787,Remarks,blank,Outcome not logged
visit-log.csv,789,V00788,Visit Date,coerced,'13/06/2026' parsed as %d/%m/%Y
visit-log.csv,789,V00788,Remarks,blank,Outcome not logged
visit-log.csv,790,V00789,Visit Date,coerced,'08/07/2026' parsed as %d/%m/%Y
visit-log.csv,791,V00790,Duration (mins),blank,Duration not recorded
visit-log.csv,791,V00790,Purpose,coerced,'followup' -> Follow up
visit-log.csv,793,V00792,Visit Date,coerced,'29/05/2026' parsed as %d/%m/%Y
visit-log.csv,794,V00793,Visit Date,coerced,'22/05/2026' parsed as %d/%m/%Y
visit-log.csv,794,V00793,Purpose,coerced,'followup' -> Follow up
visit-log.csv,794,V00793,Remarks,blank,Outcome not logged
visit-log.csv,795,V00794,Remarks,blank,Outcome not logged
visit-log.csv,796,V00795,Visit Date,coerced,'25/05/2026' parsed as %d/%m/%Y
visit-log.csv,796,V00795,Duration (mins),blank,Duration not recorded
visit-log.csv,798,V00797,Visit Date,coerced,'10/07/2026' parsed as %d/%m/%Y
visit-log.csv,798,V00797,Duration (mins),blank,Duration not recorded
visit-log.csv,799,V00798,Visit Date,coerced,'18/07/2026' parsed as %d/%m/%Y
visit-log.csv,801,V00800,Visit Date,coerced,'03/07/2026' parsed as %d/%m/%Y
visit-log.csv,802,V00801,Visit Date,coerced,'05/05/2026' parsed as %d/%m/%Y
visit-log.csv,802,V00801,Purpose,blank,Purpose not logged
visit-log.csv,803,V00802,Visit Date,coerced,'29/07/2026' parsed as %d/%m/%Y
visit-log.csv,805,V00804,Visit Date,coerced,'08/05/2026' parsed as %d/%m/%Y
visit-log.csv,805,V00804,Purpose,coerced,'routine' -> Routine visit
visit-log.csv,805,V00804,Remarks,blank,Outcome not logged
visit-log.csv,807,V00806,Visit Date,coerced,'16/06/2026' parsed as %d/%m/%Y
visit-log.csv,809,V00808,Visit Date,coerced,'03/06/2026' parsed as %d/%m/%Y
visit-log.csv,809,V00808,Remarks,blank,Outcome not logged
visit-log.csv,810,V00809,Visit Date,coerced,'04/06/2026' parsed as %d/%m/%Y
visit-log.csv,811,V00810,Visit Date,coerced,'31/07/2026' parsed as %d/%m/%Y
visit-log.csv,811,V00810,Purpose,blank,Purpose not logged
visit-log.csv,812,V00811,Visit Date,coerced,'13/07/2026' parsed as %d/%m/%Y
visit-log.csv,812,V00811,Purpose,coerced,'routine' -> Routine visit
visit-log.csv,812,V00811,Remarks,blank,Outcome not logged
visit-log.csv,813,V00812,Visit Date,coerced,'30/05/2026' parsed as %d/%m/%Y
visit-log.csv,814,V00813,Visit Date,coerced,'16/07/2026' parsed as %d/%m/%Y
visit-log.csv,815,V00814,Visit Date,coerced,'25/06/2026' parsed as %d/%m/%Y
visit-log.csv,815,V00814,Purpose,blank,Purpose not logged
visit-log.csv,815,V00814,Remarks,blank,Outcome not logged
visit-log.csv,816,V00815,Visit Date,coerced,'14/07/2026' parsed as %d/%m/%Y
visit-log.csv,816,V00815,Remarks,blank,Outcome not logged
visit-log.csv,817,V00816,Remarks,blank,Outcome not logged
visit-log.csv,818,V00817,Visit Date,coerced,'09/05/2026' parsed as %d/%m/%Y
visit-log.csv,818,V00817,Remarks,blank,Outcome not logged
visit-log.csv,819,V00818,Visit Date,coerced,'11/07/2026' parsed as %d/%m/%Y
visit-log.csv,819,V00818,Purpose,blank,Purpose not logged
visit-log.csv,820,V00819,Visit Date,coerced,'07/05/2026' parsed as %d/%m/%Y
visit-log.csv,820,V00819,Remarks,blank,Outcome not logged
visit-log.csv,821,V00820,Visit Date,coerced,'30/06/2026' parsed as %d/%m/%Y
visit-log.csv,822,V00821,Remarks,blank,Outcome not logged
visit-log.csv,823,V00822,Visit Date,coerced,'23/05/2026' parsed as %d/%m/%Y
visit-log.csv,823,V00822,Remarks,blank,Outcome not logged
visit-log.csv,824,V00823,Visit Date,coerced,'28/05/2026' parsed as %d/%m/%Y
visit-log.csv,824,V00823,Purpose,coerced,'routine' -> Routine visit
visit-log.csv,825,V00824,Visit Date,coerced,'20/07/2026' parsed as %d/%m/%Y
visit-log.csv,826,V00825,Visit Date,coerced,'25/07/2026' parsed as %d/%m/%Y
visit-log.csv,826,V00825,Remarks,blank,Outcome not logged
visit-log.csv,827,V00826,Visit Date,coerced,'09/07/2026' parsed as %d/%m/%Y
visit-log.csv,828,V00827,Visit Date,coerced,'29/05/2026' parsed as %d/%m/%Y
visit-log.csv,829,V00828,Visit Date,coerced,'18/07/2026' parsed as %d/%m/%Y
visit-log.csv,829,V00828,Purpose,coerced,'followup' -> Follow up
visit-log.csv,830,V00829,Visit Date,coerced,'10/06/2026' parsed as %d/%m/%Y
visit-log.csv,830,V00829,Duration (mins),blank,Duration not recorded
visit-log.csv,832,V00831,Visit Date,coerced,'21/07/2026' parsed as %d/%m/%Y
visit-log.csv,832,V00831,Remarks,blank,Outcome not logged
visit-log.csv,833,V00832,Visit Date,coerced,'29/05/2026' parsed as %d/%m/%Y
visit-log.csv,833,V00832,Duration (mins),blank,Duration not recorded
visit-log.csv,833,V00832,Purpose,coerced,'routine' -> Routine visit
visit-log.csv,834,V00833,Visit Date,coerced,'06/06/2026' parsed as %d/%m/%Y
visit-log.csv,835,V00834,Visit Date,coerced,'30/07/2026' parsed as %d/%m/%Y
visit-log.csv,835,V00834,Remarks,blank,Outcome not logged
visit-log.csv,836,V00835,Visit Date,coerced,'29/05/2026' parsed as %d/%m/%Y
visit-log.csv,836,V00835,Purpose,coerced,'routine' -> Routine visit
visit-log.csv,836,V00835,Remarks,blank,Outcome not logged
visit-log.csv,837,V00836,Visit Date,coerced,'07/05/2026' parsed as %d/%m/%Y
visit-log.csv,837,V00836,Remarks,blank,Outcome not logged
visit-log.csv,838,V00837,Visit Date,coerced,'12/05/2026' parsed as %d/%m/%Y
visit-log.csv,838,V00837,Duration (mins),blank,Duration not recorded
visit-log.csv,839,V00838,Visit Date,coerced,'07/07/2026' parsed as %d/%m/%Y
visit-log.csv,839,V00838,Remarks,blank,Outcome not logged
visit-log.csv,840,V00839,Visit Date,coerced,'20/05/2026' parsed as %d/%m/%Y
visit-log.csv,840,V00839,Purpose,coerced,'followup' -> Follow up
visit-log.csv,841,V00840,Visit Date,coerced,'23/06/2026' parsed as %d/%m/%Y
visit-log.csv,841,V00840,Remarks,blank,Outcome not logged
visit-log.csv,842,V00841,Visit Date,coerced,'01/07/2026' parsed as %d/%m/%Y
visit-log.csv,843,V00842,Visit Date,coerced,'27/05/2026' parsed as %d/%m/%Y
visit-log.csv,843,V00842,Purpose,coerced,'routine' -> Routine visit
visit-log.csv,844,V00843,Visit Date,coerced,'22/06/2026' parsed as %d/%m/%Y
visit-log.csv,844,V00843,Remarks,blank,Outcome not logged
visit-log.csv,845,V00844,Purpose,coerced,'followup' -> Follow up
visit-log.csv,846,V00845,Duration (mins),blank,Duration not recorded
visit-log.csv,847,V00846,Purpose,blank,Purpose not logged
visit-log.csv,848,V00847,Visit Date,coerced,'29/06/2026' parsed as %d/%m/%Y
visit-log.csv,849,V00848,Visit Date,coerced,'20/06/2026' parsed as %d/%m/%Y
visit-log.csv,849,V00848,Remarks,blank,Outcome not logged
visit-log.csv,850,V00849,Visit Date,coerced,'25/05/2026' parsed as %d/%m/%Y
visit-log.csv,850,V00849,Purpose,coerced,'followup' -> Follow up
visit-log.csv,851,V00850,Visit Date,coerced,'17/06/2026' parsed as %d/%m/%Y
visit-log.csv,852,V00851,Visit Date,coerced,'13/07/2026' parsed as %d/%m/%Y
visit-log.csv,852,V00851,Duration (mins),blank,Duration not recorded
visit-log.csv,853,V00852,Duration (mins),blank,Duration not recorded
visit-log.csv,854,V00853,Remarks,blank,Outcome not logged
visit-log.csv,855,V00854,Duration (mins),blank,Duration not recorded
visit-log.csv,856,V00855,Visit Date,coerced,'06/05/2026' parsed as %d/%m/%Y
visit-log.csv,856,V00855,Remarks,blank,Outcome not logged
visit-log.csv,857,V00856,Duration (mins),blank,Duration not recorded
visit-log.csv,857,V00856,Purpose,coerced,'routine' -> Routine visit
visit-log.csv,857,V00856,Remarks,blank,Outcome not logged
visit-log.csv,858,V00857,Visit Date,coerced,'25/07/2026' parsed as %d/%m/%Y
visit-log.csv,858,V00857,Duration (mins),blank,Duration not recorded
visit-log.csv,858,V00857,Purpose,coerced,'followup' -> Follow up
visit-log.csv,859,V00858,Purpose,coerced,'followup' -> Follow up
visit-log.csv,859,V00858,Remarks,blank,Outcome not logged
visit-log.csv,860,V00859,Visit Date,coerced,'27/07/2026' parsed as %d/%m/%Y
visit-log.csv,860,V00859,Purpose,coerced,'routine' -> Routine visit
visit-log.csv,860,V00859,Remarks,blank,Outcome not logged
visit-log.csv,861,V00860,Visit Date,coerced,'17/07/2026' parsed as %d/%m/%Y
visit-log.csv,861,V00860,Purpose,coerced,'followup' -> Follow up
visit-log.csv,861,V00860,Remarks,blank,Outcome not logged
visit-log.csv,862,V00861,Purpose,coerced,'routine' -> Routine visit
visit-log.csv,863,V00862,Visit Date,coerced,'02/07/2026' parsed as %d/%m/%Y
visit-log.csv,863,V00862,Purpose,blank,Purpose not logged
visit-log.csv,864,V00863,Purpose,coerced,'routine' -> Routine visit
visit-log.csv,864,V00863,Remarks,blank,Outcome not logged
visit-log.csv,865,V00864,Purpose,blank,Purpose not logged
visit-log.csv,866,V00865,Visit Date,coerced,'13/07/2026' parsed as %d/%m/%Y
visit-log.csv,866,V00865,Remarks,blank,Outcome not logged
visit-log.csv,867,V00866,Visit Date,coerced,'06/07/2026' parsed as %d/%m/%Y
visit-log.csv,868,V00867,Purpose,coerced,'followup' -> Follow up
visit-log.csv,868,V00867,Remarks,blank,Outcome not logged
visit-log.csv,869,V00868,Purpose,coerced,'routine' -> Routine visit
visit-log.csv,870,V00869,Visit Date,coerced,'13/07/2026' parsed as %d/%m/%Y
visit-log.csv,871,V00870,Visit Date,coerced,'11/06/2026' parsed as %d/%m/%Y
visit-log.csv,872,V00871,Purpose,blank,Purpose not logged
visit-log.csv,873,V00872,Visit Date,coerced,'29/06/2026' parsed as %d/%m/%Y
visit-log.csv,873,V00872,Remarks,blank,Outcome not logged
visit-log.csv,874,V00873,Visit Date,coerced,'08/07/2026' parsed as %d/%m/%Y
visit-log.csv,874,V00873,Purpose,blank,Purpose not logged
visit-log.csv,875,V00874,Visit Date,coerced,'05/07/2026' parsed as %d/%m/%Y
visit-log.csv,875,V00874,Duration (mins),blank,Duration not recorded
visit-log.csv,875,V00874,Purpose,coerced,'followup' -> Follow up
visit-log.csv,876,V00875,Visit Date,coerced,'28/05/2026' parsed as %d/%m/%Y
visit-log.csv,877,V00876,Visit Date,coerced,'14/07/2026' parsed as %d/%m/%Y
visit-log.csv,877,V00876,Remarks,blank,Outcome not logged
visit-log.csv,878,V00877,Duration (mins),blank,Duration not recorded
visit-log.csv,878,V00877,Remarks,blank,Outcome not logged
visit-log.csv,879,V00878,Visit Date,coerced,'03/06/2026' parsed as %d/%m/%Y
visit-log.csv,880,V00879,Duration (mins),blank,Duration not recorded
visit-log.csv,880,V00879,Purpose,coerced,'routine' -> Routine visit
visit-log.csv,880,V00879,Remarks,blank,Outcome not logged
visit-log.csv,881,V00880,Visit Date,coerced,'18/05/2026' parsed as %d/%m/%Y
visit-log.csv,881,V00880,Purpose,coerced,'followup' -> Follow up
visit-log.csv,881,V00880,Remarks,blank,Outcome not logged
visit-log.csv,882,V00881,Visit Date,coerced,'16/07/2026' parsed as %d/%m/%Y
visit-log.csv,882,V00881,Purpose,blank,Purpose not logged
visit-log.csv,883,V00882,Visit Date,coerced,'16/07/2026' parsed as %d/%m/%Y
visit-log.csv,884,V00883,Visit Date,coerced,'20/05/2026' parsed as %d/%m/%Y
visit-log.csv,885,V00884,Visit Date,coerced,'25/05/2026' parsed as %d/%m/%Y
visit-log.csv,886,V00885,Visit Date,coerced,'26/06/2026' parsed as %d/%m/%Y
visit-log.csv,887,V00886,Visit Date,coerced,'14/07/2026' parsed as %d/%m/%Y
visit-log.csv,889,V00888,Remarks,blank,Outcome not logged
visit-log.csv,892,V00891,Visit Date,coerced,'29/06/2026' parsed as %d/%m/%Y
visit-log.csv,892,V00891,Remarks,blank,Outcome not logged
visit-log.csv,893,V00892,Purpose,coerced,'routine' -> Routine visit
visit-log.csv,894,V00893,Visit Date,coerced,'01/06/2026' parsed as %d/%m/%Y
visit-log.csv,895,V00894,Visit Date,coerced,'12/06/2026' parsed as %d/%m/%Y
visit-log.csv,895,V00894,Purpose,blank,Purpose not logged
visit-log.csv,896,V00895,Visit Date,coerced,'14/07/2026' parsed as %d/%m/%Y
visit-log.csv,896,V00895,Purpose,coerced,'followup' -> Follow up
visit-log.csv,898,V00897,Visit Date,coerced,'27/07/2026' parsed as %d/%m/%Y
visit-log.csv,899,V00898,Visit Date,coerced,'27/05/2026' parsed as %d/%m/%Y
visit-log.csv,899,V00898,Remarks,blank,Outcome not logged
visit-log.csv,900,V00899,Visit Date,coerced,'02/07/2026' parsed as %d/%m/%Y
visit-log.csv,900,V00899,Remarks,blank,Outcome not logged
visit-log.csv,901,V00900,Visit Date,coerced,'17/06/2026' parsed as %d/%m/%Y
visit-log.csv,901,V00900,Duration (mins),blank,Duration not recorded
visit-log.csv,901,V00900,Remarks,blank,Outcome not logged
visit-log.csv,902,V00901,Visit Date,coerced,'12/06/2026' parsed as %d/%m/%Y
visit-log.csv,902,V00901,Remarks,blank,Outcome not logged
visit-log.csv,903,V00902,Visit Date,coerced,'11/06/2026' parsed as %d/%m/%Y
visit-log.csv,904,V00903,Visit Date,coerced,'07/05/2026' parsed as %d/%m/%Y
visit-log.csv,904,V00903,Remarks,blank,Outcome not logged
visit-log.csv,905,V00904,Visit Date,coerced,'24/06/2026' parsed as %d/%m/%Y
visit-log.csv,906,V00905,Visit Date,coerced,'23/06/2026' parsed as %d/%m/%Y
visit-log.csv,907,V00906,Visit Date,coerced,'26/06/2026' parsed as %d/%m/%Y
visit-log.csv,907,V00906,Remarks,blank,Outcome not logged
visit-log.csv,908,V00907,Visit Date,coerced,'02/05/2026' parsed as %d/%m/%Y
visit-log.csv,908,V00907,Purpose,coerced,'routine' -> Routine visit
visit-log.csv,908,V00907,Remarks,blank,Outcome not logged
visit-log.csv,909,V00908,Remarks,blank,Outcome not logged
visit-log.csv,910,V00909,Remarks,blank,Outcome not logged
visit-log.csv,911,V00910,Duration (mins),blank,Duration not recorded
visit-log.csv,911,V00910,Remarks,blank,Outcome not logged
visit-log.csv,912,V00911,Visit Date,coerced,'27/06/2026' parsed as %d/%m/%Y
visit-log.csv,912,V00911,Remarks,blank,Outcome not logged
visit-log.csv,913,V00912,Visit Date,coerced,'19/06/2026' parsed as %d/%m/%Y
visit-log.csv,914,V00913,Visit Date,coerced,'04/06/2026' parsed as %d/%m/%Y
visit-log.csv,914,V00913,Remarks,blank,Outcome not logged
visit-log.csv,915,V00914,Purpose,coerced,'followup' -> Follow up
visit-log.csv,916,V00915,Visit Date,coerced,'13/05/2026' parsed as %d/%m/%Y
visit-log.csv,917,V00916,Visit Date,coerced,'07/07/2026' parsed as %d/%m/%Y
visit-log.csv,917,V00916,Purpose,coerced,'routine' -> Routine visit
visit-log.csv,917,V00916,Remarks,blank,Outcome not logged
visit-log.csv,918,V00917,Visit Date,coerced,'29/07/2026' parsed as %d/%m/%Y
visit-log.csv,918,V00917,Remarks,blank,Outcome not logged
visit-log.csv,919,V00918,Purpose,coerced,'routine' -> Routine visit
visit-log.csv,920,V00919,Purpose,coerced,'followup' -> Follow up
visit-log.csv,920,V00919,Remarks,blank,Outcome not logged
visit-log.csv,921,V00920,Visit Date,coerced,'11/06/2026' parsed as %d/%m/%Y
visit-log.csv,921,V00920,Purpose,blank,Purpose not logged
visit-log.csv,922,V00921,Visit Date,coerced,'28/06/2026' parsed as %d/%m/%Y
visit-log.csv,922,V00921,Remarks,blank,Outcome not logged
visit-log.csv,923,V00922,Visit Date,coerced,'19/06/2026' parsed as %d/%m/%Y
visit-log.csv,925,V00924,Visit Date,coerced,'14/05/2026' parsed as %d/%m/%Y
visit-log.csv,926,V00925,Visit Date,coerced,'27/05/2026' parsed as %d/%m/%Y
visit-log.csv,926,V00925,Remarks,blank,Outcome not logged
visit-log.csv,927,V00926,Remarks,blank,Outcome not logged
visit-log.csv,928,V00927,Visit Date,coerced,'12/06/2026' parsed as %d/%m/%Y
visit-log.csv,928,V00927,Remarks,blank,Outcome not logged
visit-log.csv,929,V00928,Visit Date,coerced,'22/07/2026' parsed as %d/%m/%Y
visit-log.csv,930,V00929,Visit Date,coerced,'07/05/2026' parsed as %d/%m/%Y
visit-log.csv,931,V00930,Visit Date,coerced,'03/06/2026' parsed as %d/%m/%Y
visit-log.csv,931,V00930,Remarks,blank,Outcome not logged
visit-log.csv,932,V00931,Visit Date,coerced,'18/06/2026' parsed as %d/%m/%Y
visit-log.csv,933,V00932,Visit Date,coerced,'10/06/2026' parsed as %d/%m/%Y
visit-log.csv,934,V00933,Visit Date,coerced,'21/07/2026' parsed as %d/%m/%Y
visit-log.csv,934,V00933,Duration (mins),blank,Duration not recorded
visit-log.csv,935,V00934,Duration (mins),blank,Duration not recorded
visit-log.csv,935,V00934,Remarks,blank,Outcome not logged
visit-log.csv,936,V00935,Visit Date,coerced,'04/06/2026' parsed as %d/%m/%Y
visit-log.csv,936,V00935,Duration (mins),blank,Duration not recorded
visit-log.csv,936,V00935,Purpose,coerced,'followup' -> Follow up
visit-log.csv,938,V00937,Purpose,blank,Purpose not logged
visit-log.csv,939,V00938,Visit Date,coerced,'12/06/2026' parsed as %d/%m/%Y
visit-log.csv,939,V00938,Remarks,blank,Outcome not logged
visit-log.csv,940,V00939,Purpose,coerced,'routine' -> Routine visit
visit-log.csv,941,V00940,Visit Date,coerced,'14/05/2026' parsed as %d/%m/%Y
visit-log.csv,941,V00940,Duration (mins),blank,Duration not recorded
visit-log.csv,941,V00940,Purpose,coerced,'followup' -> Follow up
visit-log.csv,942,V00941,Visit Date,coerced,'10/07/2026' parsed as %d/%m/%Y
visit-log.csv,942,V00941,Purpose,coerced,'followup' -> Follow up
visit-log.csv,943,V00942,Visit Date,coerced,'03/07/2026' parsed as %d/%m/%Y
visit-log.csv,944,V00943,Visit Date,coerced,'21/07/2026' parsed as %d/%m/%Y
visit-log.csv,944,V00943,Purpose,blank,Purpose not logged
visit-log.csv,944,V00943,Remarks,blank,Outcome not logged
visit-log.csv,945,V00944,Purpose,coerced,'followup' -> Follow up
visit-log.csv,946,V00945,Visit Date,coerced,'01/06/2026' parsed as %d/%m/%Y
visit-log.csv,946,V00945,Remarks,blank,Outcome not logged
visit-log.csv,947,V00946,Visit Date,coerced,'30/05/2026' parsed as %d/%m/%Y
visit-log.csv,948,V00947,Visit Date,coerced,'16/07/2026' parsed as %d/%m/%Y
visit-log.csv,948,V00947,Purpose,coerced,'routine' -> Routine visit
visit-log.csv,948,V00947,Remarks,blank,Outcome not logged
visit-log.csv,949,V00948,Visit Date,coerced,'15/05/2026' parsed as %d/%m/%Y
visit-log.csv,949,V00948,Remarks,blank,Outcome not logged
visit-log.csv,950,V00949,Visit Date,coerced,'04/05/2026' parsed as %d/%m/%Y
visit-log.csv,950,V00949,Purpose,blank,Purpose not logged
visit-log.csv,951,V00950,Visit Date,coerced,'14/05/2026' parsed as %d/%m/%Y
visit-log.csv,951,V00950,Duration (mins),blank,Duration not recorded
visit-log.csv,951,V00950,Remarks,blank,Outcome not logged
visit-log.csv,952,V00951,Duration (mins),blank,Duration not recorded
visit-log.csv,953,V00952,Remarks,blank,Outcome not logged
visit-log.csv,954,V00953,Remarks,blank,Outcome not logged
visit-log.csv,955,V00954,Visit Date,coerced,'27/05/2026' parsed as %d/%m/%Y
visit-log.csv,955,V00954,Remarks,blank,Outcome not logged
visit-log.csv,956,V00955,Visit Date,coerced,'14/05/2026' parsed as %d/%m/%Y
visit-log.csv,957,V00956,Visit Date,coerced,'05/05/2026' parsed as %d/%m/%Y
visit-log.csv,958,V00957,Remarks,blank,Outcome not logged
visit-log.csv,960,V00959,Visit Date,coerced,'12/05/2026' parsed as %d/%m/%Y
visit-log.csv,961,V00960,Visit Date,coerced,'27/05/2026' parsed as %d/%m/%Y
visit-log.csv,961,V00960,Purpose,coerced,'followup' -> Follow up
visit-log.csv,961,V00960,Remarks,blank,Outcome not logged
visit-log.csv,962,V00961,Visit Date,coerced,'04/07/2026' parsed as %d/%m/%Y
visit-log.csv,962,V00961,Purpose,coerced,'followup' -> Follow up
visit-log.csv,963,V00962,Visit Date,coerced,'23/07/2026' parsed as %d/%m/%Y
visit-log.csv,963,V00962,Remarks,blank,Outcome not logged
visit-log.csv,964,V00963,Visit Date,coerced,'08/06/2026' parsed as %d/%m/%Y
visit-log.csv,964,V00963,Purpose,blank,Purpose not logged
visit-log.csv,964,V00963,Remarks,blank,Outcome not logged
visit-log.csv,965,V00964,Visit Date,coerced,'02/06/2026' parsed as %d/%m/%Y
visit-log.csv,965,V00964,Remarks,blank,Outcome not logged
visit-log.csv,966,V00965,Visit Date,coerced,'02/06/2026' parsed as %d/%m/%Y
visit-log.csv,967,V00966,Visit Date,coerced,'08/05/2026' parsed as %d/%m/%Y
visit-log.csv,967,V00966,Remarks,blank,Outcome not logged
visit-log.csv,968,V00967,Visit Date,coerced,'28/07/2026' parsed as %d/%m/%Y
visit-log.csv,969,V00968,Visit Date,coerced,'20/06/2026' parsed as %d/%m/%Y
visit-log.csv,969,V00968,Purpose,coerced,'routine' -> Routine visit
visit-log.csv,970,V00969,Visit Date,coerced,'04/05/2026' parsed as %d/%m/%Y
visit-log.csv,970,V00969,Remarks,blank,Outcome not logged
visit-log.csv,971,V00970,Remarks,blank,Outcome not logged
visit-log.csv,973,V00972,Visit Date,coerced,'18/07/2026' parsed as %d/%m/%Y
visit-log.csv,973,V00972,Remarks,blank,Outcome not logged
visit-log.csv,974,V00973,Visit Date,coerced,'29/05/2026' parsed as %d/%m/%Y
visit-log.csv,974,V00973,Purpose,coerced,'routine' -> Routine visit
visit-log.csv,975,V00974,Purpose,coerced,'routine' -> Routine visit
visit-log.csv,975,V00974,Remarks,blank,Outcome not logged
visit-log.csv,976,V00975,Visit Date,coerced,'08/06/2026' parsed as %d/%m/%Y
visit-log.csv,977,V00976,Visit Date,coerced,'20/06/2026' parsed as %d/%m/%Y
visit-log.csv,977,V00976,Purpose,coerced,'routine' -> Routine visit
visit-log.csv,978,V00977,Visit Date,coerced,'21/07/2026' parsed as %d/%m/%Y
visit-log.csv,979,V00978,Visit Date,coerced,'02/05/2026' parsed as %d/%m/%Y
visit-log.csv,980,V00979,Duration (mins),blank,Duration not recorded
visit-log.csv,980,V00979,Purpose,coerced,'routine' -> Routine visit
visit-log.csv,981,V00980,Purpose,blank,Purpose not logged
visit-log.csv,982,V00981,Visit Date,coerced,'22/07/2026' parsed as %d/%m/%Y
visit-log.csv,982,V00981,Purpose,coerced,'routine' -> Routine visit
visit-log.csv,983,V00982,Visit Date,coerced,'12/06/2026' parsed as %d/%m/%Y
visit-log.csv,984,V00983,Visit Date,coerced,'03/05/2026' parsed as %d/%m/%Y
visit-log.csv,984,V00983,Remarks,blank,Outcome not logged
visit-log.csv,985,V00984,Visit Date,coerced,'27/06/2026' parsed as %d/%m/%Y
visit-log.csv,985,V00984,Remarks,blank,Outcome not logged
visit-log.csv,986,V00985,Visit Date,coerced,'04/05/2026' parsed as %d/%m/%Y
visit-log.csv,986,V00985,Remarks,blank,Outcome not logged
visit-log.csv,987,V00986,Visit Date,coerced,'13/05/2026' parsed as %d/%m/%Y
visit-log.csv,987,V00986,Purpose,coerced,'followup' -> Follow up
visit-log.csv,988,V00987,Visit Date,coerced,'28/05/2026' parsed as %d/%m/%Y
visit-log.csv,989,V00988,Visit Date,coerced,'21/06/2026' parsed as %d/%m/%Y
visit-log.csv,989,V00988,Remarks,blank,Outcome not logged
visit-log.csv,990,V00989,Visit Date,coerced,'03/06/2026' parsed as %d/%m/%Y
visit-log.csv,991,V00990,Visit Date,coerced,'13/07/2026' parsed as %d/%m/%Y
visit-log.csv,991,V00990,Duration (mins),blank,Duration not recorded
visit-log.csv,991,V00990,Purpose,coerced,'routine' -> Routine visit
visit-log.csv,992,V00991,Duration (mins),blank,Duration not recorded
visit-log.csv,992,V00991,Remarks,blank,Outcome not logged
visit-log.csv,993,V00992,Visit Date,coerced,'14/07/2026' parsed as %d/%m/%Y
visit-log.csv,993,V00992,Duration (mins),blank,Duration not recorded
visit-log.csv,993,V00992,Remarks,blank,Outcome not logged
visit-log.csv,994,V00993,Visit Date,coerced,'01/06/2026' parsed as %d/%m/%Y
visit-log.csv,995,V00994,Visit Date,coerced,'20/05/2026' parsed as %d/%m/%Y
visit-log.csv,995,V00994,Purpose,coerced,'routine' -> Routine visit
visit-log.csv,995,V00994,Remarks,blank,Outcome not logged
visit-log.csv,996,V00995,Visit Date,coerced,'18/06/2026' parsed as %d/%m/%Y
visit-log.csv,997,V00996,Remarks,blank,Outcome not logged
visit-log.csv,998,V00997,Visit Date,coerced,'05/06/2026' parsed as %d/%m/%Y
visit-log.csv,999,V00998,Duration (mins),blank,Duration not recorded
visit-log.csv,1000,V00999,Visit Date,coerced,'11/06/2026' parsed as %d/%m/%Y
visit-log.csv,1000,V00999,Remarks,blank,Outcome not logged
visit-log.csv,1001,V01000,Visit Date,coerced,'15/07/2026' parsed as %d/%m/%Y
visit-log.csv,1003,V01002,Purpose,coerced,'followup' -> Follow up
visit-log.csv,1003,V01002,Remarks,blank,Outcome not logged
visit-log.csv,1004,V01003,Visit Date,coerced,'09/07/2026' parsed as %d/%m/%Y
visit-log.csv,1004,V01003,Remarks,blank,Outcome not logged
visit-log.csv,1005,V01004,Visit Date,coerced,'02/06/2026' parsed as %d/%m/%Y
visit-log.csv,1005,V01004,Remarks,blank,Outcome not logged
visit-log.csv,1005,V01004,Check In,blank,Check-in time not logged
visit-log.csv,1006,V01005,Remarks,blank,Outcome not logged
visit-log.csv,1007,V01006,Visit Date,coerced,'01/06/2026' parsed as %d/%m/%Y
visit-log.csv,1008,V01007,Visit Date,coerced,'08/07/2026' parsed as %d/%m/%Y
visit-log.csv,1008,V01007,Remarks,blank,Outcome not logged
visit-log.csv,1009,V01008,Visit Date,coerced,'19/06/2026' parsed as %d/%m/%Y
visit-log.csv,1009,V01008,Remarks,blank,Outcome not logged
visit-log.csv,1010,V01009,Purpose,coerced,'routine' -> Routine visit
visit-log.csv,1012,V01011,Visit Date,coerced,'16/07/2026' parsed as %d/%m/%Y
visit-log.csv,1012,V01011,Purpose,coerced,'routine' -> Routine visit
visit-log.csv,1013,V01012,Remarks,blank,Outcome not logged
visit-log.csv,1014,V01013,Visit Date,coerced,'30/07/2026' parsed as %d/%m/%Y
visit-log.csv,1014,V01013,Remarks,blank,Outcome not logged
visit-log.csv,1015,V01014,Visit Date,coerced,'24/07/2026' parsed as %d/%m/%Y
visit-log.csv,1015,V01014,Remarks,blank,Outcome not logged
visit-log.csv,1016,V01015,Visit Date,coerced,'21/05/2026' parsed as %d/%m/%Y
visit-log.csv,1017,V01016,Visit Date,coerced,'05/06/2026' parsed as %d/%m/%Y
visit-log.csv,1017,V01016,Purpose,blank,Purpose not logged
visit-log.csv,1017,V01016,Remarks,blank,Outcome not logged
visit-log.csv,1018,V01017,Visit Date,coerced,'22/07/2026' parsed as %d/%m/%Y
visit-log.csv,1018,V01017,Remarks,blank,Outcome not logged
visit-log.csv,1019,V01018,Visit Date,coerced,'29/07/2026' parsed as %d/%m/%Y
visit-log.csv,1019,V01018,Purpose,blank,Purpose not logged
visit-log.csv,1019,V01018,Remarks,blank,Outcome not logged
visit-log.csv,1020,V01019,Purpose,coerced,'routine' -> Routine visit
visit-log.csv,1020,V01019,Remarks,blank,Outcome not logged
visit-log.csv,1021,V01020,Purpose,coerced,'routine' -> Routine visit
visit-log.csv,1022,V01021,Purpose,blank,Purpose not logged
visit-log.csv,1022,V01021,Remarks,blank,Outcome not logged
visit-log.csv,1023,V01022,Visit Date,coerced,'04/05/2026' parsed as %d/%m/%Y
visit-log.csv,1023,V01022,Duration (mins),blank,Duration not recorded
visit-log.csv,1023,V01022,Remarks,blank,Outcome not logged
visit-log.csv,1024,V01023,Visit Date,coerced,'25/05/2026' parsed as %d/%m/%Y
visit-log.csv,1024,V01023,Remarks,blank,Outcome not logged
visit-log.csv,1025,V01024,Visit Date,coerced,'11/05/2026' parsed as %d/%m/%Y
visit-log.csv,1025,V01024,Purpose,blank,Purpose not logged
visit-log.csv,1026,V01025,Duration (mins),blank,Duration not recorded
visit-log.csv,1026,V01025,Remarks,blank,Outcome not logged
visit-log.csv,1027,V01026,Purpose,coerced,'routine' -> Routine visit
visit-log.csv,1028,V01027,Visit Date,coerced,'16/06/2026' parsed as %d/%m/%Y
visit-log.csv,1028,V01027,Remarks,blank,Outcome not logged
visit-log.csv,1029,V01028,Visit Date,coerced,'28/05/2026' parsed as %d/%m/%Y
visit-log.csv,1030,V01029,Visit Date,coerced,'05/05/2026' parsed as %d/%m/%Y
visit-log.csv,1030,V01029,Duration (mins),blank,Duration not recorded
visit-log.csv,1030,V01029,Remarks,blank,Outcome not logged
visit-log.csv,1032,V01031,Purpose,coerced,'routine' -> Routine visit
visit-log.csv,1032,V01031,Remarks,blank,Outcome not logged
visit-log.csv,1033,V01032,Visit Date,coerced,'04/07/2026' parsed as %d/%m/%Y
visit-log.csv,1035,V01034,Visit Date,coerced,'05/06/2026' parsed as %d/%m/%Y
visit-log.csv,1035,V01034,Purpose,coerced,'followup' -> Follow up
visit-log.csv,1035,V01034,Remarks,blank,Outcome not logged
visit-log.csv,1036,V01035,Visit Date,coerced,'23/05/2026' parsed as %d/%m/%Y
visit-log.csv,1036,V01035,Purpose,coerced,'followup' -> Follow up
visit-log.csv,1037,V01036,Visit Date,coerced,'19/05/2026' parsed as %d/%m/%Y
visit-log.csv,1037,V01036,Remarks,blank,Outcome not logged
visit-log.csv,1038,V01037,Remarks,blank,Outcome not logged
visit-log.csv,1039,V01038,Duration (mins),blank,Duration not recorded
visit-log.csv,1040,V01039,Remarks,blank,Outcome not logged
visit-log.csv,1041,V01040,Visit Date,coerced,'29/06/2026' parsed as %d/%m/%Y
visit-log.csv,1041,V01040,Purpose,coerced,'routine' -> Routine visit
visit-log.csv,1042,V01041,Visit Date,coerced,'30/07/2026' parsed as %d/%m/%Y
visit-log.csv,1042,V01041,Duration (mins),blank,Duration not recorded
visit-log.csv,1042,V01041,Remarks,blank,Outcome not logged
visit-log.csv,1043,V01042,Visit Date,coerced,'28/06/2026' parsed as %d/%m/%Y
visit-log.csv,1044,V01043,Visit Date,coerced,'18/05/2026' parsed as %d/%m/%Y
visit-log.csv,1045,V01044,Visit Date,coerced,'18/06/2026' parsed as %d/%m/%Y
visit-log.csv,1045,V01044,Remarks,blank,Outcome not logged
visit-log.csv,1046,V01045,Visit Date,coerced,'30/06/2026' parsed as %d/%m/%Y
visit-log.csv,1047,V01046,Visit Date,coerced,'14/05/2026' parsed as %d/%m/%Y
visit-log.csv,1047,V01046,Remarks,blank,Outcome not logged
visit-log.csv,1048,V01047,Visit Date,coerced,'06/05/2026' parsed as %d/%m/%Y
visit-log.csv,1048,V01047,Duration (mins),blank,Duration not recorded
visit-log.csv,1048,V01047,Remarks,blank,Outcome not logged
visit-log.csv,1050,V01049,Visit Date,coerced,'20/05/2026' parsed as %d/%m/%Y
visit-log.csv,1050,V01049,Duration (mins),blank,Duration not recorded
visit-log.csv,1050,V01049,Purpose,coerced,'routine' -> Routine visit
visit-log.csv,1051,V01050,Visit Date,coerced,'08/06/2026' parsed as %d/%m/%Y
visit-log.csv,1051,V01050,Purpose,blank,Purpose not logged
visit-log.csv,1051,V01050,Remarks,blank,Outcome not logged
visit-log.csv,1052,V01051,Purpose,coerced,'followup' -> Follow up
visit-log.csv,1053,V01052,Visit Date,coerced,'23/06/2026' parsed as %d/%m/%Y
visit-log.csv,1053,V01052,Purpose,blank,Purpose not logged
visit-log.csv,1054,V01053,Visit Date,coerced,'27/06/2026' parsed as %d/%m/%Y
visit-log.csv,1054,V01053,Remarks,blank,Outcome not logged
visit-log.csv,1057,V01056,Visit Date,coerced,'05/05/2026' parsed as %d/%m/%Y
visit-log.csv,1058,V01057,Purpose,coerced,'routine' -> Routine visit
visit-log.csv,1059,V01058,Purpose,coerced,'followup' -> Follow up
visit-log.csv,1060,V01059,Visit Date,coerced,'29/06/2026' parsed as %d/%m/%Y
visit-log.csv,1060,V01059,Remarks,blank,Outcome not logged
visit-log.csv,1061,V01060,Purpose,coerced,'followup' -> Follow up
visit-log.csv,1061,V01060,Remarks,blank,Outcome not logged
visit-log.csv,1062,V01061,Purpose,blank,Purpose not logged
visit-log.csv,1063,V01062,Visit Date,coerced,'12/06/2026' parsed as %d/%m/%Y
visit-log.csv,1063,V01062,Duration (mins),blank,Duration not recorded
visit-log.csv,1063,V01062,Remarks,blank,Outcome not logged
visit-log.csv,1064,V01063,Visit Date,coerced,'08/06/2026' parsed as %d/%m/%Y
visit-log.csv,1064,V01063,Purpose,coerced,'followup' -> Follow up
visit-log.csv,1065,V01064,Visit Date,coerced,'27/06/2026' parsed as %d/%m/%Y
visit-log.csv,1065,V01064,Remarks,blank,Outcome not logged
visit-log.csv,1066,V01065,Visit Date,coerced,'08/05/2026' parsed as %d/%m/%Y
visit-log.csv,1066,V01065,Duration (mins),blank,Duration not recorded
visit-log.csv,1066,V01065,Purpose,coerced,'routine' -> Routine visit
visit-log.csv,1066,V01065,Remarks,blank,Outcome not logged
visit-log.csv,1067,V01066,Visit Date,coerced,'30/05/2026' parsed as %d/%m/%Y
visit-log.csv,1068,V01067,Visit Date,coerced,'16/05/2026' parsed as %d/%m/%Y
visit-log.csv,1068,V01067,Purpose,coerced,'followup' -> Follow up
visit-log.csv,1068,V01067,Remarks,blank,Outcome not logged
visit-log.csv,1070,V01069,Visit Date,coerced,'13/07/2026' parsed as %d/%m/%Y
visit-log.csv,1070,V01069,Purpose,coerced,'routine' -> Routine visit
visit-log.csv,1071,V01070,Visit Date,coerced,'02/05/2026' parsed as %d/%m/%Y
visit-log.csv,1072,V01071,Visit Date,coerced,'25/05/2026' parsed as %d/%m/%Y
visit-log.csv,1073,V01072,Visit Date,coerced,'02/07/2026' parsed as %d/%m/%Y
visit-log.csv,1074,V01073,Visit Date,coerced,'20/05/2026' parsed as %d/%m/%Y
visit-log.csv,1075,V01074,Visit Date,coerced,'09/07/2026' parsed as %d/%m/%Y
visit-log.csv,1075,V01074,Purpose,coerced,'routine' -> Routine visit
visit-log.csv,1076,V01075,Visit Date,coerced,'04/06/2026' parsed as %d/%m/%Y
visit-log.csv,1076,V01075,Remarks,blank,Outcome not logged
visit-log.csv,1078,V01077,Visit Date,coerced,'06/05/2026' parsed as %d/%m/%Y
visit-log.csv,1079,V01078,Visit Date,coerced,'10/07/2026' parsed as %d/%m/%Y
visit-log.csv,1080,V01079,Visit Date,coerced,'20/05/2026' parsed as %d/%m/%Y
visit-log.csv,1081,V01080,Visit Date,coerced,'23/06/2026' parsed as %d/%m/%Y
visit-log.csv,1082,V01081,Visit Date,coerced,'21/05/2026' parsed as %d/%m/%Y
visit-log.csv,1082,V01081,Remarks,blank,Outcome not logged
visit-log.csv,1083,V01082,Visit Date,coerced,'22/05/2026' parsed as %d/%m/%Y
visit-log.csv,1083,V01082,Remarks,blank,Outcome not logged
visit-log.csv,1084,V01083,Visit Date,coerced,'16/07/2026' parsed as %d/%m/%Y
visit-log.csv,1085,V01084,Visit Date,coerced,'15/07/2026' parsed as %d/%m/%Y
visit-log.csv,1085,V01084,Purpose,coerced,'followup' -> Follow up
visit-log.csv,1085,V01084,Remarks,blank,Outcome not logged
visit-log.csv,1086,V01085,Visit Date,coerced,'19/06/2026' parsed as %d/%m/%Y
visit-log.csv,1087,V01086,Purpose,blank,Purpose not logged
visit-log.csv,1088,V01087,Visit Date,coerced,'15/06/2026' parsed as %d/%m/%Y
visit-log.csv,1089,V01088,Visit Date,coerced,'15/05/2026' parsed as %d/%m/%Y
visit-log.csv,1090,V01089,Visit Date,coerced,'19/06/2026' parsed as %d/%m/%Y
visit-log.csv,1090,V01089,Remarks,blank,Outcome not logged
visit-log.csv,1091,V01090,Visit Date,coerced,'05/06/2026' parsed as %d/%m/%Y
visit-log.csv,1091,V01090,Remarks,blank,Outcome not logged
visit-log.csv,1092,V01091,Visit Date,coerced,'08/05/2026' parsed as %d/%m/%Y
visit-log.csv,1092,V01091,Duration (mins),blank,Duration not recorded
visit-log.csv,1093,V01092,Visit Date,coerced,'01/05/2026' parsed as %d/%m/%Y
visit-log.csv,1093,V01092,Duration (mins),blank,Duration not recorded
visit-log.csv,1093,V01092,Purpose,blank,Purpose not logged
visit-log.csv,1094,V01093,Visit Date,coerced,'16/06/2026' parsed as %d/%m/%Y
visit-log.csv,1094,V01093,Remarks,blank,Outcome not logged
visit-log.csv,1095,V01094,Visit Date,coerced,'23/07/2026' parsed as %d/%m/%Y
visit-log.csv,1096,V01095,Remarks,blank,Outcome not logged
visit-log.csv,1097,V01096,Visit Date,coerced,'13/07/2026' parsed as %d/%m/%Y
visit-log.csv,1098,V01097,Purpose,coerced,'followup' -> Follow up
visit-log.csv,1098,V01097,Remarks,blank,Outcome not logged
visit-log.csv,1099,V01098,Visit Date,coerced,'04/07/2026' parsed as %d/%m/%Y
visit-log.csv,1099,V01098,Purpose,coerced,'routine' -> Routine visit
visit-log.csv,1100,V01099,Visit Date,coerced,'15/05/2026' parsed as %d/%m/%Y
visit-log.csv,1101,V01100,Visit Date,coerced,'01/05/2026' parsed as %d/%m/%Y
visit-log.csv,1101,V01100,Purpose,coerced,'routine' -> Routine visit
visit-log.csv,1102,V01101,Visit Date,coerced,'19/05/2026' parsed as %d/%m/%Y
visit-log.csv,1102,V01101,Remarks,blank,Outcome not logged
visit-log.csv,1103,V01102,Purpose,coerced,'followup' -> Follow up
visit-log.csv,1104,V01103,Visit Date,coerced,'28/07/2026' parsed as %d/%m/%Y
visit-log.csv,1104,V01103,Purpose,coerced,'followup' -> Follow up
visit-log.csv,1104,V01103,Remarks,blank,Outcome not logged
visit-log.csv,1106,V01105,Remarks,blank,Outcome not logged
visit-log.csv,1107,V01106,Visit Date,coerced,'24/06/2026' parsed as %d/%m/%Y
visit-log.csv,1107,V01106,Remarks,blank,Outcome not logged
visit-log.csv,1108,V01107,Visit Date,coerced,'20/06/2026' parsed as %d/%m/%Y
visit-log.csv,1108,V01107,Remarks,blank,Outcome not logged
visit-log.csv,1109,V01108,Visit Date,coerced,'27/06/2026' parsed as %d/%m/%Y
visit-log.csv,1110,V01109,Visit Date,coerced,'19/05/2026' parsed as %d/%m/%Y
visit-log.csv,1110,V01109,Purpose,coerced,'followup' -> Follow up
visit-log.csv,1110,V01109,Remarks,blank,Outcome not logged
visit-log.csv,1111,V01110,Visit Date,coerced,'14/05/2026' parsed as %d/%m/%Y
visit-log.csv,1111,V01110,Duration (mins),blank,Duration not recorded
visit-log.csv,1111,V01110,Purpose,coerced,'followup' -> Follow up
visit-log.csv,1113,V01112,Visit Date,coerced,'04/07/2026' parsed as %d/%m/%Y
visit-log.csv,1113,V01112,Remarks,blank,Outcome not logged
visit-log.csv,1114,V01113,Visit Date,coerced,'27/05/2026' parsed as %d/%m/%Y
visit-log.csv,1114,V01113,Purpose,blank,Purpose not logged
visit-log.csv,1116,V01115,Remarks,blank,Outcome not logged
visit-log.csv,1117,V01116,Visit Date,coerced,'20/07/2026' parsed as %d/%m/%Y
visit-log.csv,1117,V01116,Remarks,blank,Outcome not logged
visit-log.csv,1118,V01117,Visit Date,coerced,'08/05/2026' parsed as %d/%m/%Y
visit-log.csv,1118,V01117,Remarks,blank,Outcome not logged
visit-log.csv,1119,V01118,Visit Date,coerced,'07/05/2026' parsed as %d/%m/%Y
visit-log.csv,1119,V01118,Purpose,coerced,'routine' -> Routine visit
visit-log.csv,1120,V01119,Visit Date,coerced,'29/07/2026' parsed as %d/%m/%Y
visit-log.csv,1120,V01119,Purpose,coerced,'routine' -> Routine visit
visit-log.csv,1121,V01120,Visit Date,coerced,'29/07/2026' parsed as %d/%m/%Y
visit-log.csv,1121,V01120,Duration (mins),blank,Duration not recorded
visit-log.csv,1122,V01121,Visit Date,coerced,'18/05/2026' parsed as %d/%m/%Y
visit-log.csv,1123,V01122,Purpose,coerced,'routine' -> Routine visit
visit-log.csv,1123,V01122,Remarks,blank,Outcome not logged
visit-log.csv,1124,V01123,Visit Date,coerced,'12/05/2026' parsed as %d/%m/%Y
visit-log.csv,1125,V01124,Remarks,blank,Outcome not logged
visit-log.csv,1126,V01125,Purpose,coerced,'routine' -> Routine visit
visit-log.csv,1127,V01126,Duration (mins),blank,Duration not recorded
visit-log.csv,1127,V01126,Remarks,blank,Outcome not logged
visit-log.csv,1128,V01127,Visit Date,coerced,'24/05/2026' parsed as %d/%m/%Y
visit-log.csv,1128,V01127,Purpose,coerced,'followup' -> Follow up
visit-log.csv,1129,V01128,Purpose,coerced,'routine' -> Routine visit
visit-log.csv,1129,V01128,Remarks,blank,Outcome not logged
visit-log.csv,1130,V01129,Visit Date,coerced,'11/07/2026' parsed as %d/%m/%Y
visit-log.csv,1130,V01129,Purpose,coerced,'routine' -> Routine visit
visit-log.csv,1131,V01130,Duration (mins),blank,Duration not recorded
visit-log.csv,1131,V01130,Remarks,blank,Outcome not logged
visit-log.csv,1132,V01131,Visit Date,coerced,'10/06/2026' parsed as %d/%m/%Y
visit-log.csv,1133,V01132,Visit Date,coerced,'31/07/2026' parsed as %d/%m/%Y
visit-log.csv,1133,V01132,Purpose,coerced,'routine' -> Routine visit
visit-log.csv,1133,V01132,Remarks,blank,Outcome not logged
visit-log.csv,1134,V01133,Visit Date,coerced,'20/05/2026' parsed as %d/%m/%Y
visit-log.csv,1135,V01134,Visit Date,coerced,'04/06/2026' parsed as %d/%m/%Y
visit-log.csv,1135,V01134,Duration (mins),blank,Duration not recorded
visit-log.csv,1136,V01135,Visit Date,coerced,'20/05/2026' parsed as %d/%m/%Y
visit-log.csv,1137,V01136,Visit Date,coerced,'27/05/2026' parsed as %d/%m/%Y
visit-log.csv,1139,V01138,Visit Date,coerced,'10/06/2026' parsed as %d/%m/%Y
visit-log.csv,1140,V01139,Visit Date,coerced,'09/07/2026' parsed as %d/%m/%Y
visit-log.csv,1141,V01140,Visit Date,coerced,'29/07/2026' parsed as %d/%m/%Y
visit-log.csv,1141,V01140,Remarks,blank,Outcome not logged
visit-log.csv,1142,V01141,Visit Date,coerced,'01/05/2026' parsed as %d/%m/%Y
visit-log.csv,1142,V01141,Duration (mins),blank,Duration not recorded
visit-log.csv,1143,V01142,Visit Date,coerced,'05/05/2026' parsed as %d/%m/%Y
visit-log.csv,1143,V01142,Duration (mins),blank,Duration not recorded
visit-log.csv,1144,V01143,Purpose,coerced,'routine' -> Routine visit
visit-log.csv,1144,V01143,Remarks,blank,Outcome not logged
visit-log.csv,1145,V01144,Remarks,blank,Outcome not logged
visit-log.csv,1148,V01147,Visit Date,coerced,'05/06/2026' parsed as %d/%m/%Y
visit-log.csv,1148,V01147,Duration (mins),blank,Duration not recorded
visit-log.csv,1149,V01148,Visit Date,coerced,'09/06/2026' parsed as %d/%m/%Y
visit-log.csv,1149,V01148,Remarks,blank,Outcome not logged
visit-log.csv,1150,V01149,Visit Date,coerced,'21/06/2026' parsed as %d/%m/%Y
visit-log.csv,1150,V01149,Duration (mins),blank,Duration not recorded
visit-log.csv,1150,V01149,Purpose,blank,Purpose not logged
visit-log.csv,1150,V01149,Remarks,blank,Outcome not logged
visit-log.csv,1151,V01150,Visit Date,coerced,'27/07/2026' parsed as %d/%m/%Y
visit-log.csv,1151,V01150,Purpose,blank,Purpose not logged
visit-log.csv,1152,V01151,Visit Date,coerced,'20/06/2026' parsed as %d/%m/%Y
visit-log.csv,1154,V01153,Visit Date,coerced,'22/05/2026' parsed as %d/%m/%Y
visit-log.csv,1155,V01154,Visit Date,coerced,'08/07/2026' parsed as %d/%m/%Y
visit-log.csv,1155,V01154,Remarks,blank,Outcome not logged
visit-log.csv,1156,V01155,Visit Date,coerced,'01/06/2026' parsed as %d/%m/%Y
visit-log.csv,1157,V01156,Visit Date,coerced,'20/06/2026' parsed as %d/%m/%Y
visit-log.csv,1157,V01156,Purpose,coerced,'followup' -> Follow up
visit-log.csv,1158,V01157,Visit Date,coerced,'08/06/2026' parsed as %d/%m/%Y
visit-log.csv,1158,V01157,Duration (mins),blank,Duration not recorded
visit-log.csv,1159,V01158,Visit Date,coerced,'27/07/2026' parsed as %d/%m/%Y
visit-log.csv,1159,V01158,Purpose,coerced,'routine' -> Routine visit
visit-log.csv,1159,V01158,Remarks,blank,Outcome not logged
visit-log.csv,1160,V01159,Visit Date,coerced,'28/07/2026' parsed as %d/%m/%Y
visit-log.csv,1160,V01159,Purpose,blank,Purpose not logged
visit-log.csv,1161,V01160,Visit Date,coerced,'18/05/2026' parsed as %d/%m/%Y
visit-log.csv,1163,V01162,Visit Date,coerced,'18/06/2026' parsed as %d/%m/%Y
visit-log.csv,1163,V01162,Purpose,coerced,'routine' -> Routine visit
visit-log.csv,1164,V01163,Visit Date,coerced,'08/06/2026' parsed as %d/%m/%Y
visit-log.csv,1164,V01163,Purpose,coerced,'routine' -> Routine visit
visit-log.csv,1164,V01163,Remarks,blank,Outcome not logged
visit-log.csv,1165,V01164,Visit Date,coerced,'11/06/2026' parsed as %d/%m/%Y
visit-log.csv,1165,V01164,Purpose,coerced,'followup' -> Follow up
visit-log.csv,1165,V01164,Remarks,blank,Outcome not logged
visit-log.csv,1166,V01165,Duration (mins),blank,Duration not recorded
visit-log.csv,1166,V01165,Remarks,blank,Outcome not logged
visit-log.csv,1167,V01166,Visit Date,coerced,'13/05/2026' parsed as %d/%m/%Y
visit-log.csv,1170,V01169,Remarks,blank,Outcome not logged
visit-log.csv,1172,V01171,Visit Date,coerced,'12/05/2026' parsed as %d/%m/%Y
visit-log.csv,1172,V01171,Remarks,blank,Outcome not logged
visit-log.csv,1173,V01172,Visit Date,coerced,'26/05/2026' parsed as %d/%m/%Y
visit-log.csv,1173,V01172,Remarks,blank,Outcome not logged
visit-log.csv,1174,V01173,Visit Date,coerced,'17/07/2026' parsed as %d/%m/%Y
visit-log.csv,1174,V01173,Remarks,blank,Outcome not logged
visit-log.csv,1175,V01174,Visit Date,coerced,'19/05/2026' parsed as %d/%m/%Y
visit-log.csv,1175,V01174,Duration (mins),blank,Duration not recorded
visit-log.csv,1176,V01175,Visit Date,coerced,'18/06/2026' parsed as %d/%m/%Y
visit-log.csv,1176,V01175,Remarks,blank,Outcome not logged
visit-log.csv,1177,V01176,Remarks,blank,Outcome not logged
visit-log.csv,1178,V01177,Visit Date,coerced,'13/05/2026' parsed as %d/%m/%Y
visit-log.csv,1179,V01178,Visit Date,coerced,'18/07/2026' parsed as %d/%m/%Y
visit-log.csv,1179,V01178,Purpose,blank,Purpose not logged
visit-log.csv,1180,V01179,Visit Date,coerced,'04/07/2026' parsed as %d/%m/%Y
visit-log.csv,1180,V01179,Purpose,coerced,'routine' -> Routine visit
visit-log.csv,1181,V01180,Visit Date,coerced,'02/05/2026' parsed as %d/%m/%Y
visit-log.csv,1181,V01180,Duration (mins),blank,Duration not recorded
visit-log.csv,1181,V01180,Remarks,blank,Outcome not logged
visit-log.csv,1182,V01181,Visit Date,coerced,'12/05/2026' parsed as %d/%m/%Y
visit-log.csv,1182,V01181,Duration (mins),blank,Duration not recorded
visit-log.csv,1186,V01185,Remarks,blank,Outcome not logged
visit-log.csv,1187,V01186,Visit Date,coerced,'13/05/2026' parsed as %d/%m/%Y
visit-log.csv,1188,V01187,Visit Date,coerced,'15/05/2026' parsed as %d/%m/%Y
visit-log.csv,1188,V01187,Purpose,coerced,'followup' -> Follow up
visit-log.csv,1188,V01187,Remarks,blank,Outcome not logged
visit-log.csv,1189,V01188,Visit Date,coerced,'08/06/2026' parsed as %d/%m/%Y
visit-log.csv,1189,V01188,Remarks,blank,Outcome not logged
visit-log.csv,1192,V01191,Visit Date,coerced,'05/06/2026' parsed as %d/%m/%Y
visit-log.csv,1192,V01191,Remarks,blank,Outcome not logged
visit-log.csv,1193,V01192,Visit Date,coerced,'07/07/2026' parsed as %d/%m/%Y
visit-log.csv,1193,V01192,Purpose,coerced,'followup' -> Follow up
visit-log.csv,1193,V01192,Remarks,blank,Outcome not logged
visit-log.csv,1195,V01194,Visit Date,coerced,'08/07/2026' parsed as %d/%m/%Y
visit-log.csv,1195,V01194,Purpose,blank,Purpose not logged
visit-log.csv,1195,V01194,Remarks,blank,Outcome not logged
visit-log.csv,1196,V01195,Remarks,blank,Outcome not logged
visit-log.csv,1197,V01196,Visit Date,coerced,'29/07/2026' parsed as %d/%m/%Y
visit-log.csv,1197,V01196,Purpose,coerced,'followup' -> Follow up
visit-log.csv,1198,V01197,Visit Date,coerced,'10/05/2026' parsed as %d/%m/%Y
visit-log.csv,1198,V01197,Purpose,coerced,'routine' -> Routine visit
visit-log.csv,1199,V01198,Visit Date,coerced,'13/06/2026' parsed as %d/%m/%Y
visit-log.csv,1200,V01199,Visit Date,coerced,'19/06/2026' parsed as %d/%m/%Y
visit-log.csv,1200,V01199,Duration (mins),blank,Duration not recorded
visit-log.csv,1200,V01199,Purpose,coerced,'routine' -> Routine visit
visit-log.csv,1201,V01200,Visit Date,coerced,'04/06/2026' parsed as %d/%m/%Y
visit-log.csv,1202,V01201,Visit Date,coerced,'23/06/2026' parsed as %d/%m/%Y
visit-log.csv,1202,V01201,Remarks,blank,Outcome not logged
visit-log.csv,1203,V01202,Visit Date,coerced,'29/07/2026' parsed as %d/%m/%Y
visit-log.csv,1204,V01203,Visit Date,coerced,'01/06/2026' parsed as %d/%m/%Y
visit-log.csv,1205,V01204,Remarks,blank,Outcome not logged
visit-log.csv,1206,V01205,Visit Date,coerced,'11/07/2026' parsed as %d/%m/%Y
visit-log.csv,1207,V01206,Visit Date,coerced,'29/07/2026' parsed as %d/%m/%Y
visit-log.csv,1207,V01206,Remarks,blank,Outcome not logged
visit-log.csv,1208,V01207,Visit Date,coerced,'08/07/2026' parsed as %d/%m/%Y
visit-log.csv,1208,V01207,Remarks,blank,Outcome not logged
visit-log.csv,1209,V01208,Visit Date,coerced,'24/06/2026' parsed as %d/%m/%Y
visit-log.csv,1209,V01208,Duration (mins),blank,Duration not recorded
visit-log.csv,1210,V01209,Visit Date,coerced,'07/05/2026' parsed as %d/%m/%Y
visit-log.csv,1210,V01209,Remarks,blank,Outcome not logged
visit-log.csv,1214,V01213,Visit Date,coerced,'22/06/2026' parsed as %d/%m/%Y
visit-log.csv,1214,V01213,Duration (mins),blank,Duration not recorded
visit-log.csv,1215,V01214,Visit Date,coerced,'15/06/2026' parsed as %d/%m/%Y
visit-log.csv,1216,V01215,Visit Date,coerced,'24/07/2026' parsed as %d/%m/%Y
visit-log.csv,1216,V01215,Duration (mins),blank,Duration not recorded
visit-log.csv,1216,V01215,Purpose,blank,Purpose not logged
visit-log.csv,1216,V01215,Remarks,blank,Outcome not logged
visit-log.csv,1217,V01216,Visit Date,coerced,'25/05/2026' parsed as %d/%m/%Y
visit-log.csv,1217,V01216,Purpose,coerced,'routine' -> Routine visit
visit-log.csv,1218,V01217,Visit Date,coerced,'17/07/2026' parsed as %d/%m/%Y
visit-log.csv,1218,V01217,Purpose,coerced,'routine' -> Routine visit
visit-log.csv,1218,V01217,Remarks,blank,Outcome not logged
visit-log.csv,1220,V01219,Visit Date,coerced,'02/06/2026' parsed as %d/%m/%Y
visit-log.csv,1220,V01219,Remarks,blank,Outcome not logged
visit-log.csv,1221,V01220,Visit Date,coerced,'18/07/2026' parsed as %d/%m/%Y
visit-log.csv,1222,V01221,Visit Date,coerced,'13/05/2026' parsed as %d/%m/%Y
visit-log.csv,1223,V01222,Duration (mins),blank,Duration not recorded
visit-log.csv,1225,V01224,Visit Date,coerced,'29/06/2026' parsed as %d/%m/%Y
visit-log.csv,1226,V01225,Visit Date,coerced,'12/05/2026' parsed as %d/%m/%Y
visit-log.csv,1226,V01225,Purpose,coerced,'routine' -> Routine visit
visit-log.csv,1227,V01226,Visit Date,coerced,'13/07/2026' parsed as %d/%m/%Y
visit-log.csv,1228,V01227,Visit Date,coerced,'17/07/2026' parsed as %d/%m/%Y
visit-log.csv,1229,V01228,Visit Date,coerced,'11/05/2026' parsed as %d/%m/%Y
visit-log.csv,1229,V01228,Remarks,blank,Outcome not logged
visit-log.csv,1230,V01229,Visit Date,coerced,'10/07/2026' parsed as %d/%m/%Y
visit-log.csv,1230,V01229,Remarks,blank,Outcome not logged
visit-log.csv,1231,V01230,Remarks,blank,Outcome not logged
visit-log.csv,1232,V01231,Visit Date,coerced,'27/06/2026' parsed as %d/%m/%Y
visit-log.csv,1233,V01232,Visit Date,coerced,'05/05/2026' parsed as %d/%m/%Y
visit-log.csv,1234,V01233,Visit Date,coerced,'03/07/2026' parsed as %d/%m/%Y
visit-log.csv,1234,V01233,Purpose,coerced,'routine' -> Routine visit
visit-log.csv,1235,V01234,Visit Date,coerced,'23/06/2026' parsed as %d/%m/%Y
visit-log.csv,1236,V01235,Purpose,coerced,'followup' -> Follow up
visit-log.csv,1237,V01236,Visit Date,coerced,'13/07/2026' parsed as %d/%m/%Y
visit-log.csv,1238,V01237,Visit Date,coerced,'01/06/2026' parsed as %d/%m/%Y
visit-log.csv,1238,V01237,Purpose,blank,Purpose not logged
visit-log.csv,1239,V01238,Visit Date,coerced,'27/07/2026' parsed as %d/%m/%Y
visit-log.csv,1239,V01238,Duration (mins),blank,Duration not recorded
visit-log.csv,1239,V01238,Purpose,coerced,'followup' -> Follow up
visit-log.csv,1240,V01239,Remarks,blank,Outcome not logged
visit-log.csv,1241,V01240,Visit Date,coerced,'07/07/2026' parsed as %d/%m/%Y
visit-log.csv,1241,V01240,Duration (mins),blank,Duration not recorded
visit-log.csv,1243,V01242,Visit Date,coerced,'04/06/2026' parsed as %d/%m/%Y
visit-log.csv,1243,V01242,Duration (mins),blank,Duration not recorded
visit-log.csv,1243,V01242,Remarks,blank,Outcome not logged
visit-log.csv,1244,V01243,Visit Date,coerced,'22/05/2026' parsed as %d/%m/%Y
visit-log.csv,1244,V01243,Duration (mins),blank,Duration not recorded
visit-log.csv,1245,V01244,Visit Date,coerced,'17/07/2026' parsed as %d/%m/%Y
visit-log.csv,1245,V01244,Purpose,blank,Purpose not logged
visit-log.csv,1246,V01245,Duration (mins),blank,Duration not recorded
visit-log.csv,1248,V01247,Visit Date,coerced,'18/07/2026' parsed as %d/%m/%Y
visit-log.csv,1248,V01247,Remarks,blank,Outcome not logged
visit-log.csv,1249,V01248,Remarks,blank,Outcome not logged
visit-log.csv,1250,V01249,Visit Date,coerced,'14/07/2026' parsed as %d/%m/%Y
visit-log.csv,1250,V01249,Purpose,coerced,'routine' -> Routine visit
visit-log.csv,1251,V01250,Visit Date,coerced,'13/07/2026' parsed as %d/%m/%Y
visit-log.csv,1252,V01251,Remarks,blank,Outcome not logged
visit-log.csv,1253,V01252,Purpose,coerced,'followup' -> Follow up
visit-log.csv,1253,V01252,Remarks,blank,Outcome not logged
visit-log.csv,1254,V01253,Visit Date,coerced,'14/05/2026' parsed as %d/%m/%Y
visit-log.csv,1254,V01253,Remarks,blank,Outcome not logged
visit-log.csv,1255,V01254,Visit Date,coerced,'17/06/2026' parsed as %d/%m/%Y
visit-log.csv,1255,V01254,Remarks,blank,Outcome not logged
visit-log.csv,1256,V01255,Visit Date,coerced,'26/05/2026' parsed as %d/%m/%Y
visit-log.csv,1256,V01255,Remarks,blank,Outcome not logged
visit-log.csv,1257,V01256,Visit Date,coerced,'13/05/2026' parsed as %d/%m/%Y
visit-log.csv,1257,V01256,Duration (mins),blank,Duration not recorded
visit-log.csv,1257,V01256,Purpose,coerced,'followup' -> Follow up
visit-log.csv,1257,V01256,Remarks,blank,Outcome not logged
visit-log.csv,1258,V01257,Visit Date,coerced,'30/06/2026' parsed as %d/%m/%Y
visit-log.csv,1258,V01257,Duration (mins),blank,Duration not recorded
visit-log.csv,1259,V01258,Visit Date,coerced,'27/07/2026' parsed as %d/%m/%Y
visit-log.csv,1259,V01258,Purpose,coerced,'followup' -> Follow up
visit-log.csv,1260,V01259,Purpose,coerced,'routine' -> Routine visit
visit-log.csv,1261,V01260,Visit Date,coerced,'24/07/2026' parsed as %d/%m/%Y
visit-log.csv,1262,V01261,Purpose,coerced,'followup' -> Follow up
visit-log.csv,1263,V01262,Visit Date,coerced,'09/06/2026' parsed as %d/%m/%Y
visit-log.csv,1264,V01263,Visit Date,coerced,'19/06/2026' parsed as %d/%m/%Y
visit-log.csv,1264,V01263,Remarks,blank,Outcome not logged
visit-log.csv,1265,V01264,Visit Date,coerced,'02/07/2026' parsed as %d/%m/%Y
visit-log.csv,1267,V01266,Remarks,blank,Outcome not logged
visit-log.csv,1268,V01267,Visit Date,coerced,'23/05/2026' parsed as %d/%m/%Y
visit-log.csv,1268,V01267,Purpose,coerced,'followup' -> Follow up
visit-log.csv,1268,V01267,Remarks,blank,Outcome not logged
visit-log.csv,1269,V01268,Visit Date,coerced,'08/06/2026' parsed as %d/%m/%Y
visit-log.csv,1269,V01268,Remarks,blank,Outcome not logged
visit-log.csv,1270,V01269,Duration (mins),blank,Duration not recorded
visit-log.csv,1273,V01272,Visit Date,coerced,'26/05/2026' parsed as %d/%m/%Y
visit-log.csv,1274,V01273,Visit Date,coerced,'09/07/2026' parsed as %d/%m/%Y
visit-log.csv,1275,V01274,Purpose,coerced,'followup' -> Follow up
visit-log.csv,1276,V01275,Visit Date,coerced,'06/07/2026' parsed as %d/%m/%Y
visit-log.csv,1277,V01276,Purpose,coerced,'routine' -> Routine visit
visit-log.csv,1278,V01277,Visit Date,coerced,'19/06/2026' parsed as %d/%m/%Y
visit-log.csv,1278,V01277,Duration (mins),blank,Duration not recorded
visit-log.csv,1278,V01277,Remarks,blank,Outcome not logged
visit-log.csv,1279,V01278,Visit Date,coerced,'23/06/2026' parsed as %d/%m/%Y
visit-log.csv,1279,V01278,Purpose,blank,Purpose not logged
visit-log.csv,1280,V01279,Visit Date,coerced,'18/07/2026' parsed as %d/%m/%Y
visit-log.csv,1280,V01279,Purpose,coerced,'routine' -> Routine visit
visit-log.csv,1281,V01280,Visit Date,coerced,'01/05/2026' parsed as %d/%m/%Y
visit-log.csv,1282,V01281,Visit Date,coerced,'19/06/2026' parsed as %d/%m/%Y
visit-log.csv,1282,V01281,Remarks,blank,Outcome not logged
visit-log.csv,1283,V01282,Purpose,coerced,'followup' -> Follow up
visit-log.csv,1284,V01283,Visit Date,coerced,'21/07/2026' parsed as %d/%m/%Y
visit-log.csv,1285,V01284,Purpose,blank,Purpose not logged
visit-log.csv,1285,V01284,Remarks,blank,Outcome not logged
visit-log.csv,1286,V01285,Visit Date,coerced,'29/05/2026' parsed as %d/%m/%Y
visit-log.csv,1286,V01285,Purpose,coerced,'followup' -> Follow up
visit-log.csv,1286,V01285,Remarks,blank,Outcome not logged
visit-log.csv,1287,V01286,Visit Date,coerced,'11/06/2026' parsed as %d/%m/%Y
visit-log.csv,1288,V01287,Visit Date,coerced,'22/07/2026' parsed as %d/%m/%Y
visit-log.csv,1288,V01287,Remarks,blank,Outcome not logged
visit-log.csv,1289,V01288,Visit Date,coerced,'14/07/2026' parsed as %d/%m/%Y
visit-log.csv,1289,V01288,Purpose,coerced,'routine' -> Routine visit
visit-log.csv,1290,V01289,Visit Date,coerced,'24/07/2026' parsed as %d/%m/%Y
visit-log.csv,1290,V01289,Purpose,coerced,'followup' -> Follow up
visit-log.csv,1291,V01290,Visit Date,coerced,'10/05/2026' parsed as %d/%m/%Y
visit-log.csv,1292,V01291,Visit Date,coerced,'27/07/2026' parsed as %d/%m/%Y
visit-log.csv,1292,V01291,Remarks,blank,Outcome not logged
visit-log.csv,1293,V01292,Visit Date,coerced,'15/07/2026' parsed as %d/%m/%Y
visit-log.csv,1294,V01293,Visit Date,coerced,'26/06/2026' parsed as %d/%m/%Y
visit-log.csv,1295,V01294,Visit Date,coerced,'05/06/2026' parsed as %d/%m/%Y
visit-log.csv,1295,V01294,Duration (mins),blank,Duration not recorded
visit-log.csv,1295,V01294,Remarks,blank,Outcome not logged
visit-log.csv,1296,V01295,Remarks,blank,Outcome not logged
visit-log.csv,1297,V01296,Visit Date,coerced,'23/07/2026' parsed as %d/%m/%Y
visit-log.csv,1297,V01296,Remarks,blank,Outcome not logged
visit-log.csv,1298,V01297,Visit Date,coerced,'06/07/2026' parsed as %d/%m/%Y
visit-log.csv,1298,V01297,Remarks,blank,Outcome not logged
visit-log.csv,1300,V01299,Visit Date,coerced,'25/07/2026' parsed as %d/%m/%Y
visit-log.csv,1300,V01299,Duration (mins),blank,Duration not recorded
visit-log.csv,1300,V01299,Purpose,blank,Purpose not logged
visit-log.csv,1300,V01299,Remarks,blank,Outcome not logged
visit-log.csv,1301,V01300,Visit Date,coerced,'16/07/2026' parsed as %d/%m/%Y
visit-log.csv,1303,V01302,Visit Date,coerced,'05/05/2026' parsed as %d/%m/%Y
visit-log.csv,1303,V01302,Duration (mins),blank,Duration not recorded
visit-log.csv,1303,V01302,Remarks,blank,Outcome not logged
visit-log.csv,1304,V01303,Visit Date,coerced,'14/05/2026' parsed as %d/%m/%Y
visit-log.csv,1305,V01304,Visit Date,coerced,'08/05/2026' parsed as %d/%m/%Y
visit-log.csv,1306,V01305,Visit Date,coerced,'12/06/2026' parsed as %d/%m/%Y
visit-log.csv,1306,V01305,Duration (mins),blank,Duration not recorded
visit-log.csv,1306,V01305,Remarks,blank,Outcome not logged
visit-log.csv,1307,V01306,Visit Date,coerced,'02/05/2026' parsed as %d/%m/%Y
visit-log.csv,1307,V01306,Purpose,coerced,'followup' -> Follow up
visit-log.csv,1308,V01307,Visit Date,coerced,'29/05/2026' parsed as %d/%m/%Y
visit-log.csv,1308,V01307,Purpose,blank,Purpose not logged
visit-log.csv,1309,V01308,Purpose,coerced,'followup' -> Follow up
visit-log.csv,1309,V01308,Remarks,blank,Outcome not logged
visit-log.csv,1310,V01309,Visit Date,coerced,'15/07/2026' parsed as %d/%m/%Y
visit-log.csv,1311,V01310,Purpose,blank,Purpose not logged
visit-log.csv,1312,V01311,Visit Date,coerced,'13/06/2026' parsed as %d/%m/%Y
visit-log.csv,1312,V01311,Purpose,coerced,'routine' -> Routine visit
visit-log.csv,1313,V01312,Visit Date,coerced,'25/06/2026' parsed as %d/%m/%Y
visit-log.csv,1314,V01313,Visit Date,coerced,'28/07/2026' parsed as %d/%m/%Y
visit-log.csv,1314,V01313,Remarks,blank,Outcome not logged
visit-log.csv,1315,V01314,Remarks,blank,Outcome not logged
visit-log.csv,1316,V01315,Visit Date,coerced,'30/06/2026' parsed as %d/%m/%Y
visit-log.csv,1317,V01316,Visit Date,coerced,'22/05/2026' parsed as %d/%m/%Y
visit-log.csv,1317,V01316,Purpose,coerced,'followup' -> Follow up
visit-log.csv,1318,V01317,Visit Date,coerced,'16/05/2026' parsed as %d/%m/%Y
visit-log.csv,1318,V01317,Remarks,blank,Outcome not logged
visit-log.csv,1319,V01318,Visit Date,coerced,'17/07/2026' parsed as %d/%m/%Y
visit-log.csv,1319,V01318,Purpose,coerced,'followup' -> Follow up
visit-log.csv,1321,V01320,Visit Date,coerced,'08/05/2026' parsed as %d/%m/%Y
visit-log.csv,1323,V01322,Visit Date,coerced,'11/07/2026' parsed as %d/%m/%Y
visit-log.csv,1323,V01322,Purpose,coerced,'routine' -> Routine visit
visit-log.csv,1324,V01323,Visit Date,coerced,'25/06/2026' parsed as %d/%m/%Y
visit-log.csv,1324,V01323,Purpose,coerced,'routine' -> Routine visit
visit-log.csv,1324,V01323,Remarks,blank,Outcome not logged
visit-log.csv,1325,V01324,Remarks,blank,Outcome not logged
visit-log.csv,1326,V01325,Duration (mins),blank,Duration not recorded
visit-log.csv,1327,V01326,Visit Date,coerced,'17/07/2026' parsed as %d/%m/%Y
visit-log.csv,1327,V01326,Remarks,blank,Outcome not logged
visit-log.csv,1328,V01327,Visit Date,coerced,'02/05/2026' parsed as %d/%m/%Y
visit-log.csv,1329,V01328,Remarks,blank,Outcome not logged
visit-log.csv,1330,V01329,Visit Date,coerced,'12/05/2026' parsed as %d/%m/%Y
visit-log.csv,1330,V01329,Purpose,coerced,'followup' -> Follow up
visit-log.csv,1331,V01330,Purpose,coerced,'followup' -> Follow up
visit-log.csv,1333,V01332,Visit Date,coerced,'25/07/2026' parsed as %d/%m/%Y
visit-log.csv,1333,V01332,Remarks,blank,Outcome not logged
visit-log.csv,1334,V01333,Visit Date,coerced,'20/05/2026' parsed as %d/%m/%Y
visit-log.csv,1334,V01333,Purpose,blank,Purpose not logged
visit-log.csv,1334,V01333,Remarks,blank,Outcome not logged
visit-log.csv,1335,V01334,Visit Date,coerced,'14/05/2026' parsed as %d/%m/%Y
visit-log.csv,1337,V01336,Visit Date,coerced,'05/05/2026' parsed as %d/%m/%Y
visit-log.csv,1337,V01336,Purpose,coerced,'followup' -> Follow up
visit-log.csv,1337,V01336,Remarks,blank,Outcome not logged
visit-log.csv,1338,V01337,Visit Date,coerced,'04/06/2026' parsed as %d/%m/%Y
visit-log.csv,1338,V01337,Remarks,blank,Outcome not logged
visit-log.csv,1340,V01339,Visit Date,coerced,'26/06/2026' parsed as %d/%m/%Y
visit-log.csv,1340,V01339,Remarks,blank,Outcome not logged
visit-log.csv,1341,V01340,Purpose,coerced,'followup' -> Follow up
visit-log.csv,1342,V01341,Visit Date,coerced,'21/07/2026' parsed as %d/%m/%Y
visit-log.csv,1343,V01342,Visit Date,coerced,'11/06/2026' parsed as %d/%m/%Y
visit-log.csv,1343,V01342,Duration (mins),blank,Duration not recorded
visit-log.csv,1344,V01343,Visit Date,coerced,'19/05/2026' parsed as %d/%m/%Y
visit-log.csv,1344,V01343,Remarks,blank,Outcome not logged
visit-log.csv,1345,V01344,Visit Date,coerced,'09/06/2026' parsed as %d/%m/%Y
visit-log.csv,1345,V01344,Remarks,blank,Outcome not logged
visit-log.csv,1346,V01345,Visit Date,coerced,'06/06/2026' parsed as %d/%m/%Y
visit-log.csv,1346,V01345,Purpose,blank,Purpose not logged
visit-log.csv,1347,V01346,Remarks,blank,Outcome not logged
visit-log.csv,1348,V01347,Visit Date,coerced,'05/07/2026' parsed as %d/%m/%Y
visit-log.csv,1348,V01347,Purpose,coerced,'routine' -> Routine visit
visit-log.csv,1349,V01348,Visit Date,coerced,'19/06/2026' parsed as %d/%m/%Y
visit-log.csv,1349,V01348,Remarks,blank,Outcome not logged
visit-log.csv,1351,V01350,Visit Date,coerced,'02/05/2026' parsed as %d/%m/%Y
visit-log.csv,1352,V01351,Visit Date,coerced,'23/07/2026' parsed as %d/%m/%Y
visit-log.csv,1353,V01352,Visit Date,coerced,'29/07/2026' parsed as %d/%m/%Y
visit-log.csv,1354,V01353,Visit Date,coerced,'05/06/2026' parsed as %d/%m/%Y
visit-log.csv,1354,V01353,Remarks,blank,Outcome not logged
visit-log.csv,1355,V01354,Visit Date,coerced,'20/05/2026' parsed as %d/%m/%Y
visit-log.csv,1355,V01354,Purpose,coerced,'routine' -> Routine visit
visit-log.csv,1356,V01355,Visit Date,coerced,'09/06/2026' parsed as %d/%m/%Y
visit-log.csv,1356,V01355,Duration (mins),blank,Duration not recorded
visit-log.csv,1356,V01355,Remarks,blank,Outcome not logged
visit-log.csv,1357,V01356,Visit Date,coerced,'09/06/2026' parsed as %d/%m/%Y
visit-log.csv,1358,V01357,Visit Date,coerced,'23/06/2026' parsed as %d/%m/%Y
visit-log.csv,1358,V01357,Purpose,blank,Purpose not logged
visit-log.csv,1359,V01358,Visit Date,coerced,'15/07/2026' parsed as %d/%m/%Y
visit-log.csv,1359,V01358,Duration (mins),blank,Duration not recorded
visit-log.csv,1359,V01358,Remarks,blank,Outcome not logged
visit-log.csv,1360,V01359,Visit Date,coerced,'27/05/2026' parsed as %d/%m/%Y
visit-log.csv,1360,V01359,Remarks,blank,Outcome not logged
visit-log.csv,1361,V01360,Remarks,blank,Outcome not logged
visit-log.csv,1362,V01361,Visit Date,coerced,'30/06/2026' parsed as %d/%m/%Y
visit-log.csv,1363,V01362,Visit Date,coerced,'30/07/2026' parsed as %d/%m/%Y
visit-log.csv,1363,V01362,Purpose,blank,Purpose not logged
visit-log.csv,1363,V01362,Remarks,blank,Outcome not logged
visit-log.csv,1364,V01363,Visit Date,coerced,'12/06/2026' parsed as %d/%m/%Y
visit-log.csv,1365,V01364,Visit Date,coerced,'21/06/2026' parsed as %d/%m/%Y
visit-log.csv,1366,V01365,Visit Date,coerced,'06/07/2026' parsed as %d/%m/%Y
visit-log.csv,1366,V01365,Purpose,coerced,'routine' -> Routine visit
visit-log.csv,1367,V01366,Visit Date,coerced,'14/05/2026' parsed as %d/%m/%Y
visit-log.csv,1367,V01366,Purpose,coerced,'routine' -> Routine visit
visit-log.csv,1368,V01367,Visit Date,coerced,'14/05/2026' parsed as %d/%m/%Y
visit-log.csv,1370,V01369,Visit Date,coerced,'25/06/2026' parsed as %d/%m/%Y
visit-log.csv,1371,V01370,Visit Date,coerced,'26/06/2026' parsed as %d/%m/%Y
visit-log.csv,1371,V01370,Remarks,blank,Outcome not logged
visit-log.csv,1372,V01371,Visit Date,coerced,'11/07/2026' parsed as %d/%m/%Y
visit-log.csv,1372,V01371,Purpose,coerced,'routine' -> Routine visit
visit-log.csv,1372,V01371,Remarks,blank,Outcome not logged
visit-log.csv,1373,V01372,Visit Date,coerced,'04/07/2026' parsed as %d/%m/%Y
visit-log.csv,1373,V01372,Remarks,blank,Outcome not logged
visit-log.csv,1374,V01373,Visit Date,coerced,'30/07/2026' parsed as %d/%m/%Y
visit-log.csv,1374,V01373,Purpose,coerced,'followup' -> Follow up
visit-log.csv,1374,V01373,Remarks,blank,Outcome not logged
visit-log.csv,1375,V01374,Visit Date,coerced,'08/07/2026' parsed as %d/%m/%Y
visit-log.csv,1376,V01375,Visit Date,coerced,'31/07/2026' parsed as %d/%m/%Y
visit-log.csv,1377,V01376,Visit Date,coerced,'14/07/2026' parsed as %d/%m/%Y
visit-log.csv,1377,V01376,Remarks,blank,Outcome not logged
visit-log.csv,1378,V01377,Visit Date,coerced,'19/05/2026' parsed as %d/%m/%Y
visit-log.csv,1380,V01379,Visit Date,coerced,'15/07/2026' parsed as %d/%m/%Y
visit-log.csv,1380,V01379,Remarks,blank,Outcome not logged
visit-log.csv,1381,V01380,Visit Date,coerced,'29/07/2026' parsed as %d/%m/%Y
visit-log.csv,1382,V01381,Purpose,coerced,'followup' -> Follow up
visit-log.csv,1382,V01381,Remarks,blank,Outcome not logged
visit-log.csv,1383,V01382,Visit Date,coerced,'02/06/2026' parsed as %d/%m/%Y
visit-log.csv,1384,V01383,Visit Date,coerced,'26/05/2026' parsed as %d/%m/%Y
visit-log.csv,1384,V01383,Purpose,blank,Purpose not logged
visit-log.csv,1385,V01384,Visit Date,coerced,'18/06/2026' parsed as %d/%m/%Y
visit-log.csv,1385,V01384,Remarks,blank,Outcome not logged
visit-log.csv,1386,V01385,Visit Date,coerced,'02/07/2026' parsed as %d/%m/%Y
visit-log.csv,1386,V01385,Duration (mins),blank,Duration not recorded
visit-log.csv,1386,V01385,Purpose,coerced,'followup' -> Follow up
visit-log.csv,1387,V01386,Visit Date,coerced,'25/05/2026' parsed as %d/%m/%Y
visit-log.csv,1391,V01390,Visit Date,coerced,'14/05/2026' parsed as %d/%m/%Y
visit-log.csv,1391,V01390,Duration (mins),blank,Duration not recorded
visit-log.csv,1391,V01390,Purpose,blank,Purpose not logged
visit-log.csv,1391,V01390,Remarks,blank,Outcome not logged
visit-log.csv,1392,V01391,Visit Date,coerced,'04/07/2026' parsed as %d/%m/%Y
visit-log.csv,1392,V01391,Purpose,coerced,'followup' -> Follow up
visit-log.csv,1392,V01391,Remarks,blank,Outcome not logged
visit-log.csv,1394,V01393,Visit Date,coerced,'08/07/2026' parsed as %d/%m/%Y
visit-log.csv,1394,V01393,Purpose,coerced,'followup' -> Follow up
visit-log.csv,1394,V01393,Remarks,blank,Outcome not logged
visit-log.csv,1395,V01394,Visit Date,coerced,'03/06/2026' parsed as %d/%m/%Y
visit-log.csv,1397,V01396,Visit Date,coerced,'05/05/2026' parsed as %d/%m/%Y
visit-log.csv,1397,V01396,Duration (mins),blank,Duration not recorded
visit-log.csv,1398,V01397,Visit Date,coerced,'19/05/2026' parsed as %d/%m/%Y
visit-log.csv,1399,V01398,Visit Date,coerced,'01/06/2026' parsed as %d/%m/%Y
visit-log.csv,1399,V01398,Purpose,blank,Purpose not logged
visit-log.csv,1400,V01399,Visit Date,coerced,'25/05/2026' parsed as %d/%m/%Y
visit-log.csv,1401,V01400,Remarks,blank,Outcome not logged
visit-log.csv,1402,V01401,Visit Date,coerced,'02/06/2026' parsed as %d/%m/%Y
visit-log.csv,1403,V01402,Visit Date,coerced,'01/05/2026' parsed as %d/%m/%Y
visit-log.csv,1403,V01402,Purpose,coerced,'routine' -> Routine visit
visit-log.csv,1404,V01403,Visit Date,coerced,'31/07/2026' parsed as %d/%m/%Y
visit-log.csv,1404,V01403,Purpose,coerced,'routine' -> Routine visit
visit-log.csv,1404,V01403,Remarks,blank,Outcome not logged
visit-log.csv,1405,V01404,Visit Date,coerced,'03/07/2026' parsed as %d/%m/%Y
visit-log.csv,1406,V01405,Remarks,blank,Outcome not logged
visit-log.csv,1407,V01406,Visit Date,coerced,'02/06/2026' parsed as %d/%m/%Y
visit-log.csv,1408,V01407,Visit Date,coerced,'10/06/2026' parsed as %d/%m/%Y
visit-log.csv,1409,V01408,Visit Date,coerced,'28/07/2026' parsed as %d/%m/%Y
visit-log.csv,1409,V01408,Purpose,blank,Purpose not logged
visit-log.csv,1410,V01409,Visit Date,coerced,'29/05/2026' parsed as %d/%m/%Y
visit-log.csv,1410,V01409,Purpose,coerced,'routine' -> Routine visit
visit-log.csv,1411,V01410,Visit Date,coerced,'20/05/2026' parsed as %d/%m/%Y
visit-log.csv,1412,V01411,Duration (mins),blank,Duration not recorded
visit-log.csv,1412,V01411,Purpose,blank,Purpose not logged
visit-log.csv,1412,V01411,Remarks,blank,Outcome not logged
visit-log.csv,1414,V01413,Purpose,coerced,'followup' -> Follow up
visit-log.csv,1415,V01414,Visit Date,coerced,'16/05/2026' parsed as %d/%m/%Y
visit-log.csv,1416,V01415,Visit Date,coerced,'18/06/2026' parsed as %d/%m/%Y
visit-log.csv,1418,V01417,Visit Date,coerced,'12/07/2026' parsed as %d/%m/%Y
visit-log.csv,1419,V01418,Visit Date,coerced,'26/05/2026' parsed as %d/%m/%Y
visit-log.csv,1419,V01418,Remarks,blank,Outcome not logged
visit-log.csv,1420,V01419,Visit Date,coerced,'19/06/2026' parsed as %d/%m/%Y
visit-log.csv,1420,V01419,Remarks,blank,Outcome not logged
visit-log.csv,1421,V01420,Duration (mins),blank,Duration not recorded
visit-log.csv,1422,V01421,Visit Date,coerced,'06/05/2026' parsed as %d/%m/%Y
visit-log.csv,1422,V01421,Remarks,blank,Outcome not logged
visit-log.csv,1423,V01422,Visit Date,coerced,'01/06/2026' parsed as %d/%m/%Y
visit-log.csv,1424,V01423,Duration (mins),blank,Duration not recorded
visit-log.csv,1424,V01423,Remarks,blank,Outcome not logged
visit-log.csv,1425,V01424,Duration (mins),blank,Duration not recorded
visit-log.csv,1425,V01424,Purpose,blank,Purpose not logged
visit-log.csv,1427,V01426,Visit Date,coerced,'06/06/2026' parsed as %d/%m/%Y
visit-log.csv,1428,V01427,Visit Date,coerced,'03/07/2026' parsed as %d/%m/%Y
visit-log.csv,1428,V01427,Purpose,blank,Purpose not logged
visit-log.csv,1429,V01428,Visit Date,coerced,'27/05/2026' parsed as %d/%m/%Y
visit-log.csv,1430,V01429,Visit Date,coerced,'17/06/2026' parsed as %d/%m/%Y
visit-log.csv,1430,V01429,Duration (mins),blank,Duration not recorded
visit-log.csv,1430,V01429,Remarks,blank,Outcome not logged
visit-log.csv,1431,V01430,Visit Date,coerced,'07/07/2026' parsed as %d/%m/%Y
visit-log.csv,1432,V01431,Visit Date,coerced,'02/05/2026' parsed as %d/%m/%Y
visit-log.csv,1432,V01431,Duration (mins),blank,Duration not recorded
visit-log.csv,1433,V01432,Visit Date,coerced,'26/05/2026' parsed as %d/%m/%Y
visit-log.csv,1434,V01433,Visit Date,coerced,'06/07/2026' parsed as %d/%m/%Y
visit-log.csv,1434,V01433,Remarks,blank,Outcome not logged
visit-log.csv,1435,V01434,Visit Date,coerced,'09/05/2026' parsed as %d/%m/%Y
visit-log.csv,1435,V01434,Purpose,blank,Purpose not logged
visit-log.csv,1435,V01434,Remarks,blank,Outcome not logged
visit-log.csv,1436,V01435,Visit Date,coerced,'13/07/2026' parsed as %d/%m/%Y
visit-log.csv,1436,V01435,Remarks,blank,Outcome not logged
visit-log.csv,1437,V01436,Visit Date,coerced,'25/07/2026' parsed as %d/%m/%Y
visit-log.csv,1439,V01438,Visit Date,coerced,'22/06/2026' parsed as %d/%m/%Y
visit-log.csv,1439,V01438,Remarks,blank,Outcome not logged
visit-log.csv,1440,V01439,Visit Date,coerced,'15/07/2026' parsed as %d/%m/%Y
visit-log.csv,1440,V01439,Remarks,blank,Outcome not logged
visit-log.csv,1441,V01440,Purpose,coerced,'routine' -> Routine visit
visit-log.csv,1442,V01441,Visit Date,coerced,'22/06/2026' parsed as %d/%m/%Y
visit-log.csv,1443,V01442,Purpose,blank,Purpose not logged
visit-log.csv,1444,V01443,Visit Date,coerced,'25/07/2026' parsed as %d/%m/%Y
visit-log.csv,1444,V01443,Remarks,blank,Outcome not logged
visit-log.csv,1445,V01444,Purpose,blank,Purpose not logged
visit-log.csv,1447,V01446,Duration (mins),blank,Duration not recorded
visit-log.csv,1447,V01446,Remarks,blank,Outcome not logged
visit-log.csv,1448,V01447,Visit Date,coerced,'30/07/2026' parsed as %d/%m/%Y
visit-log.csv,1448,V01447,Duration (mins),blank,Duration not recorded
visit-log.csv,1448,V01447,Remarks,blank,Outcome not logged
visit-log.csv,1449,V01448,Visit Date,coerced,'25/06/2026' parsed as %d/%m/%Y
visit-log.csv,1449,V01448,Purpose,blank,Purpose not logged
visit-log.csv,1450,V01449,Visit Date,coerced,'25/06/2026' parsed as %d/%m/%Y
visit-log.csv,1451,V01450,Visit Date,coerced,'11/05/2026' parsed as %d/%m/%Y
visit-log.csv,1452,V01451,Visit Date,coerced,'19/05/2026' parsed as %d/%m/%Y
visit-log.csv,1453,V01452,Purpose,coerced,'followup' -> Follow up
visit-log.csv,1454,V01453,Visit Date,coerced,'12/06/2026' parsed as %d/%m/%Y
visit-log.csv,1455,V01454,Visit Date,coerced,'24/07/2026' parsed as %d/%m/%Y
visit-log.csv,1456,V01455,Visit Date,coerced,'21/05/2026' parsed as %d/%m/%Y
visit-log.csv,1456,V01455,Purpose,blank,Purpose not logged
visit-log.csv,1456,V01455,Remarks,blank,Outcome not logged
visit-log.csv,1457,V01456,Visit Date,coerced,'11/06/2026' parsed as %d/%m/%Y
visit-log.csv,1457,V01456,Remarks,blank,Outcome not logged
visit-log.csv,1458,V01457,Visit Date,coerced,'13/07/2026' parsed as %d/%m/%Y
visit-log.csv,1460,V01459,Purpose,coerced,'followup' -> Follow up
visit-log.csv,1461,V01460,Remarks,blank,Outcome not logged
visit-log.csv,1464,V01463,Visit Date,coerced,'18/06/2026' parsed as %d/%m/%Y
visit-log.csv,1464,V01463,Remarks,blank,Outcome not logged
visit-log.csv,1465,V01464,Visit Date,coerced,'10/07/2026' parsed as %d/%m/%Y
visit-log.csv,1466,V01465,Purpose,coerced,'routine' -> Routine visit
visit-log.csv,1467,V01466,Visit Date,coerced,'06/07/2026' parsed as %d/%m/%Y
visit-log.csv,1467,V01466,Duration (mins),blank,Duration not recorded
visit-log.csv,1467,V01466,Remarks,blank,Outcome not logged
visit-log.csv,1468,V01467,Visit Date,coerced,'01/05/2026' parsed as %d/%m/%Y
visit-log.csv,1469,V01468,Visit Date,coerced,'31/07/2026' parsed as %d/%m/%Y
visit-log.csv,1470,V01469,Visit Date,coerced,'16/06/2026' parsed as %d/%m/%Y
visit-log.csv,1470,V01469,Purpose,coerced,'followup' -> Follow up
visit-log.csv,1470,V01469,Remarks,blank,Outcome not logged
visit-log.csv,1471,V01470,Visit Date,coerced,'02/05/2026' parsed as %d/%m/%Y
visit-log.csv,1472,V01471,Purpose,coerced,'routine' -> Routine visit
visit-log.csv,1472,V01471,Remarks,blank,Outcome not logged
visit-log.csv,1473,V01472,Visit Date,coerced,'27/06/2026' parsed as %d/%m/%Y
visit-log.csv,1473,V01472,Duration (mins),blank,Duration not recorded
visit-log.csv,1473,V01472,Remarks,blank,Outcome not logged
visit-log.csv,1474,V01473,Visit Date,coerced,'20/07/2026' parsed as %d/%m/%Y
visit-log.csv,1475,V01474,Visit Date,coerced,'22/07/2026' parsed as %d/%m/%Y
visit-log.csv,1476,V01475,Duration (mins),blank,Duration not recorded
visit-log.csv,1476,V01475,Purpose,coerced,'routine' -> Routine visit
visit-log.csv,1477,V01476,Visit Date,coerced,'05/05/2026' parsed as %d/%m/%Y
visit-log.csv,1478,V01477,Purpose,blank,Purpose not logged
visit-log.csv,1479,V01478,Visit Date,coerced,'16/05/2026' parsed as %d/%m/%Y
visit-log.csv,1481,V01480,Visit Date,coerced,'12/05/2026' parsed as %d/%m/%Y
visit-log.csv,1482,V01481,Purpose,coerced,'routine' -> Routine visit
visit-log.csv,1483,V01482,Visit Date,coerced,'15/05/2026' parsed as %d/%m/%Y
visit-log.csv,1484,V01483,Duration (mins),blank,Duration not recorded
visit-log.csv,1485,V01484,Visit Date,coerced,'18/06/2026' parsed as %d/%m/%Y
visit-log.csv,1486,V01485,Visit Date,coerced,'07/05/2026' parsed as %d/%m/%Y
visit-log.csv,1486,V01485,Purpose,coerced,'routine' -> Routine visit
visit-log.csv,1487,V01486,Visit Date,coerced,'22/05/2026' parsed as %d/%m/%Y
visit-log.csv,1487,V01486,Duration (mins),blank,Duration not recorded
visit-log.csv,1488,V01487,Visit Date,coerced,'21/07/2026' parsed as %d/%m/%Y
visit-log.csv,1488,V01487,Remarks,blank,Outcome not logged
visit-log.csv,1489,V01488,Visit Date,coerced,'04/06/2026' parsed as %d/%m/%Y
visit-log.csv,1489,V01488,Purpose,coerced,'followup' -> Follow up
visit-log.csv,1489,V01488,Remarks,blank,Outcome not logged
visit-log.csv,1490,V01489,Remarks,blank,Outcome not logged
visit-log.csv,1491,V01490,Visit Date,coerced,'12/05/2026' parsed as %d/%m/%Y
visit-log.csv,1492,V01491,Visit Date,coerced,'29/07/2026' parsed as %d/%m/%Y
visit-log.csv,1492,V01491,Duration (mins),blank,Duration not recorded
visit-log.csv,1493,V01492,Remarks,blank,Outcome not logged
visit-log.csv,1494,V01493,Remarks,blank,Outcome not logged
visit-log.csv,1495,V01494,Visit Date,coerced,'31/05/2026' parsed as %d/%m/%Y
visit-log.csv,1495,V01494,Purpose,blank,Purpose not logged
visit-log.csv,1496,V01495,Visit Date,coerced,'13/05/2026' parsed as %d/%m/%Y
visit-log.csv,1496,V01495,Remarks,blank,Outcome not logged
visit-log.csv,1497,V01496,Visit Date,coerced,'22/06/2026' parsed as %d/%m/%Y
visit-log.csv,1497,V01496,Purpose,coerced,'followup' -> Follow up
visit-log.csv,1497,V01496,Remarks,blank,Outcome not logged
visit-log.csv,1498,V01497,Visit Date,coerced,'20/06/2026' parsed as %d/%m/%Y
visit-log.csv,1499,V01498,Visit Date,coerced,'14/07/2026' parsed as %d/%m/%Y
visit-log.csv,1499,V01498,Purpose,blank,Purpose not logged
visit-log.csv,1500,V01499,Visit Date,coerced,'08/07/2026' parsed as %d/%m/%Y
visit-log.csv,1500,V01499,Remarks,blank,Outcome not logged
visit-log.csv,1501,V01500,Visit Date,coerced,'05/05/2026' parsed as %d/%m/%Y
visit-log.csv,1502,V01501,Visit Date,coerced,'02/06/2026' parsed as %d/%m/%Y
visit-log.csv,1502,V01501,Purpose,coerced,'followup' -> Follow up
visit-log.csv,1503,V01502,Visit Date,coerced,'17/07/2026' parsed as %d/%m/%Y
visit-log.csv,1503,V01502,Purpose,blank,Purpose not logged
visit-log.csv,1503,V01502,Remarks,blank,Outcome not logged
visit-log.csv,1504,V01503,Visit Date,coerced,'23/07/2026' parsed as %d/%m/%Y
visit-log.csv,1505,V01504,Visit Date,coerced,'24/06/2026' parsed as %d/%m/%Y
visit-log.csv,1506,V01505,Visit Date,coerced,'30/05/2026' parsed as %d/%m/%Y
visit-log.csv,1507,V01506,Visit Date,coerced,'30/05/2026' parsed as %d/%m/%Y
visit-log.csv,1509,V01508,Purpose,coerced,'followup' -> Follow up
visit-log.csv,1510,V01509,Visit Date,coerced,'13/07/2026' parsed as %d/%m/%Y
visit-log.csv,1510,V01509,Purpose,coerced,'routine' -> Routine visit
visit-log.csv,1511,V01510,Visit Date,coerced,'20/06/2026' parsed as %d/%m/%Y
visit-log.csv,1511,V01510,Remarks,blank,Outcome not logged
visit-log.csv,1512,V01511,Visit Date,coerced,'27/05/2026' parsed as %d/%m/%Y
visit-log.csv,1513,V01512,Visit Date,coerced,'06/06/2026' parsed as %d/%m/%Y
visit-log.csv,1513,V01512,Purpose,blank,Purpose not logged
visit-log.csv,1514,V01513,Visit Date,coerced,'18/05/2026' parsed as %d/%m/%Y
visit-log.csv,1514,V01513,Purpose,coerced,'followup' -> Follow up
visit-log.csv,1515,V01514,Visit Date,coerced,'26/06/2026' parsed as %d/%m/%Y
visit-log.csv,1515,V01514,Remarks,blank,Outcome not logged
visit-log.csv,1516,V01515,Remarks,blank,Outcome not logged
visit-log.csv,1517,V01516,Visit Date,coerced,'13/05/2026' parsed as %d/%m/%Y
visit-log.csv,1517,V01516,Remarks,blank,Outcome not logged
visit-log.csv,1518,V01517,Visit Date,coerced,'18/07/2026' parsed as %d/%m/%Y
visit-log.csv,1519,V01518,Visit Date,coerced,'16/05/2026' parsed as %d/%m/%Y
visit-log.csv,1520,V01519,Visit Date,coerced,'08/07/2026' parsed as %d/%m/%Y
visit-log.csv,1520,V01519,Purpose,blank,Purpose not logged
visit-log.csv,1520,V01519,Remarks,blank,Outcome not logged
visit-log.csv,1522,V01521,Visit Date,coerced,'24/07/2026' parsed as %d/%m/%Y
visit-log.csv,1523,V01522,Visit Date,coerced,'15/05/2026' parsed as %d/%m/%Y
visit-log.csv,1523,V01522,Purpose,blank,Purpose not logged
visit-log.csv,1523,V01522,Remarks,blank,Outcome not logged
visit-log.csv,1524,V01523,Visit Date,coerced,'15/05/2026' parsed as %d/%m/%Y
visit-log.csv,1524,V01523,Duration (mins),blank,Duration not recorded
visit-log.csv,1525,V01524,Visit Date,coerced,'12/06/2026' parsed as %d/%m/%Y
visit-log.csv,1527,V01526,Visit Date,coerced,'24/06/2026' parsed as %d/%m/%Y
visit-log.csv,1527,V01526,Duration (mins),blank,Duration not recorded
visit-log.csv,1527,V01526,Remarks,blank,Outcome not logged
visit-log.csv,1528,V01527,Visit Date,coerced,'12/05/2026' parsed as %d/%m/%Y
visit-log.csv,1530,V01529,Visit Date,coerced,'21/07/2026' parsed as %d/%m/%Y
visit-log.csv,1530,V01529,Duration (mins),blank,Duration not recorded
visit-log.csv,1530,V01529,Remarks,blank,Outcome not logged
visit-log.csv,1533,V01532,Duration (mins),blank,Duration not recorded
visit-log.csv,1533,V01532,Remarks,blank,Outcome not logged
visit-log.csv,1534,V01533,Duration (mins),blank,Duration not recorded
visit-log.csv,1535,V01534,Visit Date,coerced,'26/07/2026' parsed as %d/%m/%Y
visit-log.csv,1535,V01534,Remarks,blank,Outcome not logged
visit-log.csv,1536,V01535,Visit Date,coerced,'23/05/2026' parsed as %d/%m/%Y
visit-log.csv,1537,V01536,Visit Date,coerced,'30/06/2026' parsed as %d/%m/%Y
visit-log.csv,1538,V01537,Purpose,blank,Purpose not logged
visit-log.csv,1539,V01538,Visit Date,coerced,'14/05/2026' parsed as %d/%m/%Y
visit-log.csv,1540,V01539,Visit Date,coerced,'17/06/2026' parsed as %d/%m/%Y
visit-log.csv,1541,V01540,Visit Date,coerced,'05/06/2026' parsed as %d/%m/%Y
visit-log.csv,1541,V01540,Purpose,coerced,'routine' -> Routine visit
visit-log.csv,1542,V01541,Visit Date,coerced,'10/07/2026' parsed as %d/%m/%Y
visit-log.csv,1542,V01541,Remarks,blank,Outcome not logged
visit-log.csv,1543,V01542,Visit Date,coerced,'08/05/2026' parsed as %d/%m/%Y
visit-log.csv,1543,V01542,Remarks,blank,Outcome not logged
visit-log.csv,1544,V01543,Remarks,blank,Outcome not logged
visit-log.csv,1545,V01544,Visit Date,coerced,'20/05/2026' parsed as %d/%m/%Y
visit-log.csv,1545,V01544,Purpose,coerced,'routine' -> Routine visit
visit-log.csv,1546,V01545,Visit Date,coerced,'11/07/2026' parsed as %d/%m/%Y
visit-log.csv,1546,V01545,Purpose,coerced,'followup' -> Follow up
visit-log.csv,1547,V01546,Duration (mins),blank,Duration not recorded
visit-log.csv,1548,V01547,Visit Date,coerced,'20/05/2026' parsed as %d/%m/%Y
visit-log.csv,1549,V01548,Visit Date,coerced,'27/07/2026' parsed as %d/%m/%Y
visit-log.csv,1550,V01549,Visit Date,coerced,'10/06/2026' parsed as %d/%m/%Y
visit-log.csv,1551,V01550,Visit Date,coerced,'14/07/2026' parsed as %d/%m/%Y
visit-log.csv,1552,V01551,Visit Date,coerced,'05/06/2026' parsed as %d/%m/%Y
visit-log.csv,1552,V01551,Purpose,blank,Purpose not logged
visit-log.csv,1552,V01551,Remarks,blank,Outcome not logged
visit-log.csv,1553,V01552,Visit Date,coerced,'09/05/2026' parsed as %d/%m/%Y
visit-log.csv,1554,V01553,Visit Date,coerced,'18/06/2026' parsed as %d/%m/%Y
visit-log.csv,1554,V01553,Duration (mins),blank,Duration not recorded
visit-log.csv,1554,V01553,Purpose,coerced,'routine' -> Routine visit
visit-log.csv,1554,V01553,Remarks,blank,Outcome not logged
visit-log.csv,1555,V01554,Remarks,blank,Outcome not logged
visit-log.csv,1557,V01556,Visit Date,coerced,'07/07/2026' parsed as %d/%m/%Y
visit-log.csv,1557,V01556,Purpose,coerced,'routine' -> Routine visit
visit-log.csv,1557,V01556,Remarks,blank,Outcome not logged
visit-log.csv,1559,V01558,Visit Date,coerced,'19/06/2026' parsed as %d/%m/%Y
visit-log.csv,1560,V01559,Visit Date,coerced,'11/07/2026' parsed as %d/%m/%Y
visit-log.csv,1561,V01560,Visit Date,coerced,'27/05/2026' parsed as %d/%m/%Y
visit-log.csv,1562,V01561,Visit Date,coerced,'06/06/2026' parsed as %d/%m/%Y
visit-log.csv,1563,V01562,Visit Date,coerced,'16/05/2026' parsed as %d/%m/%Y
visit-log.csv,1564,V01563,Purpose,blank,Purpose not logged
visit-log.csv,1564,V01563,Remarks,blank,Outcome not logged
visit-log.csv,1565,V01564,Visit Date,coerced,'16/06/2026' parsed as %d/%m/%Y
visit-log.csv,1565,V01564,Remarks,blank,Outcome not logged
visit-log.csv,1566,V01565,Remarks,blank,Outcome not logged
visit-log.csv,1567,V01566,Visit Date,coerced,'09/06/2026' parsed as %d/%m/%Y
visit-log.csv,1567,V01566,Duration (mins),blank,Duration not recorded
visit-log.csv,1567,V01566,Purpose,coerced,'routine' -> Routine visit
visit-log.csv,1568,V01567,Visit Date,coerced,'09/05/2026' parsed as %d/%m/%Y
visit-log.csv,1569,V01568,Remarks,blank,Outcome not logged
visit-log.csv,1570,V01569,Visit Date,coerced,'18/07/2026' parsed as %d/%m/%Y
visit-log.csv,1570,V01569,Purpose,coerced,'routine' -> Routine visit
visit-log.csv,1572,V01571,Remarks,blank,Outcome not logged
visit-log.csv,1573,V01572,Visit Date,coerced,'19/06/2026' parsed as %d/%m/%Y
visit-log.csv,1573,V01572,Purpose,coerced,'routine' -> Routine visit
visit-log.csv,1573,V01572,Remarks,blank,Outcome not logged
visit-log.csv,1574,V01573,Visit Date,coerced,'04/07/2026' parsed as %d/%m/%Y
visit-log.csv,1574,V01573,Duration (mins),blank,Duration not recorded
visit-log.csv,1574,V01573,Remarks,blank,Outcome not logged
visit-log.csv,1576,V01575,Remarks,blank,Outcome not logged
visit-log.csv,1577,V01576,Visit Date,coerced,'20/05/2026' parsed as %d/%m/%Y
visit-log.csv,1578,V01577,Visit Date,coerced,'11/06/2026' parsed as %d/%m/%Y
visit-log.csv,1579,V01578,Visit Date,coerced,'28/05/2026' parsed as %d/%m/%Y
visit-log.csv,1579,V01578,Remarks,blank,Outcome not logged
visit-log.csv,1580,V01579,Visit Date,coerced,'26/06/2026' parsed as %d/%m/%Y
visit-log.csv,1580,V01579,Purpose,blank,Purpose not logged
visit-log.csv,1582,V01581,Duration (mins),blank,Duration not recorded
visit-log.csv,1584,V01583,Visit Date,coerced,'22/05/2026' parsed as %d/%m/%Y
visit-log.csv,1584,V01583,Remarks,blank,Outcome not logged
visit-log.csv,1585,V01584,Visit Date,coerced,'22/05/2026' parsed as %d/%m/%Y
visit-log.csv,1585,V01584,Remarks,blank,Outcome not logged
visit-log.csv,1586,V01585,Visit Date,coerced,'28/07/2026' parsed as %d/%m/%Y
visit-log.csv,1586,V01585,Duration (mins),blank,Duration not recorded
visit-log.csv,1586,V01585,Purpose,coerced,'routine' -> Routine visit
visit-log.csv,1586,V01585,Remarks,blank,Outcome not logged
visit-log.csv,1587,V01586,Visit Date,coerced,'25/05/2026' parsed as %d/%m/%Y
visit-log.csv,1588,V01587,Visit Date,coerced,'26/07/2026' parsed as %d/%m/%Y
visit-log.csv,1588,V01587,Purpose,coerced,'followup' -> Follow up
visit-log.csv,1589,V01588,Visit Date,coerced,'03/06/2026' parsed as %d/%m/%Y
visit-log.csv,1590,V01589,Visit Date,coerced,'18/07/2026' parsed as %d/%m/%Y
visit-log.csv,1591,V01590,Remarks,blank,Outcome not logged
visit-log.csv,1592,V01591,Visit Date,coerced,'21/07/2026' parsed as %d/%m/%Y
visit-log.csv,1593,V01592,Visit Date,coerced,'09/07/2026' parsed as %d/%m/%Y
visit-log.csv,1595,V01594,Visit Date,coerced,'02/06/2026' parsed as %d/%m/%Y
visit-log.csv,1597,V01596,Visit Date,coerced,'28/06/2026' parsed as %d/%m/%Y
visit-log.csv,1598,V01597,Visit Date,coerced,'08/05/2026' parsed as %d/%m/%Y
visit-log.csv,1598,V01597,Purpose,coerced,'followup' -> Follow up
visit-log.csv,1598,V01597,Remarks,blank,Outcome not logged
visit-log.csv,1599,V01598,Visit Date,coerced,'23/07/2026' parsed as %d/%m/%Y
visit-log.csv,1599,V01598,Duration (mins),blank,Duration not recorded
visit-log.csv,1600,V01599,Remarks,blank,Outcome not logged
visit-log.csv,1601,V01600,Visit Date,coerced,'15/06/2026' parsed as %d/%m/%Y
visit-log.csv,1601,V01600,Remarks,blank,Outcome not logged
visit-log.csv,1602,V01601,Visit Date,coerced,'27/06/2026' parsed as %d/%m/%Y
visit-log.csv,1603,V01602,Visit Date,coerced,'02/05/2026' parsed as %d/%m/%Y
visit-log.csv,1603,V01602,Remarks,blank,Outcome not logged
visit-log.csv,1605,V01604,Visit Date,coerced,'14/07/2026' parsed as %d/%m/%Y
visit-log.csv,1605,V01604,Remarks,blank,Outcome not logged
visit-log.csv,1606,V01605,Visit Date,coerced,'01/07/2026' parsed as %d/%m/%Y
visit-log.csv,1606,V01605,Remarks,blank,Outcome not logged
visit-log.csv,1607,V01606,Visit Date,coerced,'13/06/2026' parsed as %d/%m/%Y
visit-log.csv,1607,V01606,Remarks,blank,Outcome not logged
visit-log.csv,1608,V01607,Visit Date,coerced,'15/06/2026' parsed as %d/%m/%Y
visit-log.csv,1608,V01607,Duration (mins),blank,Duration not recorded
visit-log.csv,1608,V01607,Purpose,coerced,'routine' -> Routine visit
visit-log.csv,1608,V01607,Remarks,blank,Outcome not logged
visit-log.csv,1609,V01608,Purpose,coerced,'routine' -> Routine visit
visit-log.csv,1609,V01608,Remarks,blank,Outcome not logged
visit-log.csv,1610,V01609,Visit Date,coerced,'16/06/2026' parsed as %d/%m/%Y
visit-log.csv,1611,V01610,Visit Date,coerced,'13/06/2026' parsed as %d/%m/%Y
visit-log.csv,1611,V01610,Purpose,blank,Purpose not logged
visit-log.csv,1612,V01611,Visit Date,coerced,'20/07/2026' parsed as %d/%m/%Y
visit-log.csv,1612,V01611,Duration (mins),blank,Duration not recorded
visit-log.csv,1612,V01611,Purpose,coerced,'followup' -> Follow up
visit-log.csv,1613,V01612,Visit Date,coerced,'19/05/2026' parsed as %d/%m/%Y
visit-log.csv,1614,V01613,Visit Date,coerced,'14/05/2026' parsed as %d/%m/%Y
visit-log.csv,1615,V01614,Visit Date,coerced,'26/05/2026' parsed as %d/%m/%Y
visit-log.csv,1615,V01614,Duration (mins),blank,Duration not recorded
visit-log.csv,1615,V01614,Purpose,blank,Purpose not logged
visit-log.csv,1615,V01614,Remarks,blank,Outcome not logged
visit-log.csv,1616,V01615,Visit Date,coerced,'24/06/2026' parsed as %d/%m/%Y
visit-log.csv,1616,V01615,Purpose,coerced,'followup' -> Follow up
visit-log.csv,1616,V01615,Remarks,blank,Outcome not logged
visit-log.csv,1617,V01616,Visit Date,coerced,'01/05/2026' parsed as %d/%m/%Y
visit-log.csv,1617,V01616,Purpose,coerced,'followup' -> Follow up
visit-log.csv,1617,V01616,Remarks,blank,Outcome not logged
visit-log.csv,1618,V01617,Visit Date,coerced,'06/05/2026' parsed as %d/%m/%Y
visit-log.csv,1618,V01617,Remarks,blank,Outcome not logged
visit-log.csv,1619,V01618,Visit Date,coerced,'04/07/2026' parsed as %d/%m/%Y
visit-log.csv,1619,V01618,Remarks,blank,Outcome not logged
visit-log.csv,1620,V01619,Visit Date,coerced,'10/07/2026' parsed as %d/%m/%Y
visit-log.csv,1620,V01619,Purpose,coerced,'followup' -> Follow up
visit-log.csv,1621,V01620,Visit Date,coerced,'05/05/2026' parsed as %d/%m/%Y
visit-log.csv,1621,V01620,Duration (mins),blank,Duration not recorded
visit-log.csv,1621,V01620,Remarks,blank,Outcome not logged
visit-log.csv,1622,V01621,Visit Date,coerced,'16/05/2026' parsed as %d/%m/%Y
visit-log.csv,1623,V01622,Visit Date,coerced,'22/06/2026' parsed as %d/%m/%Y
visit-log.csv,1624,V01623,Visit Date,coerced,'05/05/2026' parsed as %d/%m/%Y
visit-log.csv,1624,V01623,Purpose,coerced,'routine' -> Routine visit
visit-log.csv,1625,V01624,Visit Date,coerced,'07/07/2026' parsed as %d/%m/%Y
visit-log.csv,1625,V01624,Purpose,coerced,'routine' -> Routine visit
visit-log.csv,1625,V01624,Remarks,blank,Outcome not logged
visit-log.csv,1626,V01625,Visit Date,coerced,'01/06/2026' parsed as %d/%m/%Y
visit-log.csv,1626,V01625,Duration (mins),blank,Duration not recorded
visit-log.csv,1627,V01626,Visit Date,coerced,'25/07/2026' parsed as %d/%m/%Y
visit-log.csv,1627,V01626,Remarks,blank,Outcome not logged
visit-log.csv,1628,V01627,Remarks,blank,Outcome not logged
visit-log.csv,1629,V01628,Visit Date,coerced,'22/07/2026' parsed as %d/%m/%Y
visit-log.csv,1630,V01629,Visit Date,coerced,'02/06/2026' parsed as %d/%m/%Y
visit-log.csv,1631,V01630,Visit Date,coerced,'08/06/2026' parsed as %d/%m/%Y
visit-log.csv,1632,V01631,Visit Date,coerced,'19/05/2026' parsed as %d/%m/%Y
visit-log.csv,1633,V01632,Remarks,blank,Outcome not logged
visit-log.csv,1634,V01633,Visit Date,coerced,'23/06/2026' parsed as %d/%m/%Y
visit-log.csv,1634,V01633,Purpose,coerced,'followup' -> Follow up
visit-log.csv,1634,V01633,Remarks,blank,Outcome not logged
visit-log.csv,1635,V01634,Visit Date,coerced,'18/05/2026' parsed as %d/%m/%Y
visit-log.csv,1635,V01634,Remarks,blank,Outcome not logged
visit-log.csv,1636,V01635,Visit Date,coerced,'12/05/2026' parsed as %d/%m/%Y
visit-log.csv,1636,V01635,Purpose,blank,Purpose not logged
visit-log.csv,1637,V01636,Visit Date,coerced,'29/06/2026' parsed as %d/%m/%Y
visit-log.csv,1638,V01637,Visit Date,coerced,'06/07/2026' parsed as %d/%m/%Y
visit-log.csv,1639,V01638,Purpose,coerced,'followup' -> Follow up
visit-log.csv,1639,V01638,Remarks,blank,Outcome not logged
visit-log.csv,1640,V01639,Visit Date,coerced,'22/07/2026' parsed as %d/%m/%Y
visit-log.csv,1640,V01639,Remarks,blank,Outcome not logged
visit-log.csv,1641,V01640,Visit Date,coerced,'01/05/2026' parsed as %d/%m/%Y
visit-log.csv,1641,V01640,Remarks,blank,Outcome not logged
visit-log.csv,1642,V01641,Visit Date,coerced,'08/05/2026' parsed as %d/%m/%Y
visit-log.csv,1642,V01641,Remarks,blank,Outcome not logged
visit-log.csv,1643,V01642,Purpose,blank,Purpose not logged
visit-log.csv,1644,V01643,Visit Date,coerced,'15/07/2026' parsed as %d/%m/%Y
visit-log.csv,1644,V01643,Purpose,coerced,'followup' -> Follow up
visit-log.csv,1645,V01644,Visit Date,coerced,'27/05/2026' parsed as %d/%m/%Y
visit-log.csv,1646,V01645,Visit Date,coerced,'24/06/2026' parsed as %d/%m/%Y
visit-log.csv,1646,V01645,Remarks,blank,Outcome not logged
visit-log.csv,1647,V01646,Visit Date,coerced,'27/05/2026' parsed as %d/%m/%Y
visit-log.csv,1648,V01647,Visit Date,coerced,'18/05/2026' parsed as %d/%m/%Y
visit-log.csv,1648,V01647,Purpose,coerced,'followup' -> Follow up
visit-log.csv,1649,V01648,Duration (mins),blank,Duration not recorded
visit-log.csv,1649,V01648,Remarks,blank,Outcome not logged
visit-log.csv,1650,V01649,Visit Date,coerced,'29/05/2026' parsed as %d/%m/%Y
visit-log.csv,1651,V01650,Visit Date,coerced,'24/06/2026' parsed as %d/%m/%Y
visit-log.csv,1652,V01651,Visit Date,coerced,'06/07/2026' parsed as %d/%m/%Y
visit-log.csv,1652,V01651,Remarks,blank,Outcome not logged
visit-log.csv,1653,V01652,Visit Date,coerced,'07/07/2026' parsed as %d/%m/%Y
visit-log.csv,1654,V01653,Visit Date,coerced,'16/05/2026' parsed as %d/%m/%Y
visit-log.csv,1654,V01653,Remarks,blank,Outcome not logged
visit-log.csv,1655,V01654,Visit Date,coerced,'07/07/2026' parsed as %d/%m/%Y
visit-log.csv,1655,V01654,Duration (mins),blank,Duration not recorded
visit-log.csv,1656,V01655,Purpose,coerced,'followup' -> Follow up
visit-log.csv,1656,V01655,Remarks,blank,Outcome not logged
visit-log.csv,1657,V01656,Visit Date,coerced,'27/05/2026' parsed as %d/%m/%Y
visit-log.csv,1658,V01657,Remarks,blank,Outcome not logged
visit-log.csv,1659,V01658,Visit Date,coerced,'15/06/2026' parsed as %d/%m/%Y
visit-log.csv,1660,V01659,Visit Date,coerced,'30/06/2026' parsed as %d/%m/%Y
visit-log.csv,1660,V01659,Purpose,coerced,'routine' -> Routine visit
visit-log.csv,1661,V01660,Visit Date,coerced,'26/06/2026' parsed as %d/%m/%Y
visit-log.csv,1662,V01661,Visit Date,coerced,'24/07/2026' parsed as %d/%m/%Y
visit-log.csv,1663,V01662,Visit Date,coerced,'21/07/2026' parsed as %d/%m/%Y
visit-log.csv,1664,V01663,Visit Date,coerced,'09/06/2026' parsed as %d/%m/%Y
visit-log.csv,1665,V01664,Visit Date,coerced,'13/06/2026' parsed as %d/%m/%Y
visit-log.csv,1666,V01665,Visit Date,coerced,'01/07/2026' parsed as %d/%m/%Y
visit-log.csv,1668,V01667,Visit Date,coerced,'11/06/2026' parsed as %d/%m/%Y
visit-log.csv,1669,V01668,Visit Date,coerced,'25/07/2026' parsed as %d/%m/%Y
visit-log.csv,1669,V01668,Purpose,coerced,'followup' -> Follow up
visit-log.csv,1669,V01668,Remarks,blank,Outcome not logged
visit-log.csv,1670,V01669,Visit Date,coerced,'11/05/2026' parsed as %d/%m/%Y
visit-log.csv,1670,V01669,Duration (mins),blank,Duration not recorded
visit-log.csv,1670,V01669,Purpose,blank,Purpose not logged
visit-log.csv,1670,V01669,Remarks,blank,Outcome not logged
visit-log.csv,1671,V01670,Visit Date,coerced,'08/06/2026' parsed as %d/%m/%Y
visit-log.csv,1671,V01670,Remarks,blank,Outcome not logged
visit-log.csv,1672,V01671,Visit Date,coerced,'06/07/2026' parsed as %d/%m/%Y
visit-log.csv,1674,V01673,Purpose,coerced,'followup' -> Follow up
visit-log.csv,1675,V01674,Remarks,blank,Outcome not logged
visit-log.csv,1676,V01675,Visit Date,coerced,'09/06/2026' parsed as %d/%m/%Y
visit-log.csv,1676,V01675,Duration (mins),blank,Duration not recorded
visit-log.csv,1676,V01675,Remarks,blank,Outcome not logged
visit-log.csv,1677,V01676,Visit Date,coerced,'24/06/2026' parsed as %d/%m/%Y
visit-log.csv,1677,V01676,Remarks,blank,Outcome not logged
visit-log.csv,1678,V01677,Remarks,blank,Outcome not logged
visit-log.csv,1679,V01678,Visit Date,coerced,'18/06/2026' parsed as %d/%m/%Y
visit-log.csv,1679,V01678,Remarks,blank,Outcome not logged
visit-log.csv,1680,V01679,Visit Date,coerced,'19/06/2026' parsed as %d/%m/%Y
visit-log.csv,1680,V01679,Remarks,blank,Outcome not logged
visit-log.csv,1681,V01680,Visit Date,coerced,'23/06/2026' parsed as %d/%m/%Y
visit-log.csv,1681,V01680,Duration (mins),blank,Duration not recorded
visit-log.csv,1681,V01680,Remarks,blank,Outcome not logged
visit-log.csv,1682,V01681,Visit Date,coerced,'15/05/2026' parsed as %d/%m/%Y
visit-log.csv,1683,V01682,Visit Date,coerced,'27/07/2026' parsed as %d/%m/%Y
visit-log.csv,1684,V01683,Visit Date,coerced,'21/05/2026' parsed as %d/%m/%Y
visit-log.csv,1684,V01683,Remarks,blank,Outcome not logged
visit-log.csv,1685,V01684,Remarks,blank,Outcome not logged
visit-log.csv,1686,V01685,Purpose,coerced,'followup' -> Follow up
visit-log.csv,1687,V01686,Visit Date,coerced,'14/07/2026' parsed as %d/%m/%Y
visit-log.csv,1688,V01687,Remarks,blank,Outcome not logged
visit-log.csv,1689,V01688,Visit Date,coerced,'08/06/2026' parsed as %d/%m/%Y
visit-log.csv,1689,V01688,Remarks,blank,Outcome not logged
visit-log.csv,1690,V01689,Visit Date,coerced,'02/07/2026' parsed as %d/%m/%Y
visit-log.csv,1691,V01690,Visit Date,coerced,'16/06/2026' parsed as %d/%m/%Y
visit-log.csv,1692,V01691,Visit Date,coerced,'05/05/2026' parsed as %d/%m/%Y
visit-log.csv,1692,V01691,Purpose,coerced,'routine' -> Routine visit
visit-log.csv,1693,V01692,Visit Date,coerced,'03/06/2026' parsed as %d/%m/%Y
visit-log.csv,1694,V01693,Visit Date,coerced,'16/06/2026' parsed as %d/%m/%Y
visit-log.csv,1694,V01693,Purpose,coerced,'followup' -> Follow up
visit-log.csv,1696,V01695,Visit Date,coerced,'27/05/2026' parsed as %d/%m/%Y
visit-log.csv,1696,V01695,Remarks,blank,Outcome not logged
visit-log.csv,1697,V01696,Duration (mins),blank,Duration not recorded
visit-log.csv,1697,V01696,Purpose,coerced,'followup' -> Follow up
visit-log.csv,1699,V01698,Visit Date,coerced,'27/06/2026' parsed as %d/%m/%Y
visit-log.csv,1699,V01698,Remarks,blank,Outcome not logged
visit-log.csv,1700,V01699,Remarks,blank,Outcome not logged
visit-log.csv,1701,V01700,Visit Date,coerced,'13/07/2026' parsed as %d/%m/%Y
visit-log.csv,1702,V01701,Visit Date,coerced,'10/07/2026' parsed as %d/%m/%Y
visit-log.csv,1702,V01701,Purpose,coerced,'followup' -> Follow up
visit-log.csv,1704,V01703,Visit Date,coerced,'07/07/2026' parsed as %d/%m/%Y
visit-log.csv,1704,V01703,Purpose,coerced,'routine' -> Routine visit
visit-log.csv,1705,V01704,Visit Date,coerced,'08/06/2026' parsed as %d/%m/%Y
visit-log.csv,1705,V01704,Purpose,blank,Purpose not logged
visit-log.csv,1706,V01705,Visit Date,coerced,'13/06/2026' parsed as %d/%m/%Y
visit-log.csv,1707,V01706,Visit Date,coerced,'03/07/2026' parsed as %d/%m/%Y
visit-log.csv,1708,V01707,Visit Date,coerced,'28/07/2026' parsed as %d/%m/%Y
visit-log.csv,1708,V01707,Remarks,blank,Outcome not logged
visit-log.csv,1709,V01708,Visit Date,coerced,'16/05/2026' parsed as %d/%m/%Y
visit-log.csv,1710,V01709,Remarks,blank,Outcome not logged
visit-log.csv,1711,V01710,Visit Date,coerced,'27/05/2026' parsed as %d/%m/%Y
visit-log.csv,1712,V01711,Duration (mins),blank,Duration not recorded
visit-log.csv,1713,V01712,Duration (mins),blank,Duration not recorded
visit-log.csv,1714,V01713,Purpose,coerced,'routine' -> Routine visit
visit-log.csv,1715,V01714,Visit Date,coerced,'25/06/2026' parsed as %d/%m/%Y
visit-log.csv,1716,V01715,Visit Date,coerced,'03/06/2026' parsed as %d/%m/%Y
visit-log.csv,1717,V01716,Visit Date,coerced,'02/07/2026' parsed as %d/%m/%Y
visit-log.csv,1718,V01717,Purpose,blank,Purpose not logged
visit-log.csv,1718,V01717,Remarks,blank,Outcome not logged
visit-log.csv,1719,V01718,Visit Date,coerced,'22/06/2026' parsed as %d/%m/%Y
visit-log.csv,1720,V01719,Visit Date,coerced,'03/07/2026' parsed as %d/%m/%Y
visit-log.csv,1720,V01719,Remarks,blank,Outcome not logged
visit-log.csv,1721,V01720,Visit Date,coerced,'15/05/2026' parsed as %d/%m/%Y
visit-log.csv,1721,V01720,Purpose,coerced,'followup' -> Follow up
visit-log.csv,1722,V01721,Visit Date,coerced,'09/06/2026' parsed as %d/%m/%Y
visit-log.csv,1722,V01721,Purpose,coerced,'followup' -> Follow up
visit-log.csv,1722,V01721,Remarks,blank,Outcome not logged
visit-log.csv,1723,V01722,Purpose,blank,Purpose not logged
visit-log.csv,1723,V01722,Remarks,blank,Outcome not logged
visit-log.csv,1724,V01723,Visit Date,coerced,'13/05/2026' parsed as %d/%m/%Y
visit-log.csv,1724,V01723,Remarks,blank,Outcome not logged
visit-log.csv,1725,V01724,Visit Date,coerced,'29/06/2026' parsed as %d/%m/%Y
visit-log.csv,1725,V01724,Purpose,coerced,'followup' -> Follow up
visit-log.csv,1726,V01725,Visit Date,coerced,'08/05/2026' parsed as %d/%m/%Y
visit-log.csv,1727,V01726,Visit Date,coerced,'06/07/2026' parsed as %d/%m/%Y
visit-log.csv,1727,V01726,Purpose,blank,Purpose not logged
visit-log.csv,1728,V01727,Visit Date,coerced,'27/05/2026' parsed as %d/%m/%Y
visit-log.csv,1729,V01728,Purpose,blank,Purpose not logged
visit-log.csv,1729,V01728,Remarks,blank,Outcome not logged
visit-log.csv,1730,V01729,Visit Date,coerced,'29/05/2026' parsed as %d/%m/%Y
visit-log.csv,1730,V01729,Purpose,blank,Purpose not logged
visit-log.csv,1730,V01729,Remarks,blank,Outcome not logged
visit-log.csv,1731,V01730,Visit Date,coerced,'23/06/2026' parsed as %d/%m/%Y
visit-log.csv,1731,V01730,Remarks,blank,Outcome not logged
visit-log.csv,1732,V01731,Visit Date,coerced,'28/06/2026' parsed as %d/%m/%Y
visit-log.csv,1732,V01731,Remarks,blank,Outcome not logged
visit-log.csv,1733,V01732,Remarks,blank,Outcome not logged
visit-log.csv,1734,V01733,Visit Date,coerced,'25/06/2026' parsed as %d/%m/%Y
visit-log.csv,1734,V01733,Purpose,blank,Purpose not logged
visit-log.csv,1735,V01734,Visit Date,coerced,'09/05/2026' parsed as %d/%m/%Y
visit-log.csv,1735,V01734,Duration (mins),blank,Duration not recorded
visit-log.csv,1735,V01734,Purpose,coerced,'followup' -> Follow up
visit-log.csv,1735,V01734,Remarks,blank,Outcome not logged
visit-log.csv,1736,V01735,Remarks,blank,Outcome not logged
visit-log.csv,1737,V01736,Remarks,blank,Outcome not logged
visit-log.csv,1738,V01737,Visit Date,coerced,'24/07/2026' parsed as %d/%m/%Y
visit-log.csv,1738,V01737,Purpose,blank,Purpose not logged
visit-log.csv,1739,V01738,Remarks,blank,Outcome not logged
visit-log.csv,1740,V01739,Visit Date,coerced,'13/07/2026' parsed as %d/%m/%Y
visit-log.csv,1740,V01739,Purpose,coerced,'followup' -> Follow up
visit-log.csv,1741,V01740,Visit Date,coerced,'21/07/2026' parsed as %d/%m/%Y
visit-log.csv,1741,V01740,Remarks,blank,Outcome not logged
visit-log.csv,1742,V01741,Visit Date,coerced,'16/07/2026' parsed as %d/%m/%Y
visit-log.csv,1742,V01741,Purpose,coerced,'followup' -> Follow up
visit-log.csv,1743,V01742,Visit Date,coerced,'26/05/2026' parsed as %d/%m/%Y
visit-log.csv,1744,V01743,Remarks,blank,Outcome not logged
visit-log.csv,1745,V01744,Purpose,coerced,'routine' -> Routine visit
visit-log.csv,1746,V01745,Visit Date,coerced,'12/06/2026' parsed as %d/%m/%Y
visit-log.csv,1746,V01745,Duration (mins),blank,Duration not recorded
visit-log.csv,1746,V01745,Remarks,blank,Outcome not logged
visit-log.csv,1747,V01746,Visit Date,coerced,'15/07/2026' parsed as %d/%m/%Y
visit-log.csv,1747,V01746,Purpose,blank,Purpose not logged
visit-log.csv,1748,V01747,Visit Date,coerced,'29/07/2026' parsed as %d/%m/%Y
visit-log.csv,1748,V01747,Duration (mins),blank,Duration not recorded
visit-log.csv,1749,V01748,Visit Date,coerced,'30/07/2026' parsed as %d/%m/%Y
visit-log.csv,1749,V01748,Remarks,blank,Outcome not logged
visit-log.csv,1750,V01749,Remarks,blank,Outcome not logged
visit-log.csv,1751,V01750,Visit Date,coerced,'27/05/2026' parsed as %d/%m/%Y
visit-log.csv,1751,V01750,Duration (mins),blank,Duration not recorded
visit-log.csv,1752,V01751,Visit Date,coerced,'16/07/2026' parsed as %d/%m/%Y
visit-log.csv,1752,V01751,Remarks,blank,Outcome not logged
visit-log.csv,1753,V01752,Visit Date,coerced,'08/06/2026' parsed as %d/%m/%Y
visit-log.csv,1753,V01752,Purpose,blank,Purpose not logged
visit-log.csv,1754,V01753,Visit Date,coerced,'09/07/2026' parsed as %d/%m/%Y
visit-log.csv,1754,V01753,Purpose,coerced,'followup' -> Follow up
visit-log.csv,1755,V01754,Visit Date,coerced,'29/06/2026' parsed as %d/%m/%Y
visit-log.csv,1755,V01754,Remarks,blank,Outcome not logged
visit-log.csv,1757,V01756,Visit Date,coerced,'24/05/2026' parsed as %d/%m/%Y
visit-log.csv,1757,V01756,Purpose,coerced,'followup' -> Follow up
visit-log.csv,1758,V01757,Remarks,blank,Outcome not logged
visit-log.csv,1759,V01758,Visit Date,coerced,'25/05/2026' parsed as %d/%m/%Y
visit-log.csv,1759,V01758,Purpose,coerced,'followup' -> Follow up
visit-log.csv,1760,V01759,Visit Date,coerced,'20/07/2026' parsed as %d/%m/%Y
visit-log.csv,1760,V01759,Purpose,coerced,'followup' -> Follow up
visit-log.csv,1761,V01760,Visit Date,coerced,'25/06/2026' parsed as %d/%m/%Y
visit-log.csv,1761,V01760,Purpose,coerced,'followup' -> Follow up
visit-log.csv,1762,V01761,Visit Date,coerced,'06/06/2026' parsed as %d/%m/%Y
visit-log.csv,1763,V01762,Visit Date,coerced,'29/05/2026' parsed as %d/%m/%Y
visit-log.csv,1763,V01762,Remarks,blank,Outcome not logged
visit-log.csv,1764,V01763,Visit Date,coerced,'06/06/2026' parsed as %d/%m/%Y
visit-log.csv,1765,V01764,Visit Date,coerced,'16/05/2026' parsed as %d/%m/%Y
visit-log.csv,1765,V01764,Duration (mins),blank,Duration not recorded
visit-log.csv,1765,V01764,Remarks,blank,Outcome not logged
visit-log.csv,1766,V01765,Visit Date,coerced,'17/06/2026' parsed as %d/%m/%Y
visit-log.csv,1766,V01765,Remarks,blank,Outcome not logged
visit-log.csv,1767,V01766,Visit Date,coerced,'28/06/2026' parsed as %d/%m/%Y
visit-log.csv,1767,V01766,Purpose,coerced,'followup' -> Follow up
visit-log.csv,1769,V01768,Visit Date,coerced,'12/06/2026' parsed as %d/%m/%Y
visit-log.csv,1769,V01768,Remarks,blank,Outcome not logged
visit-log.csv,1771,V01770,Visit Date,coerced,'23/05/2026' parsed as %d/%m/%Y
visit-log.csv,1772,V01771,Visit Date,coerced,'06/06/2026' parsed as %d/%m/%Y
visit-log.csv,1772,V01771,Duration (mins),blank,Duration not recorded
visit-log.csv,1773,V01772,Purpose,blank,Purpose not logged
visit-log.csv,1774,V01773,Remarks,blank,Outcome not logged
visit-log.csv,1775,V01774,Visit Date,coerced,'18/06/2026' parsed as %d/%m/%Y
visit-log.csv,1775,V01774,Remarks,blank,Outcome not logged
visit-log.csv,1776,V01775,Visit Date,coerced,'09/05/2026' parsed as %d/%m/%Y
visit-log.csv,1776,V01775,Duration (mins),blank,Duration not recorded
visit-log.csv,1777,V01776,Visit Date,coerced,'12/06/2026' parsed as %d/%m/%Y
visit-log.csv,1777,V01776,Purpose,blank,Purpose not logged
visit-log.csv,1778,V01777,Visit Date,coerced,'09/05/2026' parsed as %d/%m/%Y
visit-log.csv,1779,V01778,Remarks,blank,Outcome not logged
visit-log.csv,1780,V01779,Visit Date,coerced,'07/05/2026' parsed as %d/%m/%Y
visit-log.csv,1780,V01779,Duration (mins),blank,Duration not recorded
visit-log.csv,1781,V01780,Visit Date,coerced,'02/07/2026' parsed as %d/%m/%Y
visit-log.csv,1782,V01781,Visit Date,coerced,'21/07/2026' parsed as %d/%m/%Y
visit-log.csv,1782,V01781,Remarks,blank,Outcome not logged
visit-log.csv,1783,V01782,Visit Date,coerced,'28/07/2026' parsed as %d/%m/%Y
visit-log.csv,1784,V01783,Visit Date,coerced,'27/05/2026' parsed as %d/%m/%Y
visit-log.csv,1784,V01783,Purpose,coerced,'followup' -> Follow up
visit-log.csv,1784,V01783,Remarks,blank,Outcome not logged
visit-log.csv,1785,V01784,Visit Date,coerced,'30/07/2026' parsed as %d/%m/%Y
visit-log.csv,1786,V01785,Visit Date,coerced,'01/07/2026' parsed as %d/%m/%Y
visit-log.csv,1786,V01785,Remarks,blank,Outcome not logged
visit-log.csv,1787,V01786,Visit Date,coerced,'15/05/2026' parsed as %d/%m/%Y
visit-log.csv,1788,V01787,Visit Date,coerced,'23/06/2026' parsed as %d/%m/%Y
visit-log.csv,1788,V01787,Remarks,blank,Outcome not logged
visit-log.csv,1789,V01788,Visit Date,coerced,'20/05/2026' parsed as %d/%m/%Y
visit-log.csv,1791,V01790,Visit Date,coerced,'27/07/2026' parsed as %d/%m/%Y
visit-log.csv,1792,V01791,Visit Date,coerced,'08/05/2026' parsed as %d/%m/%Y
visit-log.csv,1792,V01791,Duration (mins),blank,Duration not recorded
visit-log.csv,1793,V01792,Visit Date,coerced,'24/05/2026' parsed as %d/%m/%Y
visit-log.csv,1793,V01792,Duration (mins),blank,Duration not recorded
visit-log.csv,1794,V01793,Visit Date,coerced,'02/06/2026' parsed as %d/%m/%Y
visit-log.csv,1794,V01793,Remarks,blank,Outcome not logged
visit-log.csv,1795,V01794,Visit Date,coerced,'20/07/2026' parsed as %d/%m/%Y
visit-log.csv,1795,V01794,Purpose,coerced,'routine' -> Routine visit
visit-log.csv,1797,V01796,Visit Date,coerced,'05/05/2026' parsed as %d/%m/%Y
visit-log.csv,1797,V01796,Duration (mins),blank,Duration not recorded
visit-log.csv,1797,V01796,Purpose,coerced,'followup' -> Follow up
visit-log.csv,1798,V01797,Visit Date,coerced,'13/05/2026' parsed as %d/%m/%Y
visit-log.csv,1798,V01797,Duration (mins),blank,Duration not recorded
visit-log.csv,1798,V01797,Remarks,blank,Outcome not logged
visit-log.csv,1799,V01798,Visit Date,coerced,'16/05/2026' parsed as %d/%m/%Y
visit-log.csv,1800,V01799,Visit Date,coerced,'22/05/2026' parsed as %d/%m/%Y
visit-log.csv,1800,V01799,Remarks,blank,Outcome not logged
visit-log.csv,1801,V01800,Visit Date,coerced,'12/07/2026' parsed as %d/%m/%Y
visit-log.csv,1801,V01800,Duration (mins),blank,Duration not recorded
visit-log.csv,1802,V01801,Visit Date,coerced,'30/07/2026' parsed as %d/%m/%Y
visit-log.csv,1802,V01801,Purpose,coerced,'followup' -> Follow up
visit-log.csv,1803,V01802,Visit Date,coerced,'29/05/2026' parsed as %d/%m/%Y
visit-log.csv,1804,V01803,Purpose,coerced,'routine' -> Routine visit
visit-log.csv,1805,V01804,Visit Date,coerced,'15/07/2026' parsed as %d/%m/%Y
visit-log.csv,1805,V01804,Purpose,blank,Purpose not logged
visit-log.csv,1806,V01805,Visit Date,coerced,'27/05/2026' parsed as %d/%m/%Y
visit-log.csv,1806,V01805,Duration (mins),blank,Duration not recorded
visit-log.csv,1807,V01806,Visit Date,coerced,'17/06/2026' parsed as %d/%m/%Y
visit-log.csv,1808,V01807,Visit Date,coerced,'30/06/2026' parsed as %d/%m/%Y
visit-log.csv,1808,V01807,Purpose,coerced,'routine' -> Routine visit
visit-log.csv,1809,V01808,Visit Date,coerced,'16/05/2026' parsed as %d/%m/%Y
visit-log.csv,1809,V01808,Remarks,blank,Outcome not logged
visit-log.csv,1810,V01809,Visit Date,coerced,'24/06/2026' parsed as %d/%m/%Y
visit-log.csv,1810,V01809,Remarks,blank,Outcome not logged
visit-log.csv,1811,V01810,Visit Date,coerced,'11/07/2026' parsed as %d/%m/%Y
visit-log.csv,1811,V01810,Purpose,coerced,'followup' -> Follow up
visit-log.csv,1812,V01811,Visit Date,coerced,'29/07/2026' parsed as %d/%m/%Y
visit-log.csv,1813,V01812,Visit Date,coerced,'03/06/2026' parsed as %d/%m/%Y
visit-log.csv,1813,V01812,Duration (mins),blank,Duration not recorded
visit-log.csv,1814,V01813,Visit Date,coerced,'30/07/2026' parsed as %d/%m/%Y
visit-log.csv,1814,V01813,Remarks,blank,Outcome not logged
visit-log.csv,1815,V01814,Visit Date,coerced,'01/05/2026' parsed as %d/%m/%Y
visit-log.csv,1815,V01814,Purpose,blank,Purpose not logged
visit-log.csv,1816,V01815,Visit Date,coerced,'21/07/2026' parsed as %d/%m/%Y
visit-log.csv,1816,V01815,Purpose,blank,Purpose not logged
visit-log.csv,1817,V01816,Visit Date,coerced,'11/06/2026' parsed as %d/%m/%Y
visit-log.csv,1817,V01816,Purpose,coerced,'followup' -> Follow up
visit-log.csv,1818,V01817,Visit Date,coerced,'18/07/2026' parsed as %d/%m/%Y
visit-log.csv,1820,V01819,Visit Date,coerced,'15/07/2026' parsed as %d/%m/%Y
visit-log.csv,1821,V01820,Visit Date,coerced,'07/05/2026' parsed as %d/%m/%Y
visit-log.csv,1822,V01821,Visit Date,coerced,'18/07/2026' parsed as %d/%m/%Y
visit-log.csv,1822,V01821,Remarks,blank,Outcome not logged
visit-log.csv,1823,V01822,Visit Date,coerced,'17/07/2026' parsed as %d/%m/%Y
visit-log.csv,1824,V01823,Visit Date,coerced,'26/05/2026' parsed as %d/%m/%Y
visit-log.csv,1825,V01824,Visit Date,coerced,'30/06/2026' parsed as %d/%m/%Y
visit-log.csv,1825,V01824,Remarks,blank,Outcome not logged
visit-log.csv,1826,V01825,Visit Date,coerced,'01/07/2026' parsed as %d/%m/%Y
visit-log.csv,1827,V01826,Remarks,blank,Outcome not logged
visit-log.csv,1828,V01827,Purpose,coerced,'followup' -> Follow up
visit-log.csv,1829,V01828,Visit Date,coerced,'22/06/2026' parsed as %d/%m/%Y
visit-log.csv,1829,V01828,Purpose,coerced,'followup' -> Follow up
visit-log.csv,1829,V01828,Remarks,blank,Outcome not logged
visit-log.csv,1830,V01829,Visit Date,coerced,'25/05/2026' parsed as %d/%m/%Y
visit-log.csv,1830,V01829,Duration (mins),blank,Duration not recorded
visit-log.csv,1830,V01829,Remarks,blank,Outcome not logged
visit-log.csv,1831,V01830,Remarks,blank,Outcome not logged
visit-log.csv,1832,V01831,Purpose,coerced,'routine' -> Routine visit
visit-log.csv,1833,V01832,Visit Date,coerced,'19/05/2026' parsed as %d/%m/%Y
visit-log.csv,1833,V01832,Remarks,blank,Outcome not logged
visit-log.csv,1835,V01834,Purpose,coerced,'routine' -> Routine visit
visit-log.csv,1836,V01835,Duration (mins),blank,Duration not recorded
visit-log.csv,1836,V01835,Remarks,blank,Outcome not logged
visit-log.csv,1837,V01836,Visit Date,coerced,'01/07/2026' parsed as %d/%m/%Y
visit-log.csv,1838,V01837,Visit Date,coerced,'05/05/2026' parsed as %d/%m/%Y
visit-log.csv,1838,V01837,Remarks,blank,Outcome not logged
visit-log.csv,1839,V01838,Purpose,coerced,'routine' -> Routine visit
visit-log.csv,1841,V01840,Visit Date,coerced,'17/06/2026' parsed as %d/%m/%Y
visit-log.csv,1841,V01840,Remarks,blank,Outcome not logged
visit-log.csv,1842,V01841,Visit Date,coerced,'12/07/2026' parsed as %d/%m/%Y
visit-log.csv,1842,V01841,Duration (mins),blank,Duration not recorded
visit-log.csv,1843,V01842,Visit Date,coerced,'09/05/2026' parsed as %d/%m/%Y
visit-log.csv,1843,V01842,Purpose,coerced,'routine' -> Routine visit
visit-log.csv,1843,V01842,Remarks,blank,Outcome not logged
visit-log.csv,1844,V01843,Visit Date,coerced,'27/05/2026' parsed as %d/%m/%Y
visit-log.csv,1844,V01843,Purpose,coerced,'routine' -> Routine visit
visit-log.csv,1844,V01843,Remarks,blank,Outcome not logged
visit-log.csv,1845,V01844,Visit Date,coerced,'03/06/2026' parsed as %d/%m/%Y
visit-log.csv,1845,V01844,Remarks,blank,Outcome not logged
visit-log.csv,1846,V01845,Visit Date,coerced,'01/06/2026' parsed as %d/%m/%Y
visit-log.csv,1847,V01846,Visit Date,coerced,'15/07/2026' parsed as %d/%m/%Y
visit-log.csv,1847,V01846,Purpose,blank,Purpose not logged
visit-log.csv,1849,V01848,Visit Date,coerced,'12/05/2026' parsed as %d/%m/%Y
visit-log.csv,1849,V01848,Remarks,blank,Outcome not logged
visit-log.csv,1850,V01849,Duration (mins),blank,Duration not recorded
visit-log.csv,1851,V01850,Visit Date,coerced,'22/05/2026' parsed as %d/%m/%Y
visit-log.csv,1851,V01850,Remarks,blank,Outcome not logged
visit-log.csv,1852,V01851,Purpose,coerced,'routine' -> Routine visit
visit-log.csv,1853,V01852,Visit Date,coerced,'14/05/2026' parsed as %d/%m/%Y
visit-log.csv,1853,V01852,Duration (mins),blank,Duration not recorded
visit-log.csv,1854,V01853,Visit Date,coerced,'01/07/2026' parsed as %d/%m/%Y
visit-log.csv,1854,V01853,Remarks,blank,Outcome not logged
visit-log.csv,1855,V01854,Visit Date,coerced,'06/06/2026' parsed as %d/%m/%Y
visit-log.csv,1856,V01855,Visit Date,coerced,'15/05/2026' parsed as %d/%m/%Y
visit-log.csv,1856,V01855,Purpose,coerced,'routine' -> Routine visit
visit-log.csv,1856,V01855,Remarks,blank,Outcome not logged
visit-log.csv,1857,V01856,Visit Date,coerced,'11/06/2026' parsed as %d/%m/%Y
visit-log.csv,1857,V01856,Purpose,blank,Purpose not logged
visit-log.csv,1858,V01857,Visit Date,coerced,'29/06/2026' parsed as %d/%m/%Y
visit-log.csv,1858,V01857,Purpose,blank,Purpose not logged
visit-log.csv,1859,V01858,Visit Date,coerced,'28/05/2026' parsed as %d/%m/%Y
visit-log.csv,1861,V01860,Remarks,blank,Outcome not logged
visit-log.csv,1862,V01861,Visit Date,coerced,'23/06/2026' parsed as %d/%m/%Y
visit-log.csv,1862,V01861,Purpose,blank,Purpose not logged
visit-log.csv,1862,V01861,Remarks,blank,Outcome not logged
visit-log.csv,1864,V01863,Visit Date,coerced,'05/07/2026' parsed as %d/%m/%Y
visit-log.csv,1865,V01864,Visit Date,coerced,'10/06/2026' parsed as %d/%m/%Y
visit-log.csv,1865,V01864,Remarks,blank,Outcome not logged
visit-log.csv,1866,V01865,Visit Date,coerced,'02/07/2026' parsed as %d/%m/%Y
visit-log.csv,1867,V01866,Visit Date,coerced,'12/05/2026' parsed as %d/%m/%Y
visit-log.csv,1867,V01866,Duration (mins),blank,Duration not recorded
visit-log.csv,1867,V01866,Purpose,coerced,'routine' -> Routine visit
visit-log.csv,1868,V01867,Remarks,blank,Outcome not logged
visit-log.csv,1869,V01868,Visit Date,coerced,'27/05/2026' parsed as %d/%m/%Y
visit-log.csv,1870,V01869,Visit Date,coerced,'10/07/2026' parsed as %d/%m/%Y
visit-log.csv,1872,V01871,Visit Date,coerced,'12/07/2026' parsed as %d/%m/%Y
visit-log.csv,1872,V01871,Remarks,blank,Outcome not logged
visit-log.csv,1874,V01873,Visit Date,coerced,'03/06/2026' parsed as %d/%m/%Y
visit-log.csv,1875,V01874,Visit Date,coerced,'26/05/2026' parsed as %d/%m/%Y
visit-log.csv,1875,V01874,Purpose,blank,Purpose not logged
visit-log.csv,1876,V01875,Visit Date,coerced,'18/06/2026' parsed as %d/%m/%Y
visit-log.csv,1876,V01875,Duration (mins),blank,Duration not recorded
visit-log.csv,1877,V01876,Visit Date,coerced,'15/06/2026' parsed as %d/%m/%Y
visit-log.csv,1877,V01876,Remarks,blank,Outcome not logged
visit-log.csv,1878,V01877,Visit Date,coerced,'15/06/2026' parsed as %d/%m/%Y
visit-log.csv,1878,V01877,Remarks,blank,Outcome not logged
visit-log.csv,1878,V01877,Check In,blank,Check-in time not logged
visit-log.csv,1879,V01878,Visit Date,coerced,'15/05/2026' parsed as %d/%m/%Y
visit-log.csv,1880,V01879,Visit Date,coerced,'11/07/2026' parsed as %d/%m/%Y
visit-log.csv,1882,V01881,Visit Date,coerced,'01/05/2026' parsed as %d/%m/%Y
visit-log.csv,1882,V01881,Remarks,blank,Outcome not logged
visit-log.csv,1883,V01882,Visit Date,coerced,'19/06/2026' parsed as %d/%m/%Y
visit-log.csv,1883,V01882,Purpose,coerced,'routine' -> Routine visit
visit-log.csv,1883,V01882,Remarks,blank,Outcome not logged
visit-log.csv,1884,V01883,Visit Date,coerced,'13/05/2026' parsed as %d/%m/%Y
visit-log.csv,1884,V01883,Duration (mins),blank,Duration not recorded
visit-log.csv,1884,V01883,Remarks,blank,Outcome not logged
visit-log.csv,1885,V01884,Visit Date,coerced,'22/07/2026' parsed as %d/%m/%Y
visit-log.csv,1885,V01884,Purpose,coerced,'followup' -> Follow up
visit-log.csv,1887,V01886,Visit Date,coerced,'16/06/2026' parsed as %d/%m/%Y
visit-log.csv,1887,V01886,Remarks,blank,Outcome not logged
visit-log.csv,1888,V01887,Duration (mins),blank,Duration not recorded
visit-log.csv,1890,V01889,Visit Date,coerced,'12/06/2026' parsed as %d/%m/%Y
visit-log.csv,1890,V01889,Remarks,blank,Outcome not logged
visit-log.csv,1891,V01890,Remarks,blank,Outcome not logged
visit-log.csv,1893,V01892,Visit Date,coerced,'10/07/2026' parsed as %d/%m/%Y
visit-log.csv,1893,V01892,Duration (mins),blank,Duration not recorded
visit-log.csv,1893,V01892,Purpose,blank,Purpose not logged
visit-log.csv,1894,V01893,Remarks,blank,Outcome not logged
visit-log.csv,1896,V01895,Visit Date,coerced,'03/06/2026' parsed as %d/%m/%Y
visit-log.csv,1896,V01895,Purpose,coerced,'followup' -> Follow up
visit-log.csv,1897,V01896,Visit Date,coerced,'12/05/2026' parsed as %d/%m/%Y
visit-log.csv,1897,V01896,Purpose,coerced,'routine' -> Routine visit
visit-log.csv,1898,V01897,Remarks,blank,Outcome not logged
visit-log.csv,1899,V01898,Visit Date,coerced,'04/07/2026' parsed as %d/%m/%Y
visit-log.csv,1900,V01899,Visit Date,coerced,'28/05/2026' parsed as %d/%m/%Y
visit-log.csv,1900,V01899,Purpose,blank,Purpose not logged
visit-log.csv,1900,V01899,Remarks,blank,Outcome not logged
visit-log.csv,1901,V01900,Visit Date,coerced,'17/07/2026' parsed as %d/%m/%Y
visit-log.csv,1903,V01902,Visit Date,coerced,'30/05/2026' parsed as %d/%m/%Y
visit-log.csv,1904,V01903,Visit Date,coerced,'02/06/2026' parsed as %d/%m/%Y
visit-log.csv,1905,V01904,Visit Date,coerced,'28/07/2026' parsed as %d/%m/%Y
visit-log.csv,1905,V01904,Purpose,coerced,'routine' -> Routine visit
visit-log.csv,1905,V01904,Remarks,blank,Outcome not logged
visit-log.csv,1906,V01905,Visit Date,coerced,'27/05/2026' parsed as %d/%m/%Y
visit-log.csv,1906,V01905,Remarks,blank,Outcome not logged
visit-log.csv,1907,V01906,Visit Date,coerced,'16/05/2026' parsed as %d/%m/%Y
visit-log.csv,1908,V01907,Visit Date,coerced,'27/05/2026' parsed as %d/%m/%Y
visit-log.csv,1908,V01907,Purpose,blank,Purpose not logged
visit-log.csv,1909,V01908,Visit Date,coerced,'08/05/2026' parsed as %d/%m/%Y
visit-log.csv,1909,V01908,Remarks,blank,Outcome not logged
visit-log.csv,1911,V01910,Purpose,coerced,'followup' -> Follow up
visit-log.csv,1913,V01912,Duration (mins),blank,Duration not recorded
visit-log.csv,1914,V01913,Visit Date,coerced,'25/06/2026' parsed as %d/%m/%Y
visit-log.csv,1914,V01913,Purpose,blank,Purpose not logged
visit-log.csv,1915,V01914,Visit Date,coerced,'01/07/2026' parsed as %d/%m/%Y
visit-log.csv,1915,V01914,Purpose,coerced,'routine' -> Routine visit
visit-log.csv,1915,V01914,Remarks,blank,Outcome not logged
visit-log.csv,1916,V01915,Visit Date,coerced,'16/05/2026' parsed as %d/%m/%Y
visit-log.csv,1917,V01916,Visit Date,coerced,'01/07/2026' parsed as %d/%m/%Y
visit-log.csv,1917,V01916,Purpose,coerced,'routine' -> Routine visit
visit-log.csv,1918,V01917,Visit Date,coerced,'01/05/2026' parsed as %d/%m/%Y
visit-log.csv,1918,V01917,Remarks,blank,Outcome not logged
visit-log.csv,1919,V01918,Visit Date,coerced,'12/05/2026' parsed as %d/%m/%Y
visit-log.csv,1919,V01918,Remarks,blank,Outcome not logged
visit-log.csv,1920,V01919,Purpose,blank,Purpose not logged
visit-log.csv,1921,V01920,Visit Date,coerced,'25/05/2026' parsed as %d/%m/%Y
visit-log.csv,1921,V01920,Duration (mins),blank,Duration not recorded
visit-log.csv,1922,V01921,Purpose,blank,Purpose not logged
visit-log.csv,1922,V01921,Remarks,blank,Outcome not logged
visit-log.csv,1923,V01922,Visit Date,coerced,'18/05/2026' parsed as %d/%m/%Y
visit-log.csv,1923,V01922,Purpose,blank,Purpose not logged
visit-log.csv,1924,V01923,Duration (mins),blank,Duration not recorded
visit-log.csv,1924,V01923,Purpose,blank,Purpose not logged
visit-log.csv,1925,V01924,Visit Date,coerced,'30/07/2026' parsed as %d/%m/%Y
visit-log.csv,1925,V01924,Remarks,blank,Outcome not logged
visit-log.csv,1926,V01925,Visit Date,coerced,'27/05/2026' parsed as %d/%m/%Y
visit-log.csv,1926,V01925,Remarks,blank,Outcome not logged
visit-log.csv,1927,V01926,Visit Date,coerced,'06/07/2026' parsed as %d/%m/%Y
visit-log.csv,1928,V01927,Visit Date,coerced,'06/05/2026' parsed as %d/%m/%Y
visit-log.csv,1928,V01927,Check In,blank,Check-in time not logged
visit-log.csv,1929,V01928,Visit Date,coerced,'14/07/2026' parsed as %d/%m/%Y
visit-log.csv,1929,V01928,Remarks,blank,Outcome not logged
visit-log.csv,1930,V01929,Visit Date,coerced,'09/05/2026' parsed as %d/%m/%Y
visit-log.csv,1930,V01929,Remarks,blank,Outcome not logged
visit-log.csv,1931,V01930,Visit Date,coerced,'07/07/2026' parsed as %d/%m/%Y
visit-log.csv,1931,V01930,Remarks,blank,Outcome not logged
visit-log.csv,1932,V01931,Visit Date,coerced,'05/05/2026' parsed as %d/%m/%Y
visit-log.csv,1933,V01932,Visit Date,coerced,'26/06/2026' parsed as %d/%m/%Y
visit-log.csv,1933,V01932,Duration (mins),blank,Duration not recorded
visit-log.csv,1934,V01933,Visit Date,coerced,'15/05/2026' parsed as %d/%m/%Y
visit-log.csv,1935,V01934,Visit Date,coerced,'05/07/2026' parsed as %d/%m/%Y
visit-log.csv,1935,V01934,Duration (mins),blank,Duration not recorded
visit-log.csv,1935,V01934,Purpose,coerced,'followup' -> Follow up
visit-log.csv,1936,V01935,Visit Date,coerced,'04/06/2026' parsed as %d/%m/%Y
visit-log.csv,1936,V01935,Remarks,blank,Outcome not logged
visit-log.csv,1937,V01936,Visit Date,coerced,'09/05/2026' parsed as %d/%m/%Y
visit-log.csv,1938,V01937,Visit Date,coerced,'15/06/2026' parsed as %d/%m/%Y
visit-log.csv,1938,V01937,Remarks,blank,Outcome not logged
visit-log.csv,1941,V01940,Visit Date,coerced,'15/07/2026' parsed as %d/%m/%Y
visit-log.csv,1942,V01941,Visit Date,coerced,'27/05/2026' parsed as %d/%m/%Y
visit-log.csv,1942,V01941,Purpose,blank,Purpose not logged
visit-log.csv,1942,V01941,Remarks,blank,Outcome not logged
visit-log.csv,1943,V01942,Visit Date,coerced,'06/07/2026' parsed as %d/%m/%Y
visit-log.csv,1944,V01943,Visit Date,coerced,'22/06/2026' parsed as %d/%m/%Y
visit-log.csv,1945,V01944,Visit Date,coerced,'10/07/2026' parsed as %d/%m/%Y
visit-log.csv,1945,V01944,Purpose,coerced,'followup' -> Follow up
visit-log.csv,1945,V01944,Remarks,blank,Outcome not logged
visit-log.csv,1946,V01945,Purpose,coerced,'routine' -> Routine visit
visit-log.csv,1947,V01946,Visit Date,coerced,'27/05/2026' parsed as %d/%m/%Y
visit-log.csv,1948,V01947,Visit Date,coerced,'28/07/2026' parsed as %d/%m/%Y
visit-log.csv,1948,V01947,Remarks,blank,Outcome not logged
visit-log.csv,1949,V01948,Visit Date,coerced,'28/06/2026' parsed as %d/%m/%Y
visit-log.csv,1949,V01948,Purpose,coerced,'routine' -> Routine visit
visit-log.csv,1949,V01948,Remarks,blank,Outcome not logged
visit-log.csv,1950,V01949,Duration (mins),blank,Duration not recorded
visit-log.csv,1951,V01950,Visit Date,coerced,'04/06/2026' parsed as %d/%m/%Y
visit-log.csv,1951,V01950,Purpose,blank,Purpose not logged
visit-log.csv,1951,V01950,Remarks,blank,Outcome not logged
visit-log.csv,1952,V01951,Visit Date,coerced,'11/07/2026' parsed as %d/%m/%Y
visit-log.csv,1952,V01951,Purpose,coerced,'followup' -> Follow up
visit-log.csv,1953,V01952,Visit Date,coerced,'05/06/2026' parsed as %d/%m/%Y
visit-log.csv,1953,V01952,Purpose,coerced,'routine' -> Routine visit
visit-log.csv,1953,V01952,Remarks,blank,Outcome not logged
visit-log.csv,1954,V01953,Remarks,blank,Outcome not logged
visit-log.csv,1955,V01954,Visit Date,coerced,'06/07/2026' parsed as %d/%m/%Y
visit-log.csv,1955,V01954,Remarks,blank,Outcome not logged
visit-log.csv,1956,V01955,Visit Date,coerced,'13/06/2026' parsed as %d/%m/%Y
visit-log.csv,1956,V01955,Purpose,coerced,'followup' -> Follow up
visit-log.csv,1957,V01956,Visit Date,coerced,'11/07/2026' parsed as %d/%m/%Y
visit-log.csv,1958,V01957,Visit Date,coerced,'13/06/2026' parsed as %d/%m/%Y
visit-log.csv,1958,V01957,Purpose,coerced,'followup' -> Follow up
visit-log.csv,1959,V01958,Visit Date,coerced,'22/06/2026' parsed as %d/%m/%Y
visit-log.csv,1960,V01959,Visit Date,coerced,'09/07/2026' parsed as %d/%m/%Y
visit-log.csv,1960,V01959,Remarks,blank,Outcome not logged
visit-log.csv,1961,V01960,Duration (mins),blank,Duration not recorded
visit-log.csv,1962,V01961,Visit Date,coerced,'06/05/2026' parsed as %d/%m/%Y
visit-log.csv,1962,V01961,Remarks,blank,Outcome not logged
visit-log.csv,1963,V01962,Visit Date,coerced,'21/06/2026' parsed as %d/%m/%Y
visit-log.csv,1963,V01962,Purpose,coerced,'followup' -> Follow up
visit-log.csv,1965,V01964,Visit Date,coerced,'14/05/2026' parsed as %d/%m/%Y
visit-log.csv,1965,V01964,Purpose,blank,Purpose not logged
visit-log.csv,1967,V01966,Visit Date,coerced,'04/06/2026' parsed as %d/%m/%Y
visit-log.csv,1967,V01966,Remarks,blank,Outcome not logged
visit-log.csv,1968,V01967,Visit Date,coerced,'23/07/2026' parsed as %d/%m/%Y
visit-log.csv,1968,V01967,Purpose,coerced,'routine' -> Routine visit
visit-log.csv,1968,V01967,Remarks,blank,Outcome not logged
visit-log.csv,1969,V01968,Visit Date,coerced,'28/05/2026' parsed as %d/%m/%Y
visit-log.csv,1969,V01968,Remarks,blank,Outcome not logged
visit-log.csv,1970,V01969,Visit Date,coerced,'09/07/2026' parsed as %d/%m/%Y
visit-log.csv,1970,V01969,Remarks,blank,Outcome not logged
visit-log.csv,1972,V01971,Remarks,blank,Outcome not logged
visit-log.csv,1973,V01972,Visit Date,coerced,'11/05/2026' parsed as %d/%m/%Y
visit-log.csv,1973,V01972,Purpose,blank,Purpose not logged
visit-log.csv,1974,V01973,Visit Date,coerced,'17/07/2026' parsed as %d/%m/%Y
visit-log.csv,1975,V01974,Purpose,blank,Purpose not logged
visit-log.csv,1975,V01974,Remarks,blank,Outcome not logged
visit-log.csv,1977,V01976,Remarks,blank,Outcome not logged
visit-log.csv,1978,V01977,Visit Date,coerced,'20/07/2026' parsed as %d/%m/%Y
visit-log.csv,1978,V01977,Duration (mins),blank,Duration not recorded
visit-log.csv,1979,V01978,Purpose,coerced,'routine' -> Routine visit
visit-log.csv,1980,V01979,Visit Date,coerced,'18/05/2026' parsed as %d/%m/%Y
visit-log.csv,1981,V01980,Purpose,blank,Purpose not logged
visit-log.csv,1981,V01980,Remarks,blank,Outcome not logged
visit-log.csv,1982,V01981,Visit Date,coerced,'09/06/2026' parsed as %d/%m/%Y
visit-log.csv,1983,V01982,Remarks,blank,Outcome not logged
visit-log.csv,1984,V01983,Visit Date,coerced,'30/05/2026' parsed as %d/%m/%Y
visit-log.csv,1984,V01983,Remarks,blank,Outcome not logged
visit-log.csv,1985,V01984,Visit Date,coerced,'09/06/2026' parsed as %d/%m/%Y
visit-log.csv,1986,V01985,Visit Date,coerced,'13/06/2026' parsed as %d/%m/%Y
visit-log.csv,1986,V01985,Duration (mins),blank,Duration not recorded
visit-log.csv,1987,V01986,Visit Date,coerced,'25/05/2026' parsed as %d/%m/%Y
visit-log.csv,1987,V01986,Remarks,blank,Outcome not logged
visit-log.csv,1988,V01987,Visit Date,coerced,'16/05/2026' parsed as %d/%m/%Y
visit-log.csv,1988,V01987,Duration (mins),blank,Duration not recorded
visit-log.csv,1988,V01987,Remarks,blank,Outcome not logged
visit-log.csv,1989,V01988,Duration (mins),blank,Duration not recorded
visit-log.csv,1989,V01988,Remarks,blank,Outcome not logged
visit-log.csv,1990,V01989,Visit Date,coerced,'19/06/2026' parsed as %d/%m/%Y
visit-log.csv,1990,V01989,Duration (mins),blank,Duration not recorded
visit-log.csv,1990,V01989,Purpose,blank,Purpose not logged
visit-log.csv,1991,V01990,Visit Date,coerced,'19/05/2026' parsed as %d/%m/%Y
visit-log.csv,1991,V01990,Purpose,coerced,'routine' -> Routine visit
visit-log.csv,1991,V01990,Remarks,blank,Outcome not logged
visit-log.csv,1992,V01991,Visit Date,coerced,'22/07/2026' parsed as %d/%m/%Y
visit-log.csv,1992,V01991,Remarks,blank,Outcome not logged
visit-log.csv,1993,V01992,Visit Date,coerced,'10/06/2026' parsed as %d/%m/%Y
visit-log.csv,1994,V01993,Visit Date,coerced,'29/05/2026' parsed as %d/%m/%Y
visit-log.csv,1994,V01993,Duration (mins),blank,Duration not recorded
visit-log.csv,1994,V01993,Remarks,blank,Outcome not logged
visit-log.csv,1995,V01994,Purpose,coerced,'followup' -> Follow up
visit-log.csv,1995,V01994,Remarks,blank,Outcome not logged
visit-log.csv,1996,V01995,Visit Date,coerced,'15/05/2026' parsed as %d/%m/%Y
visit-log.csv,1996,V01995,Purpose,blank,Purpose not logged
visit-log.csv,1997,V01996,Visit Date,coerced,'27/05/2026' parsed as %d/%m/%Y
visit-log.csv,1997,V01996,Purpose,coerced,'followup' -> Follow up
visit-log.csv,1998,V01997,Remarks,blank,Outcome not logged
visit-log.csv,1999,V01998,Visit Date,coerced,'23/06/2026' parsed as %d/%m/%Y
visit-log.csv,2000,V01999,Visit Date,coerced,'12/07/2026' parsed as %d/%m/%Y
visit-log.csv,2000,V01999,Remarks,blank,Outcome not logged
visit-log.csv,2001,V02000,Visit Date,coerced,'26/06/2026' parsed as %d/%m/%Y
visit-log.csv,2001,V02000,Remarks,blank,Outcome not logged
visit-log.csv,2002,V02001,Visit Date,coerced,'08/06/2026' parsed as %d/%m/%Y
visit-log.csv,2003,V02002,Visit Date,coerced,'14/07/2026' parsed as %d/%m/%Y
visit-log.csv,2003,V02002,Purpose,blank,Purpose not logged
visit-log.csv,2004,V02003,Purpose,coerced,'followup' -> Follow up
visit-log.csv,2005,V02004,Remarks,blank,Outcome not logged
visit-log.csv,2006,V02005,Visit Date,coerced,'25/06/2026' parsed as %d/%m/%Y
visit-log.csv,2006,V02005,Purpose,blank,Purpose not logged
visit-log.csv,2007,V02006,Visit Date,coerced,'15/07/2026' parsed as %d/%m/%Y
visit-log.csv,2007,V02006,Remarks,blank,Outcome not logged
visit-log.csv,2008,V02007,Visit Date,coerced,'09/07/2026' parsed as %d/%m/%Y
visit-log.csv,2008,V02007,Purpose,coerced,'routine' -> Routine visit
visit-log.csv,2008,V02007,Remarks,blank,Outcome not logged
visit-log.csv,2009,V02008,Visit Date,coerced,'28/06/2026' parsed as %d/%m/%Y
visit-log.csv,2009,V02008,Purpose,coerced,'followup' -> Follow up
visit-log.csv,2011,V02010,Visit Date,coerced,'22/06/2026' parsed as %d/%m/%Y
visit-log.csv,2012,V02011,Visit Date,coerced,'09/06/2026' parsed as %d/%m/%Y
visit-log.csv,2014,V02013,Visit Date,coerced,'09/07/2026' parsed as %d/%m/%Y
visit-log.csv,2015,V02014,Visit Date,coerced,'14/07/2026' parsed as %d/%m/%Y
visit-log.csv,2015,V02014,Purpose,blank,Purpose not logged
visit-log.csv,2015,V02014,Remarks,blank,Outcome not logged
visit-log.csv,2016,V02015,Visit Date,coerced,'05/06/2026' parsed as %d/%m/%Y
visit-log.csv,2017,V02016,Visit Date,coerced,'30/06/2026' parsed as %d/%m/%Y
visit-log.csv,2017,V02016,Purpose,coerced,'routine' -> Routine visit
visit-log.csv,2019,V02018,Visit Date,coerced,'22/06/2026' parsed as %d/%m/%Y
visit-log.csv,2019,V02018,Remarks,blank,Outcome not logged
visit-log.csv,2020,V02019,Visit Date,coerced,'26/07/2026' parsed as %d/%m/%Y
visit-log.csv,2020,V02019,Remarks,blank,Outcome not logged
visit-log.csv,2021,V02020,Visit Date,coerced,'13/07/2026' parsed as %d/%m/%Y
visit-log.csv,2021,V02020,Duration (mins),blank,Duration not recorded
visit-log.csv,2021,V02020,Purpose,coerced,'followup' -> Follow up
visit-log.csv,2023,V02022,Visit Date,coerced,'21/05/2026' parsed as %d/%m/%Y
visit-log.csv,2024,V02023,Purpose,coerced,'routine' -> Routine visit
visit-log.csv,2025,V02024,Visit Date,coerced,'09/07/2026' parsed as %d/%m/%Y
visit-log.csv,2025,V02024,Remarks,blank,Outcome not logged
visit-log.csv,2026,V02025,Remarks,blank,Outcome not logged
visit-log.csv,2027,V02026,Visit Date,coerced,'09/06/2026' parsed as %d/%m/%Y
visit-log.csv,2027,V02026,Purpose,blank,Purpose not logged
visit-log.csv,2028,V02027,Visit Date,coerced,'04/06/2026' parsed as %d/%m/%Y
visit-log.csv,2028,V02027,Remarks,blank,Outcome not logged
visit-log.csv,2029,V02028,Visit Date,coerced,'22/07/2026' parsed as %d/%m/%Y
visit-log.csv,2029,V02028,Purpose,coerced,'followup' -> Follow up
visit-log.csv,2029,V02028,Remarks,blank,Outcome not logged
visit-log.csv,2030,V02029,Visit Date,coerced,'15/07/2026' parsed as %d/%m/%Y
visit-log.csv,2031,V02030,Visit Date,coerced,'02/07/2026' parsed as %d/%m/%Y
visit-log.csv,2031,V02030,Purpose,blank,Purpose not logged
visit-log.csv,2032,V02031,Purpose,blank,Purpose not logged
visit-log.csv,2032,V02031,Remarks,blank,Outcome not logged
visit-log.csv,2033,V02032,Visit Date,coerced,'24/06/2026' parsed as %d/%m/%Y
visit-log.csv,2033,V02032,Purpose,coerced,'routine' -> Routine visit
visit-log.csv,2034,V02033,Visit Date,coerced,'24/07/2026' parsed as %d/%m/%Y
visit-log.csv,2034,V02033,Purpose,coerced,'followup' -> Follow up
visit-log.csv,2035,V02034,Visit Date,coerced,'24/07/2026' parsed as %d/%m/%Y
visit-log.csv,2035,V02034,Duration (mins),blank,Duration not recorded
visit-log.csv,2036,V02035,Visit Date,coerced,'27/06/2026' parsed as %d/%m/%Y
visit-log.csv,2036,V02035,Purpose,coerced,'followup' -> Follow up
visit-log.csv,2036,V02035,Remarks,blank,Outcome not logged
visit-log.csv,2037,V02036,Visit Date,coerced,'25/07/2026' parsed as %d/%m/%Y
visit-log.csv,2037,V02036,Remarks,blank,Outcome not logged
visit-log.csv,2038,V02037,Visit Date,coerced,'11/05/2026' parsed as %d/%m/%Y
visit-log.csv,2038,V02037,Duration (mins),blank,Duration not recorded
visit-log.csv,2038,V02037,Remarks,blank,Outcome not logged
visit-log.csv,2039,V02038,Purpose,blank,Purpose not logged
visit-log.csv,2040,V02039,Purpose,coerced,'routine' -> Routine visit
visit-log.csv,2041,V02040,Visit Date,coerced,'09/06/2026' parsed as %d/%m/%Y
visit-log.csv,2042,V02041,Visit Date,coerced,'20/05/2026' parsed as %d/%m/%Y
visit-log.csv,2043,V02042,Visit Date,coerced,'05/06/2026' parsed as %d/%m/%Y
visit-log.csv,2044,V02043,Duration (mins),blank,Duration not recorded
visit-log.csv,2045,V02044,Visit Date,coerced,'26/06/2026' parsed as %d/%m/%Y
visit-log.csv,2045,V02044,Purpose,blank,Purpose not logged
visit-log.csv,2046,V02045,Remarks,blank,Outcome not logged
visit-log.csv,2047,V02046,Duration (mins),blank,Duration not recorded
visit-log.csv,2048,V02047,Visit Date,coerced,'07/07/2026' parsed as %d/%m/%Y
visit-log.csv,2049,V02048,Visit Date,coerced,'07/05/2026' parsed as %d/%m/%Y
visit-log.csv,2049,V02048,Duration (mins),blank,Duration not recorded
visit-log.csv,2049,V02048,Remarks,blank,Outcome not logged
visit-log.csv,2050,V02049,Visit Date,coerced,'16/06/2026' parsed as %d/%m/%Y
visit-log.csv,2050,V02049,Duration (mins),blank,Duration not recorded
visit-log.csv,2052,V02051,Visit Date,coerced,'25/07/2026' parsed as %d/%m/%Y
visit-log.csv,2052,V02051,Purpose,blank,Purpose not logged
visit-log.csv,2053,V02052,Remarks,blank,Outcome not logged
visit-log.csv,2054,V02053,Visit Date,coerced,'29/05/2026' parsed as %d/%m/%Y
visit-log.csv,2054,V02053,Purpose,coerced,'routine' -> Routine visit
visit-log.csv,2055,V02054,Purpose,coerced,'routine' -> Routine visit
visit-log.csv,2056,V02055,Visit Date,coerced,'10/06/2026' parsed as %d/%m/%Y
visit-log.csv,2056,V02055,Duration (mins),blank,Duration not recorded
visit-log.csv,2057,V02056,Visit Date,coerced,'16/05/2026' parsed as %d/%m/%Y
visit-log.csv,2057,V02056,Remarks,blank,Outcome not logged
visit-log.csv,2058,V02057,Visit Date,coerced,'09/07/2026' parsed as %d/%m/%Y
visit-log.csv,2059,V02058,Visit Date,coerced,'06/07/2026' parsed as %d/%m/%Y
visit-log.csv,2060,V02059,Visit Date,coerced,'10/07/2026' parsed as %d/%m/%Y
visit-log.csv,2061,V02060,Remarks,blank,Outcome not logged
visit-log.csv,2062,V02061,Visit Date,coerced,'04/07/2026' parsed as %d/%m/%Y
visit-log.csv,2062,V02061,Remarks,blank,Outcome not logged
visit-log.csv,2063,V02062,Visit Date,coerced,'12/05/2026' parsed as %d/%m/%Y
visit-log.csv,2063,V02062,Remarks,blank,Outcome not logged
visit-log.csv,2065,V02064,Visit Date,coerced,'09/06/2026' parsed as %d/%m/%Y
visit-log.csv,2065,V02064,Purpose,blank,Purpose not logged
visit-log.csv,2066,V02065,Remarks,blank,Outcome not logged
visit-log.csv,2068,V02067,Purpose,coerced,'followup' -> Follow up
visit-log.csv,2069,V02068,Visit Date,coerced,'28/05/2026' parsed as %d/%m/%Y
visit-log.csv,2069,V02068,Purpose,coerced,'routine' -> Routine visit
visit-log.csv,2070,V02069,Visit Date,coerced,'22/05/2026' parsed as %d/%m/%Y
visit-log.csv,2072,V02071,Visit Date,coerced,'08/06/2026' parsed as %d/%m/%Y
visit-log.csv,2072,V02071,Remarks,blank,Outcome not logged
visit-log.csv,2073,V02072,Visit Date,coerced,'03/06/2026' parsed as %d/%m/%Y
visit-log.csv,2073,V02072,Purpose,coerced,'routine' -> Routine visit
visit-log.csv,2073,V02072,Remarks,blank,Outcome not logged
visit-log.csv,2074,V02073,Remarks,blank,Outcome not logged
visit-log.csv,2075,V02074,Visit Date,coerced,'22/07/2026' parsed as %d/%m/%Y
visit-log.csv,2075,V02074,Duration (mins),blank,Duration not recorded
visit-log.csv,2076,V02075,Visit Date,coerced,'13/05/2026' parsed as %d/%m/%Y
visit-log.csv,2076,V02075,Remarks,blank,Outcome not logged
visit-log.csv,2077,V02076,Visit Date,coerced,'09/07/2026' parsed as %d/%m/%Y
visit-log.csv,2077,V02076,Purpose,coerced,'followup' -> Follow up
visit-log.csv,2077,V02076,Remarks,blank,Outcome not logged
visit-log.csv,2078,V02077,Visit Date,coerced,'20/05/2026' parsed as %d/%m/%Y
visit-log.csv,2078,V02077,Purpose,coerced,'followup' -> Follow up
visit-log.csv,2079,V02078,Remarks,blank,Outcome not logged
visit-log.csv,2080,V02079,Visit Date,coerced,'08/05/2026' parsed as %d/%m/%Y
visit-log.csv,2081,V02080,Visit Date,coerced,'29/05/2026' parsed as %d/%m/%Y
visit-log.csv,2082,V02081,Remarks,blank,Outcome not logged
visit-log.csv,2083,V02082,Remarks,blank,Outcome not logged
visit-log.csv,2084,V02083,Visit Date,coerced,'02/07/2026' parsed as %d/%m/%Y
visit-log.csv,2084,V02083,Remarks,blank,Outcome not logged
visit-log.csv,2085,V02084,Visit Date,coerced,'26/06/2026' parsed as %d/%m/%Y
visit-log.csv,2086,V02085,Visit Date,coerced,'28/07/2026' parsed as %d/%m/%Y
visit-log.csv,2086,V02085,Remarks,blank,Outcome not logged
visit-log.csv,2087,V02086,Visit Date,coerced,'13/07/2026' parsed as %d/%m/%Y
visit-log.csv,2088,V02087,Visit Date,coerced,'16/05/2026' parsed as %d/%m/%Y
visit-log.csv,2089,V02088,Visit Date,coerced,'22/07/2026' parsed as %d/%m/%Y
visit-log.csv,2090,V02089,Visit Date,coerced,'16/05/2026' parsed as %d/%m/%Y
visit-log.csv,2091,V02090,Visit Date,coerced,'16/07/2026' parsed as %d/%m/%Y
visit-log.csv,2091,V02090,Purpose,blank,Purpose not logged
visit-log.csv,2091,V02090,Remarks,blank,Outcome not logged
visit-log.csv,2092,V02091,Remarks,blank,Outcome not logged
visit-log.csv,2093,V02092,Remarks,blank,Outcome not logged
visit-log.csv,2094,V02093,Visit Date,coerced,'03/06/2026' parsed as %d/%m/%Y
visit-log.csv,2095,V02094,Duration (mins),blank,Duration not recorded
visit-log.csv,2097,V02096,Purpose,coerced,'routine' -> Routine visit
visit-log.csv,2099,V02098,Visit Date,coerced,'26/05/2026' parsed as %d/%m/%Y
visit-log.csv,2099,V02098,Purpose,coerced,'followup' -> Follow up
visit-log.csv,2100,V02099,Remarks,blank,Outcome not logged
visit-log.csv,2101,V02100,Visit Date,coerced,'23/05/2026' parsed as %d/%m/%Y
visit-log.csv,2101,V02100,Remarks,blank,Outcome not logged
visit-log.csv,2104,V02103,Visit Date,coerced,'16/06/2026' parsed as %d/%m/%Y
visit-log.csv,2104,V02103,Remarks,blank,Outcome not logged
visit-log.csv,2105,V02104,Visit Date,coerced,'16/05/2026' parsed as %d/%m/%Y
visit-log.csv,2107,V02106,Visit Date,coerced,'09/07/2026' parsed as %d/%m/%Y
visit-log.csv,2107,V02106,Purpose,blank,Purpose not logged
visit-log.csv,2108,V02107,Visit Date,coerced,'13/06/2026' parsed as %d/%m/%Y
visit-log.csv,2108,V02107,Purpose,coerced,'followup' -> Follow up
visit-log.csv,2108,V02107,Remarks,blank,Outcome not logged
visit-log.csv,2109,V02108,Duration (mins),blank,Duration not recorded
visit-log.csv,2109,V02108,Purpose,blank,Purpose not logged
visit-log.csv,2109,V02108,Remarks,blank,Outcome not logged
visit-log.csv,2110,V02109,Duration (mins),blank,Duration not recorded
visit-log.csv,2111,V02110,Visit Date,coerced,'18/07/2026' parsed as %d/%m/%Y
visit-log.csv,2112,V02111,Visit Date,coerced,'29/07/2026' parsed as %d/%m/%Y
visit-log.csv,2114,V02113,Visit Date,coerced,'07/07/2026' parsed as %d/%m/%Y
visit-log.csv,2115,V02114,Visit Date,coerced,'18/06/2026' parsed as %d/%m/%Y
visit-log.csv,2115,V02114,Purpose,coerced,'routine' -> Routine visit
visit-log.csv,2116,V02115,Visit Date,coerced,'12/06/2026' parsed as %d/%m/%Y
visit-log.csv,2116,V02115,Duration (mins),blank,Duration not recorded
visit-log.csv,2116,V02115,Purpose,blank,Purpose not logged
visit-log.csv,2116,V02115,Remarks,blank,Outcome not logged
visit-log.csv,2117,V02116,Visit Date,coerced,'14/05/2026' parsed as %d/%m/%Y
visit-log.csv,2118,V02117,Duration (mins),blank,Duration not recorded
visit-log.csv,2118,V02117,Remarks,blank,Outcome not logged
visit-log.csv,2119,V02118,Visit Date,coerced,'17/06/2026' parsed as %d/%m/%Y
visit-log.csv,2119,V02118,Purpose,blank,Purpose not logged
visit-log.csv,2120,V02119,Visit Date,coerced,'14/07/2026' parsed as %d/%m/%Y
visit-log.csv,2121,V02120,Remarks,blank,Outcome not logged
visit-log.csv,2121,V02120,Check In,blank,Check-in time not logged
visit-log.csv,2122,V02121,Visit Date,coerced,'20/05/2026' parsed as %d/%m/%Y
visit-log.csv,2124,V02123,Purpose,coerced,'routine' -> Routine visit
visit-log.csv,2125,V02124,Purpose,blank,Purpose not logged
visit-log.csv,2125,V02124,Remarks,blank,Outcome not logged
visit-log.csv,2126,V02125,Visit Date,coerced,'23/07/2026' parsed as %d/%m/%Y
visit-log.csv,2126,V02125,Remarks,blank,Outcome not logged
visit-log.csv,2127,V02126,Visit Date,coerced,'29/06/2026' parsed as %d/%m/%Y
visit-log.csv,2127,V02126,Duration (mins),blank,Duration not recorded
visit-log.csv,2128,V02127,Visit Date,coerced,'25/06/2026' parsed as %d/%m/%Y
visit-log.csv,2128,V02127,Remarks,blank,Outcome not logged
visit-log.csv,2128,V02127,Check In,blank,Check-in time not logged
visit-log.csv,2129,V02128,Visit Date,coerced,'29/07/2026' parsed as %d/%m/%Y
visit-log.csv,2130,V02129,Visit Date,coerced,'01/06/2026' parsed as %d/%m/%Y
visit-log.csv,2130,V02129,Remarks,blank,Outcome not logged
visit-log.csv,2131,V02130,Visit Date,coerced,'29/06/2026' parsed as %d/%m/%Y
visit-log.csv,2132,V02131,Visit Date,coerced,'29/05/2026' parsed as %d/%m/%Y
visit-log.csv,2133,V02132,Purpose,coerced,'followup' -> Follow up
visit-log.csv,2134,V02133,Purpose,blank,Purpose not logged
visit-log.csv,2134,V02133,Remarks,blank,Outcome not logged
visit-log.csv,2135,V02134,Visit Date,coerced,'08/06/2026' parsed as %d/%m/%Y
visit-log.csv,2135,V02134,Purpose,coerced,'followup' -> Follow up
visit-log.csv,2136,V02135,Remarks,blank,Outcome not logged
visit-log.csv,2137,V02136,Visit Date,coerced,'28/06/2026' parsed as %d/%m/%Y
visit-log.csv,2137,V02136,Purpose,coerced,'routine' -> Routine visit
visit-log.csv,2138,V02137,Visit Date,coerced,'18/06/2026' parsed as %d/%m/%Y
visit-log.csv,2139,V02138,Visit Date,coerced,'27/07/2026' parsed as %d/%m/%Y
visit-log.csv,2139,V02138,Remarks,blank,Outcome not logged
visit-log.csv,2140,V02139,Visit Date,coerced,'16/05/2026' parsed as %d/%m/%Y
visit-log.csv,2140,V02139,Duration (mins),blank,Duration not recorded
visit-log.csv,2141,V02140,Visit Date,coerced,'21/07/2026' parsed as %d/%m/%Y
visit-log.csv,2142,V02141,Visit Date,coerced,'10/07/2026' parsed as %d/%m/%Y
visit-log.csv,2142,V02141,Purpose,coerced,'routine' -> Routine visit
visit-log.csv,2144,V02143,Visit Date,coerced,'23/06/2026' parsed as %d/%m/%Y
visit-log.csv,2144,V02143,Duration (mins),blank,Duration not recorded
visit-log.csv,2144,V02143,Remarks,blank,Outcome not logged
visit-log.csv,2145,V02144,Visit Date,coerced,'20/05/2026' parsed as %d/%m/%Y
visit-log.csv,2145,V02144,Purpose,blank,Purpose not logged
visit-log.csv,2146,V02145,Visit Date,coerced,'12/05/2026' parsed as %d/%m/%Y
visit-log.csv,2147,V02146,Visit Date,coerced,'26/06/2026' parsed as %d/%m/%Y
visit-log.csv,2148,V02147,Visit Date,coerced,'09/06/2026' parsed as %d/%m/%Y
visit-log.csv,2148,V02147,Remarks,blank,Outcome not logged
visit-log.csv,2149,V02148,Visit Date,coerced,'07/07/2026' parsed as %d/%m/%Y
visit-log.csv,2149,V02148,Remarks,blank,Outcome not logged
visit-log.csv,2150,V02149,Visit Date,coerced,'02/07/2026' parsed as %d/%m/%Y
visit-log.csv,2151,V02150,Visit Date,coerced,'19/05/2026' parsed as %d/%m/%Y
visit-log.csv,2151,V02150,Purpose,blank,Purpose not logged
visit-log.csv,2152,V02151,Visit Date,coerced,'14/05/2026' parsed as %d/%m/%Y
visit-log.csv,2152,V02151,Purpose,coerced,'routine' -> Routine visit
visit-log.csv,2153,V02152,Purpose,coerced,'routine' -> Routine visit
visit-log.csv,2154,V02153,Visit Date,coerced,'12/05/2026' parsed as %d/%m/%Y
visit-log.csv,2154,V02153,Purpose,coerced,'followup' -> Follow up
visit-log.csv,2154,V02153,Remarks,blank,Outcome not logged
visit-log.csv,2155,V02154,Visit Date,coerced,'09/07/2026' parsed as %d/%m/%Y
visit-log.csv,2156,V02155,Visit Date,coerced,'21/05/2026' parsed as %d/%m/%Y
visit-log.csv,2156,V02155,Remarks,blank,Outcome not logged
visit-log.csv,2157,V02156,Visit Date,coerced,'27/06/2026' parsed as %d/%m/%Y
visit-log.csv,2157,V02156,Duration (mins),blank,Duration not recorded
visit-log.csv,2158,V02157,Visit Date,coerced,'06/06/2026' parsed as %d/%m/%Y
visit-log.csv,2158,V02157,Purpose,blank,Purpose not logged
visit-log.csv,2159,V02158,Visit Date,coerced,'05/06/2026' parsed as %d/%m/%Y
visit-log.csv,2159,V02158,Duration (mins),blank,Duration not recorded
visit-log.csv,2160,V02159,Duration (mins),blank,Duration not recorded
visit-log.csv,2161,V02160,Visit Date,coerced,'12/05/2026' parsed as %d/%m/%Y
visit-log.csv,2161,V02160,Duration (mins),blank,Duration not recorded
visit-log.csv,2162,V02161,Visit Date,coerced,'17/07/2026' parsed as %d/%m/%Y
visit-log.csv,2162,V02161,Purpose,blank,Purpose not logged
visit-log.csv,2163,V02162,Visit Date,coerced,'28/06/2026' parsed as %d/%m/%Y
visit-log.csv,2163,V02162,Purpose,coerced,'followup' -> Follow up
visit-log.csv,2164,V02163,Visit Date,coerced,'01/05/2026' parsed as %d/%m/%Y
visit-log.csv,2164,V02163,Remarks,blank,Outcome not logged
visit-log.csv,2165,V02164,Visit Date,coerced,'15/06/2026' parsed as %d/%m/%Y
visit-log.csv,2165,V02164,Purpose,coerced,'followup' -> Follow up
visit-log.csv,2165,V02164,Remarks,blank,Outcome not logged
visit-log.csv,2166,V02165,Visit Date,coerced,'10/06/2026' parsed as %d/%m/%Y
visit-log.csv,2166,V02165,Remarks,blank,Outcome not logged
visit-log.csv,2167,V02166,Visit Date,coerced,'21/05/2026' parsed as %d/%m/%Y
visit-log.csv,2167,V02166,Duration (mins),blank,Duration not recorded
visit-log.csv,2167,V02166,Remarks,blank,Outcome not logged
visit-log.csv,2168,V02167,Visit Date,coerced,'27/05/2026' parsed as %d/%m/%Y
visit-log.csv,2168,V02167,Remarks,blank,Outcome not logged
visit-log.csv,2169,V02168,Remarks,blank,Outcome not logged
visit-log.csv,2170,V02169,Visit Date,coerced,'09/06/2026' parsed as %d/%m/%Y
visit-log.csv,2170,V02169,Purpose,coerced,'routine' -> Routine visit
visit-log.csv,2172,V02171,Remarks,blank,Outcome not logged
visit-log.csv,2173,V02172,Visit Date,coerced,'28/06/2026' parsed as %d/%m/%Y
visit-log.csv,2173,V02172,Purpose,blank,Purpose not logged
visit-log.csv,2174,V02173,Duration (mins),blank,Duration not recorded
visit-log.csv,2174,V02173,Remarks,blank,Outcome not logged
visit-log.csv,2175,V02174,Visit Date,coerced,'12/06/2026' parsed as %d/%m/%Y
visit-log.csv,2175,V02174,Purpose,coerced,'routine' -> Routine visit
visit-log.csv,2176,V02175,Visit Date,coerced,'07/05/2026' parsed as %d/%m/%Y
visit-log.csv,2177,V02176,Visit Date,coerced,'22/07/2026' parsed as %d/%m/%Y
visit-log.csv,2177,V02176,Remarks,blank,Outcome not logged
visit-log.csv,2178,V02177,Purpose,blank,Purpose not logged
visit-log.csv,2178,V02177,Remarks,blank,Outcome not logged
visit-log.csv,2180,V02179,Duration (mins),blank,Duration not recorded
visit-log.csv,2180,V02179,Purpose,coerced,'followup' -> Follow up
visit-log.csv,2181,V02180,Purpose,coerced,'routine' -> Routine visit
visit-log.csv,2181,V02180,Remarks,blank,Outcome not logged
visit-log.csv,2183,V02182,Visit Date,coerced,'24/06/2026' parsed as %d/%m/%Y
visit-log.csv,2184,V02183,Duration (mins),blank,Duration not recorded
visit-log.csv,2185,V02184,Visit Date,coerced,'22/06/2026' parsed as %d/%m/%Y
visit-log.csv,2185,V02184,Remarks,blank,Outcome not logged
visit-log.csv,2186,V02185,Visit Date,coerced,'12/05/2026' parsed as %d/%m/%Y
visit-log.csv,2186,V02185,Purpose,coerced,'followup' -> Follow up
visit-log.csv,2186,V02185,Remarks,blank,Outcome not logged
visit-log.csv,2187,V02186,Visit Date,coerced,'06/07/2026' parsed as %d/%m/%Y
visit-log.csv,2187,V02186,Duration (mins),blank,Duration not recorded
visit-log.csv,2187,V02186,Remarks,blank,Outcome not logged
visit-log.csv,2188,V02187,Visit Date,coerced,'26/05/2026' parsed as %d/%m/%Y
visit-log.csv,2189,V02188,Visit Date,coerced,'23/07/2026' parsed as %d/%m/%Y
visit-log.csv,2189,V02188,Purpose,coerced,'followup' -> Follow up
visit-log.csv,2190,V02189,Visit Date,coerced,'09/07/2026' parsed as %d/%m/%Y
visit-log.csv,2190,V02189,Remarks,blank,Outcome not logged
visit-log.csv,2191,V02190,Visit Date,coerced,'04/07/2026' parsed as %d/%m/%Y
visit-log.csv,2191,V02190,Remarks,blank,Outcome not logged
visit-log.csv,2193,V02192,Visit Date,coerced,'09/05/2026' parsed as %d/%m/%Y
visit-log.csv,2194,V02193,Remarks,blank,Outcome not logged
visit-log.csv,2195,V02194,Visit Date,coerced,'16/07/2026' parsed as %d/%m/%Y
visit-log.csv,2195,V02194,Purpose,blank,Purpose not logged
visit-log.csv,2196,V02195,Visit Date,coerced,'08/06/2026' parsed as %d/%m/%Y
visit-log.csv,2196,V02195,Remarks,blank,Outcome not logged
visit-log.csv,2197,V02196,Visit Date,coerced,'27/06/2026' parsed as %d/%m/%Y
visit-log.csv,2198,V02197,Visit Date,coerced,'29/05/2026' parsed as %d/%m/%Y
visit-log.csv,2199,V02198,Visit Date,coerced,'03/06/2026' parsed as %d/%m/%Y
visit-log.csv,2199,V02198,Purpose,coerced,'followup' -> Follow up
visit-log.csv,2200,V02199,Visit Date,coerced,'13/07/2026' parsed as %d/%m/%Y
visit-log.csv,2202,V02201,Remarks,blank,Outcome not logged
visit-log.csv,2204,V02203,Visit Date,coerced,'09/05/2026' parsed as %d/%m/%Y
visit-log.csv,2204,V02203,Remarks,blank,Outcome not logged
visit-log.csv,2205,V02204,Remarks,blank,Outcome not logged
visit-log.csv,2206,V02205,Visit Date,coerced,'26/05/2026' parsed as %d/%m/%Y
visit-log.csv,2206,V02205,Remarks,blank,Outcome not logged
visit-log.csv,2208,V02207,Visit Date,coerced,'04/07/2026' parsed as %d/%m/%Y
visit-log.csv,2208,V02207,Duration (mins),blank,Duration not recorded
visit-log.csv,2209,V02208,Visit Date,coerced,'04/07/2026' parsed as %d/%m/%Y
visit-log.csv,2209,V02208,Remarks,blank,Outcome not logged
visit-log.csv,2210,V02209,Visit Date,coerced,'20/07/2026' parsed as %d/%m/%Y
visit-log.csv,2211,V02210,Duration (mins),blank,Duration not recorded
visit-log.csv,2211,V02210,Check In,blank,Check-in time not logged
visit-log.csv,2212,V02211,Visit Date,coerced,'09/06/2026' parsed as %d/%m/%Y
visit-log.csv,2212,V02211,Remarks,blank,Outcome not logged
visit-log.csv,2213,V02212,Visit Date,coerced,'02/06/2026' parsed as %d/%m/%Y
visit-log.csv,2213,V02212,Purpose,blank,Purpose not logged
visit-log.csv,2217,V02216,Visit Date,coerced,'02/06/2026' parsed as %d/%m/%Y
visit-log.csv,2217,V02216,Purpose,blank,Purpose not logged
visit-log.csv,2218,V02217,Visit Date,coerced,'30/05/2026' parsed as %d/%m/%Y
visit-log.csv,2218,V02217,Duration (mins),blank,Duration not recorded
visit-log.csv,2218,V02217,Purpose,coerced,'routine' -> Routine visit
visit-log.csv,2219,V02218,Visit Date,coerced,'14/05/2026' parsed as %d/%m/%Y
visit-log.csv,2220,V02219,Visit Date,coerced,'03/07/2026' parsed as %d/%m/%Y
visit-log.csv,2220,V02219,Purpose,coerced,'followup' -> Follow up
visit-log.csv,2220,V02219,Remarks,blank,Outcome not logged
visit-log.csv,2222,V02221,Visit Date,coerced,'08/06/2026' parsed as %d/%m/%Y
visit-log.csv,2223,V02222,Visit Date,coerced,'27/05/2026' parsed as %d/%m/%Y
visit-log.csv,2224,V02223,Visit Date,coerced,'29/05/2026' parsed as %d/%m/%Y
visit-log.csv,2224,V02223,Remarks,blank,Outcome not logged
visit-log.csv,2225,V02224,Visit Date,coerced,'08/05/2026' parsed as %d/%m/%Y
visit-log.csv,2225,V02224,Remarks,blank,Outcome not logged
visit-log.csv,2226,V02225,Visit Date,coerced,'13/06/2026' parsed as %d/%m/%Y
visit-log.csv,2226,V02225,Remarks,blank,Outcome not logged
visit-log.csv,2227,V02226,Remarks,blank,Outcome not logged
visit-log.csv,2229,V02228,Visit Date,coerced,'28/06/2026' parsed as %d/%m/%Y
visit-log.csv,2230,V02229,Visit Date,coerced,'04/05/2026' parsed as %d/%m/%Y
visit-log.csv,2230,V02229,Remarks,blank,Outcome not logged
visit-log.csv,2231,V02230,Visit Date,coerced,'29/06/2026' parsed as %d/%m/%Y
visit-log.csv,2234,V02233,Duration (mins),blank,Duration not recorded
visit-log.csv,2234,V02233,Remarks,blank,Outcome not logged
visit-log.csv,2235,V02234,Visit Date,coerced,'11/06/2026' parsed as %d/%m/%Y
visit-log.csv,2235,V02234,Purpose,coerced,'followup' -> Follow up
visit-log.csv,2236,V02235,Visit Date,coerced,'05/05/2026' parsed as %d/%m/%Y
visit-log.csv,2236,V02235,Remarks,blank,Outcome not logged
visit-log.csv,2237,V02236,Visit Date,coerced,'27/07/2026' parsed as %d/%m/%Y
visit-log.csv,2237,V02236,Remarks,blank,Outcome not logged
visit-log.csv,2238,V02237,Visit Date,coerced,'02/05/2026' parsed as %d/%m/%Y
visit-log.csv,2239,V02238,Visit Date,coerced,'09/07/2026' parsed as %d/%m/%Y
visit-log.csv,2241,V02240,Purpose,coerced,'routine' -> Routine visit
visit-log.csv,2243,V02242,Visit Date,coerced,'22/07/2026' parsed as %d/%m/%Y
visit-log.csv,2243,V02242,Purpose,coerced,'followup' -> Follow up
visit-log.csv,2244,V02243,Visit Date,coerced,'25/05/2026' parsed as %d/%m/%Y
visit-log.csv,2244,V02243,Duration (mins),blank,Duration not recorded
visit-log.csv,2244,V02243,Purpose,blank,Purpose not logged
visit-log.csv,2245,V02244,Visit Date,coerced,'25/05/2026' parsed as %d/%m/%Y
visit-log.csv,2245,V02244,Purpose,coerced,'followup' -> Follow up
visit-log.csv,2245,V02244,Remarks,blank,Outcome not logged
visit-log.csv,2246,V02245,Visit Date,coerced,'26/07/2026' parsed as %d/%m/%Y
visit-log.csv,2246,V02245,Duration (mins),blank,Duration not recorded
visit-log.csv,2249,V02248,Visit Date,coerced,'17/06/2026' parsed as %d/%m/%Y
visit-log.csv,2250,V02249,Visit Date,coerced,'06/07/2026' parsed as %d/%m/%Y
visit-log.csv,2250,V02249,Purpose,coerced,'routine' -> Routine visit
visit-log.csv,2250,V02249,Remarks,blank,Outcome not logged
visit-log.csv,2251,V02250,Visit Date,coerced,'05/06/2026' parsed as %d/%m/%Y
visit-log.csv,2251,V02250,Duration (mins),blank,Duration not recorded
visit-log.csv,2251,V02250,Purpose,coerced,'routine' -> Routine visit
visit-log.csv,2252,V02251,Visit Date,coerced,'09/07/2026' parsed as %d/%m/%Y
visit-log.csv,2252,V02251,Remarks,blank,Outcome not logged
visit-log.csv,2253,V02252,Visit Date,coerced,'17/06/2026' parsed as %d/%m/%Y
visit-log.csv,2253,V02252,Purpose,blank,Purpose not logged
visit-log.csv,2253,V02252,Remarks,blank,Outcome not logged
visit-log.csv,2254,V02253,Visit Date,coerced,'08/05/2026' parsed as %d/%m/%Y
visit-log.csv,2254,V02253,Purpose,coerced,'routine' -> Routine visit
visit-log.csv,2255,V02254,Duration (mins),blank,Duration not recorded
visit-log.csv,2256,V02255,Visit Date,coerced,'16/07/2026' parsed as %d/%m/%Y
visit-log.csv,2257,V02256,Visit Date,coerced,'21/05/2026' parsed as %d/%m/%Y
visit-log.csv,2257,V02256,Purpose,blank,Purpose not logged
visit-log.csv,2258,V02257,Visit Date,coerced,'10/06/2026' parsed as %d/%m/%Y
visit-log.csv,2258,V02257,Remarks,blank,Outcome not logged
visit-log.csv,2259,V02258,Purpose,coerced,'followup' -> Follow up
visit-log.csv,2260,V02259,Visit Date,coerced,'27/05/2026' parsed as %d/%m/%Y
visit-log.csv,2261,V02260,Visit Date,coerced,'22/05/2026' parsed as %d/%m/%Y
visit-log.csv,2262,V02261,Visit Date,coerced,'07/07/2026' parsed as %d/%m/%Y
visit-log.csv,2263,V02262,Visit Date,coerced,'04/07/2026' parsed as %d/%m/%Y
visit-log.csv,2264,V02263,Visit Date,coerced,'03/07/2026' parsed as %d/%m/%Y
visit-log.csv,2265,V02264,Visit Date,coerced,'03/06/2026' parsed as %d/%m/%Y
visit-log.csv,2266,V02265,Visit Date,coerced,'25/05/2026' parsed as %d/%m/%Y
visit-log.csv,2267,V02266,Visit Date,coerced,'23/07/2026' parsed as %d/%m/%Y
visit-log.csv,2267,V02266,Purpose,coerced,'followup' -> Follow up
visit-log.csv,2269,V02268,Remarks,blank,Outcome not logged
visit-log.csv,2270,V02269,Visit Date,coerced,'04/07/2026' parsed as %d/%m/%Y
visit-log.csv,2270,V02269,Purpose,coerced,'routine' -> Routine visit
visit-log.csv,2272,V02271,Visit Date,coerced,'08/06/2026' parsed as %d/%m/%Y
visit-log.csv,2274,V02273,Visit Date,coerced,'30/05/2026' parsed as %d/%m/%Y
visit-log.csv,2274,V02273,Remarks,blank,Outcome not logged
visit-log.csv,2275,V02274,Visit Date,coerced,'17/07/2026' parsed as %d/%m/%Y
visit-log.csv,2275,V02274,Duration (mins),blank,Duration not recorded
visit-log.csv,2276,V02275,Visit Date,coerced,'15/05/2026' parsed as %d/%m/%Y
visit-log.csv,2277,V02276,Visit Date,coerced,'02/05/2026' parsed as %d/%m/%Y
visit-log.csv,2278,V02277,Visit Date,coerced,'18/07/2026' parsed as %d/%m/%Y
visit-log.csv,2278,V02277,Remarks,blank,Outcome not logged
visit-log.csv,2279,V02278,Visit Date,coerced,'07/05/2026' parsed as %d/%m/%Y
visit-log.csv,2280,V02279,Visit Date,coerced,'08/06/2026' parsed as %d/%m/%Y
visit-log.csv,2281,V02280,Visit Date,coerced,'02/05/2026' parsed as %d/%m/%Y
visit-log.csv,2281,V02280,Purpose,coerced,'followup' -> Follow up
visit-log.csv,2281,V02280,Remarks,blank,Outcome not logged
visit-log.csv,2282,V02281,Visit Date,coerced,'09/06/2026' parsed as %d/%m/%Y
visit-log.csv,2282,V02281,Remarks,blank,Outcome not logged
visit-log.csv,2283,V02282,Visit Date,coerced,'24/06/2026' parsed as %d/%m/%Y
visit-log.csv,2283,V02282,Remarks,blank,Outcome not logged
visit-log.csv,2284,V02283,Visit Date,coerced,'29/07/2026' parsed as %d/%m/%Y
visit-log.csv,2286,V02285,Visit Date,coerced,'21/06/2026' parsed as %d/%m/%Y
visit-log.csv,2287,V02286,Visit Date,coerced,'05/07/2026' parsed as %d/%m/%Y
visit-log.csv,2287,V02286,Purpose,blank,Purpose not logged
visit-log.csv,2287,V02286,Remarks,blank,Outcome not logged
visit-log.csv,2288,V02287,Visit Date,coerced,'22/07/2026' parsed as %d/%m/%Y
visit-log.csv,2288,V02287,Remarks,blank,Outcome not logged
visit-log.csv,2289,V02288,Visit Date,coerced,'23/07/2026' parsed as %d/%m/%Y
visit-log.csv,2289,V02288,Purpose,coerced,'followup' -> Follow up
visit-log.csv,2290,V02289,Duration (mins),blank,Duration not recorded
visit-log.csv,2291,V02290,Visit Date,coerced,'13/07/2026' parsed as %d/%m/%Y
visit-log.csv,2291,V02290,Duration (mins),blank,Duration not recorded
visit-log.csv,2291,V02290,Purpose,blank,Purpose not logged
visit-log.csv,2292,V02291,Visit Date,coerced,'18/07/2026' parsed as %d/%m/%Y
visit-log.csv,2293,V02292,Remarks,blank,Outcome not logged
visit-log.csv,2294,V02293,Purpose,blank,Purpose not logged
visit-log.csv,2295,V02294,Visit Date,coerced,'19/06/2026' parsed as %d/%m/%Y
visit-log.csv,2295,V02294,Remarks,blank,Outcome not logged
visit-log.csv,2297,V02296,Visit Date,coerced,'27/06/2026' parsed as %d/%m/%Y
visit-log.csv,2297,V02296,Remarks,blank,Outcome not logged
visit-log.csv,2299,V02298,Visit Date,coerced,'07/06/2026' parsed as %d/%m/%Y
visit-log.csv,2299,V02298,Remarks,blank,Outcome not logged
visit-log.csv,2300,V02299,Visit Date,coerced,'06/05/2026' parsed as %d/%m/%Y
visit-log.csv,2300,V02299,Remarks,blank,Outcome not logged
visit-log.csv,2301,V02300,Purpose,blank,Purpose not logged
visit-log.csv,2301,V02300,Remarks,blank,Outcome not logged
visit-log.csv,2302,V02301,Visit Date,coerced,'23/07/2026' parsed as %d/%m/%Y
visit-log.csv,2302,V02301,Duration (mins),blank,Duration not recorded
visit-log.csv,2302,V02301,Remarks,blank,Outcome not logged
visit-log.csv,2303,V02302,Remarks,blank,Outcome not logged
visit-log.csv,2304,V02303,Visit Date,coerced,'26/06/2026' parsed as %d/%m/%Y
visit-log.csv,2304,V02303,Duration (mins),blank,Duration not recorded
visit-log.csv,2305,V02304,Visit Date,coerced,'29/06/2026' parsed as %d/%m/%Y
visit-log.csv,2307,V02306,Visit Date,coerced,'04/06/2026' parsed as %d/%m/%Y
visit-log.csv,2308,V02307,Purpose,blank,Purpose not logged
visit-log.csv,2309,V02308,Visit Date,coerced,'12/06/2026' parsed as %d/%m/%Y
visit-log.csv,2309,V02308,Purpose,coerced,'followup' -> Follow up
visit-log.csv,2310,V02309,Visit Date,coerced,'27/05/2026' parsed as %d/%m/%Y
visit-log.csv,2310,V02309,Purpose,coerced,'followup' -> Follow up
visit-log.csv,2310,V02309,Remarks,blank,Outcome not logged
visit-log.csv,2311,V02310,Visit Date,coerced,'24/05/2026' parsed as %d/%m/%Y
visit-log.csv,2311,V02310,Remarks,blank,Outcome not logged
visit-log.csv,2312,V02311,Visit Date,coerced,'24/07/2026' parsed as %d/%m/%Y
visit-log.csv,2313,V02312,Visit Date,coerced,'27/05/2026' parsed as %d/%m/%Y
visit-log.csv,2315,V02314,Purpose,blank,Purpose not logged
visit-log.csv,2316,V02315,Remarks,blank,Outcome not logged
visit-log.csv,2317,V02316,Remarks,blank,Outcome not logged
visit-log.csv,2318,V02317,Visit Date,coerced,'06/07/2026' parsed as %d/%m/%Y
visit-log.csv,2319,V02318,Visit Date,coerced,'02/07/2026' parsed as %d/%m/%Y
visit-log.csv,2320,V02319,Visit Date,coerced,'13/07/2026' parsed as %d/%m/%Y
visit-log.csv,2320,V02319,Purpose,coerced,'followup' -> Follow up
visit-log.csv,2321,V02320,Purpose,blank,Purpose not logged
visit-log.csv,2322,V02321,Visit Date,coerced,'02/06/2026' parsed as %d/%m/%Y
visit-log.csv,2324,V02323,Duration (mins),blank,Duration not recorded
visit-log.csv,2324,V02323,Remarks,blank,Outcome not logged
visit-log.csv,2325,V02324,Purpose,blank,Purpose not logged
visit-log.csv,2325,V02324,Remarks,blank,Outcome not logged
visit-log.csv,2326,V02325,Remarks,blank,Outcome not logged
visit-log.csv,2327,V02326,Visit Date,coerced,'06/06/2026' parsed as %d/%m/%Y
visit-log.csv,2327,V02326,Remarks,blank,Outcome not logged
visit-log.csv,2328,V02327,Visit Date,coerced,'06/07/2026' parsed as %d/%m/%Y
visit-log.csv,2329,V02328,Visit Date,coerced,'15/06/2026' parsed as %d/%m/%Y
visit-log.csv,2330,V02329,Duration (mins),blank,Duration not recorded
visit-log.csv,2330,V02329,Remarks,blank,Outcome not logged
visit-log.csv,2331,V02330,Visit Date,coerced,'12/06/2026' parsed as %d/%m/%Y
visit-log.csv,2332,V02331,Duration (mins),blank,Duration not recorded
visit-log.csv,2332,V02331,Purpose,coerced,'followup' -> Follow up
visit-log.csv,2333,V02332,Duration (mins),blank,Duration not recorded
visit-log.csv,2333,V02332,Remarks,blank,Outcome not logged
visit-log.csv,2334,V02333,Visit Date,coerced,'18/05/2026' parsed as %d/%m/%Y
visit-log.csv,2334,V02333,Duration (mins),blank,Duration not recorded
visit-log.csv,2334,V02333,Purpose,coerced,'routine' -> Routine visit
visit-log.csv,2335,V02334,Purpose,coerced,'routine' -> Routine visit
visit-log.csv,2335,V02334,Remarks,blank,Outcome not logged
visit-log.csv,2336,V02335,Visit Date,coerced,'13/05/2026' parsed as %d/%m/%Y
visit-log.csv,2337,V02336,Visit Date,coerced,'25/05/2026' parsed as %d/%m/%Y
visit-log.csv,2338,V02337,Remarks,blank,Outcome not logged
visit-log.csv,2339,V02338,Visit Date,coerced,'18/05/2026' parsed as %d/%m/%Y
visit-log.csv,2340,V02339,Visit Date,coerced,'09/07/2026' parsed as %d/%m/%Y
visit-log.csv,2340,V02339,Duration (mins),blank,Duration not recorded
visit-log.csv,2340,V02339,Purpose,coerced,'routine' -> Routine visit
visit-log.csv,2342,V02341,Visit Date,coerced,'23/06/2026' parsed as %d/%m/%Y
visit-log.csv,2343,V02342,Visit Date,coerced,'27/05/2026' parsed as %d/%m/%Y
visit-log.csv,2344,V02343,Visit Date,coerced,'10/07/2026' parsed as %d/%m/%Y
visit-log.csv,2344,V02343,Purpose,coerced,'routine' -> Routine visit
visit-log.csv,2345,V02344,Visit Date,coerced,'19/05/2026' parsed as %d/%m/%Y
visit-log.csv,2346,V02345,Purpose,blank,Purpose not logged
visit-log.csv,2347,V02346,Visit Date,coerced,'17/07/2026' parsed as %d/%m/%Y
visit-log.csv,2347,V02346,Duration (mins),blank,Duration not recorded
visit-log.csv,2348,V02347,Check In,blank,Check-in time not logged
visit-log.csv,2349,V02348,Visit Date,coerced,'29/06/2026' parsed as %d/%m/%Y
visit-log.csv,2350,V02349,Visit Date,coerced,'01/06/2026' parsed as %d/%m/%Y
visit-log.csv,2351,V02350,Duration (mins),blank,Duration not recorded
visit-log.csv,2351,V02350,Purpose,coerced,'followup' -> Follow up
visit-log.csv,2351,V02350,Remarks,blank,Outcome not logged
visit-log.csv,2352,V02351,Remarks,blank,Outcome not logged
visit-log.csv,2354,V02353,Visit Date,coerced,'25/07/2026' parsed as %d/%m/%Y
visit-log.csv,2354,V02353,Remarks,blank,Outcome not logged
visit-log.csv,2356,V02355,Visit Date,coerced,'22/07/2026' parsed as %d/%m/%Y
visit-log.csv,2357,V02356,Visit Date,coerced,'11/06/2026' parsed as %d/%m/%Y
visit-log.csv,2359,V02358,Visit Date,coerced,'09/06/2026' parsed as %d/%m/%Y
visit-log.csv,2360,V02359,Purpose,coerced,'followup' -> Follow up
visit-log.csv,2361,V02360,Visit Date,coerced,'27/05/2026' parsed as %d/%m/%Y
visit-log.csv,2362,V02361,Visit Date,coerced,'20/07/2026' parsed as %d/%m/%Y
visit-log.csv,2362,V02361,Purpose,coerced,'followup' -> Follow up
visit-log.csv,2362,V02361,Remarks,blank,Outcome not logged
visit-log.csv,2363,V02362,Visit Date,coerced,'09/07/2026' parsed as %d/%m/%Y
visit-log.csv,2363,V02362,Purpose,blank,Purpose not logged
visit-log.csv,2364,V02363,Purpose,coerced,'routine' -> Routine visit
visit-log.csv,2365,V02364,Visit Date,coerced,'30/06/2026' parsed as %d/%m/%Y
visit-log.csv,2365,V02364,Purpose,coerced,'followup' -> Follow up
visit-log.csv,2365,V02364,Remarks,blank,Outcome not logged
visit-log.csv,2367,V02366,Visit Date,coerced,'21/05/2026' parsed as %d/%m/%Y
visit-log.csv,2368,V02367,Visit Date,coerced,'22/05/2026' parsed as %d/%m/%Y
visit-log.csv,2368,V02367,Purpose,coerced,'routine' -> Routine visit
visit-log.csv,2368,V02367,Remarks,blank,Outcome not logged
visit-log.csv,2369,V02368,Visit Date,coerced,'29/06/2026' parsed as %d/%m/%Y
visit-log.csv,2369,V02368,Purpose,blank,Purpose not logged
visit-log.csv,2370,V02369,Visit Date,coerced,'29/06/2026' parsed as %d/%m/%Y
visit-log.csv,2370,V02369,Purpose,coerced,'routine' -> Routine visit
visit-log.csv,2371,V02370,Purpose,blank,Purpose not logged
visit-log.csv,2372,V02371,Visit Date,coerced,'06/06/2026' parsed as %d/%m/%Y
visit-log.csv,2373,V02372,Visit Date,coerced,'06/07/2026' parsed as %d/%m/%Y
visit-log.csv,2374,V02373,Visit Date,coerced,'03/06/2026' parsed as %d/%m/%Y
visit-log.csv,2374,V02373,Remarks,blank,Outcome not logged
visit-log.csv,2375,V02374,Visit Date,coerced,'14/06/2026' parsed as %d/%m/%Y
visit-log.csv,2375,V02374,Purpose,coerced,'followup' -> Follow up
visit-log.csv,2375,V02374,Remarks,blank,Outcome not logged
visit-log.csv,2376,V02375,Visit Date,coerced,'09/07/2026' parsed as %d/%m/%Y
visit-log.csv,2376,V02375,Duration (mins),blank,Duration not recorded
visit-log.csv,2376,V02375,Purpose,coerced,'followup' -> Follow up
visit-log.csv,2377,V02376,Visit Date,coerced,'14/07/2026' parsed as %d/%m/%Y
visit-log.csv,2378,V02377,Visit Date,coerced,'27/07/2026' parsed as %d/%m/%Y
visit-log.csv,2378,V02377,Duration (mins),blank,Duration not recorded
visit-log.csv,2380,V02379,Visit Date,coerced,'22/07/2026' parsed as %d/%m/%Y
visit-log.csv,2381,V02380,Visit Date,coerced,'12/05/2026' parsed as %d/%m/%Y
visit-log.csv,2381,V02380,Remarks,blank,Outcome not logged
visit-log.csv,2382,V02381,Visit Date,coerced,'16/07/2026' parsed as %d/%m/%Y
visit-log.csv,2383,V02382,Visit Date,coerced,'04/05/2026' parsed as %d/%m/%Y
visit-log.csv,2384,V02383,Visit Date,coerced,'27/06/2026' parsed as %d/%m/%Y
visit-log.csv,2384,V02383,Purpose,coerced,'followup' -> Follow up
visit-log.csv,2386,V02385,Visit Date,coerced,'22/05/2026' parsed as %d/%m/%Y
visit-log.csv,2386,V02385,Duration (mins),blank,Duration not recorded
visit-log.csv,2387,V02386,Visit Date,coerced,'29/07/2026' parsed as %d/%m/%Y
visit-log.csv,2388,V02387,Visit Date,coerced,'04/06/2026' parsed as %d/%m/%Y
visit-log.csv,2388,V02387,Remarks,blank,Outcome not logged
visit-log.csv,2390,V02389,Duration (mins),blank,Duration not recorded
visit-log.csv,2391,V02390,Visit Date,coerced,'11/06/2026' parsed as %d/%m/%Y
visit-log.csv,2391,V02390,Remarks,blank,Outcome not logged
visit-log.csv,2392,V02391,Visit Date,coerced,'26/06/2026' parsed as %d/%m/%Y
visit-log.csv,2392,V02391,Duration (mins),blank,Duration not recorded
visit-log.csv,2392,V02391,Remarks,blank,Outcome not logged
visit-log.csv,2393,V02392,Purpose,coerced,'followup' -> Follow up
visit-log.csv,2394,V02393,Visit Date,coerced,'29/07/2026' parsed as %d/%m/%Y
visit-log.csv,2395,V02394,Visit Date,coerced,'11/05/2026' parsed as %d/%m/%Y
visit-log.csv,2396,V02395,Visit Date,coerced,'20/07/2026' parsed as %d/%m/%Y
visit-log.csv,2396,V02395,Remarks,blank,Outcome not logged
visit-log.csv,2397,V02396,Visit Date,coerced,'29/07/2026' parsed as %d/%m/%Y
visit-log.csv,2397,V02396,Purpose,blank,Purpose not logged
visit-log.csv,2398,V02397,Visit Date,coerced,'01/07/2026' parsed as %d/%m/%Y
visit-log.csv,2398,V02397,Duration (mins),blank,Duration not recorded
visit-log.csv,2398,V02397,Remarks,blank,Outcome not logged
visit-log.csv,2399,V02398,Visit Date,coerced,'03/07/2026' parsed as %d/%m/%Y
visit-log.csv,2399,V02398,Duration (mins),blank,Duration not recorded
visit-log.csv,2400,V02399,Visit Date,coerced,'10/06/2026' parsed as %d/%m/%Y
visit-log.csv,2400,V02399,Remarks,blank,Outcome not logged
visit-log.csv,2401,V02400,Visit Date,coerced,'24/07/2026' parsed as %d/%m/%Y
visit-log.csv,2401,V02400,Remarks,blank,Outcome not logged
visit-log.csv,2402,V02401,Purpose,coerced,'followup' -> Follow up
visit-log.csv,2403,V02402,Visit Date,coerced,'05/06/2026' parsed as %d/%m/%Y
visit-log.csv,2404,V02403,Visit Date,coerced,'29/06/2026' parsed as %d/%m/%Y
visit-log.csv,2405,V02404,Visit Date,coerced,'20/06/2026' parsed as %d/%m/%Y
visit-log.csv,2405,V02404,Purpose,coerced,'routine' -> Routine visit
visit-log.csv,2406,V02405,Visit Date,coerced,'22/06/2026' parsed as %d/%m/%Y
visit-log.csv,2407,V02406,Visit Date,coerced,'08/07/2026' parsed as %d/%m/%Y
visit-log.csv,2407,V02406,Purpose,coerced,'followup' -> Follow up
visit-log.csv,2407,V02406,Remarks,blank,Outcome not logged
visit-log.csv,2408,V02407,Visit Date,coerced,'05/05/2026' parsed as %d/%m/%Y
visit-log.csv,2409,V02408,Visit Date,coerced,'28/07/2026' parsed as %d/%m/%Y
visit-log.csv,2409,V02408,Duration (mins),blank,Duration not recorded
visit-log.csv,2409,V02408,Purpose,blank,Purpose not logged
visit-log.csv,2410,V02409,Visit Date,coerced,'28/05/2026' parsed as %d/%m/%Y
visit-log.csv,2411,V02410,Remarks,blank,Outcome not logged
visit-log.csv,2412,V02411,Visit Date,coerced,'11/07/2026' parsed as %d/%m/%Y
visit-log.csv,2413,V02412,Visit Date,coerced,'25/06/2026' parsed as %d/%m/%Y
visit-log.csv,2414,V02413,Visit Date,coerced,'12/06/2026' parsed as %d/%m/%Y
visit-log.csv,2415,V02414,Visit Date,coerced,'27/07/2026' parsed as %d/%m/%Y
visit-log.csv,2416,V02415,Visit Date,coerced,'21/05/2026' parsed as %d/%m/%Y
visit-log.csv,2416,V02415,Duration (mins),blank,Duration not recorded
visit-log.csv,2416,V02415,Remarks,blank,Outcome not logged
visit-log.csv,2417,V02416,Visit Date,coerced,'16/06/2026' parsed as %d/%m/%Y
visit-log.csv,2417,V02416,Duration (mins),blank,Duration not recorded
visit-log.csv,2417,V02416,Purpose,coerced,'followup' -> Follow up
visit-log.csv,2420,V02419,Visit Date,coerced,'11/05/2026' parsed as %d/%m/%Y
visit-log.csv,2420,V02419,Remarks,blank,Outcome not logged
visit-log.csv,2421,V02420,Visit Date,coerced,'08/06/2026' parsed as %d/%m/%Y
visit-log.csv,2421,V02420,Duration (mins),blank,Duration not recorded
visit-log.csv,2421,V02420,Purpose,coerced,'routine' -> Routine visit
visit-log.csv,2422,V02421,Visit Date,coerced,'09/07/2026' parsed as %d/%m/%Y
visit-log.csv,2423,V02422,Purpose,coerced,'routine' -> Routine visit
visit-log.csv,2424,V02423,Visit Date,coerced,'25/06/2026' parsed as %d/%m/%Y
visit-log.csv,2424,V02423,Duration (mins),blank,Duration not recorded
visit-log.csv,2424,V02423,Remarks,blank,Outcome not logged
visit-log.csv,2425,V02424,Visit Date,coerced,'28/06/2026' parsed as %d/%m/%Y
visit-log.csv,2426,V02425,Visit Date,coerced,'30/06/2026' parsed as %d/%m/%Y
visit-log.csv,2426,V02425,Purpose,coerced,'followup' -> Follow up
visit-log.csv,2427,V02426,Visit Date,coerced,'03/06/2026' parsed as %d/%m/%Y
visit-log.csv,2427,V02426,Duration (mins),blank,Duration not recorded
visit-log.csv,2429,V02428,Visit Date,coerced,'07/07/2026' parsed as %d/%m/%Y
visit-log.csv,2429,V02428,Remarks,blank,Outcome not logged
visit-log.csv,2431,V02430,Visit Date,coerced,'25/05/2026' parsed as %d/%m/%Y
visit-log.csv,2431,V02430,Remarks,blank,Outcome not logged
visit-log.csv,2432,V02431,Purpose,coerced,'routine' -> Routine visit
visit-log.csv,2433,V02432,Visit Date,coerced,'11/07/2026' parsed as %d/%m/%Y
visit-log.csv,2433,V02432,Duration (mins),blank,Duration not recorded
visit-log.csv,2434,V02433,Purpose,coerced,'routine' -> Routine visit
visit-log.csv,2435,V02434,Visit Date,coerced,'11/06/2026' parsed as %d/%m/%Y
visit-log.csv,2435,V02434,Remarks,blank,Outcome not logged
visit-log.csv,2436,V02435,Visit Date,coerced,'07/07/2026' parsed as %d/%m/%Y
visit-log.csv,2438,V02437,Visit Date,coerced,'06/06/2026' parsed as %d/%m/%Y
visit-log.csv,2438,V02437,Purpose,blank,Purpose not logged
visit-log.csv,2439,V02438,Duration (mins),blank,Duration not recorded
visit-log.csv,2440,V02439,Visit Date,coerced,'05/05/2026' parsed as %d/%m/%Y
visit-log.csv,2441,V02440,Visit Date,coerced,'23/06/2026' parsed as %d/%m/%Y
visit-log.csv,2442,V02441,Visit Date,coerced,'03/06/2026' parsed as %d/%m/%Y
visit-log.csv,2443,V02442,Visit Date,coerced,'02/07/2026' parsed as %d/%m/%Y
visit-log.csv,2444,V02443,Visit Date,coerced,'06/06/2026' parsed as %d/%m/%Y
visit-log.csv,2445,V02444,Visit Date,coerced,'15/07/2026' parsed as %d/%m/%Y
visit-log.csv,2445,V02444,Purpose,coerced,'routine' -> Routine visit
visit-log.csv,2445,V02444,Remarks,blank,Outcome not logged
visit-log.csv,2446,V02445,Visit Date,coerced,'29/07/2026' parsed as %d/%m/%Y
visit-log.csv,2446,V02445,Remarks,blank,Outcome not logged
visit-log.csv,2447,V02446,Visit Date,coerced,'09/06/2026' parsed as %d/%m/%Y
visit-log.csv,2447,V02446,Duration (mins),blank,Duration not recorded
visit-log.csv,2447,V02446,Purpose,blank,Purpose not logged
visit-log.csv,2448,V02447,Visit Date,coerced,'11/06/2026' parsed as %d/%m/%Y
visit-log.csv,2448,V02447,Remarks,blank,Outcome not logged
visit-log.csv,2449,V02448,Duration (mins),blank,Duration not recorded
visit-log.csv,2450,V02449,Visit Date,coerced,'24/07/2026' parsed as %d/%m/%Y
visit-log.csv,2450,V02449,Purpose,blank,Purpose not logged
visit-log.csv,2451,V02450,Visit Date,coerced,'11/06/2026' parsed as %d/%m/%Y
visit-log.csv,2451,V02450,Remarks,blank,Outcome not logged
visit-log.csv,2452,V02451,Visit Date,coerced,'22/07/2026' parsed as %d/%m/%Y
visit-log.csv,2452,V02451,Purpose,coerced,'followup' -> Follow up
visit-log.csv,2453,V02452,Visit Date,coerced,'22/07/2026' parsed as %d/%m/%Y
visit-log.csv,2453,V02452,Remarks,blank,Outcome not logged
visit-log.csv,2454,V02453,Visit Date,coerced,'11/06/2026' parsed as %d/%m/%Y
visit-log.csv,2454,V02453,Remarks,blank,Outcome not logged
visit-log.csv,2455,V02454,Visit Date,coerced,'23/05/2026' parsed as %d/%m/%Y
visit-log.csv,2455,V02454,Remarks,blank,Outcome not logged
visit-log.csv,2456,V02455,Visit Date,coerced,'10/07/2026' parsed as %d/%m/%Y
visit-log.csv,2456,V02455,Duration (mins),blank,Duration not recorded
visit-log.csv,2457,V02456,Purpose,blank,Purpose not logged
visit-log.csv,2457,V02456,Remarks,blank,Outcome not logged
visit-log.csv,2458,V02457,Visit Date,coerced,'16/05/2026' parsed as %d/%m/%Y
visit-log.csv,2458,V02457,Purpose,coerced,'followup' -> Follow up
visit-log.csv,2460,V02459,Purpose,coerced,'followup' -> Follow up
visit-log.csv,2461,V02460,Visit Date,coerced,'14/05/2026' parsed as %d/%m/%Y
visit-log.csv,2461,V02460,Purpose,blank,Purpose not logged
visit-log.csv,2463,V02462,Visit Date,coerced,'25/07/2026' parsed as %d/%m/%Y
visit-log.csv,2464,V02463,Visit Date,coerced,'17/06/2026' parsed as %d/%m/%Y
visit-log.csv,2464,V02463,Remarks,blank,Outcome not logged
visit-log.csv,2465,V02464,Visit Date,coerced,'23/06/2026' parsed as %d/%m/%Y
visit-log.csv,2466,V02465,Remarks,blank,Outcome not logged
visit-log.csv,2467,V02466,Purpose,coerced,'followup' -> Follow up
visit-log.csv,2467,V02466,Remarks,blank,Outcome not logged
visit-log.csv,2467,V02466,Check In,blank,Check-in time not logged
visit-log.csv,2468,V02467,Visit Date,coerced,'09/07/2026' parsed as %d/%m/%Y
visit-log.csv,2469,V02468,Duration (mins),blank,Duration not recorded
visit-log.csv,2469,V02468,Remarks,blank,Outcome not logged
visit-log.csv,2470,V02469,Duration (mins),blank,Duration not recorded
visit-log.csv,2470,V02469,Remarks,blank,Outcome not logged
visit-log.csv,2471,V02470,Visit Date,coerced,'16/07/2026' parsed as %d/%m/%Y
visit-log.csv,2472,V02471,Visit Date,coerced,'11/06/2026' parsed as %d/%m/%Y
visit-log.csv,2472,V02471,Remarks,blank,Outcome not logged
visit-log.csv,2473,V02472,Visit Date,coerced,'25/05/2026' parsed as %d/%m/%Y
visit-log.csv,2473,V02472,Purpose,coerced,'routine' -> Routine visit
visit-log.csv,2473,V02472,Remarks,blank,Outcome not logged
visit-log.csv,2474,V02473,Duration (mins),blank,Duration not recorded
visit-log.csv,2474,V02473,Remarks,blank,Outcome not logged
visit-log.csv,2475,V02474,Visit Date,coerced,'04/05/2026' parsed as %d/%m/%Y
visit-log.csv,2475,V02474,Remarks,blank,Outcome not logged
visit-log.csv,2476,V02475,Remarks,blank,Outcome not logged
visit-log.csv,2477,V02476,Remarks,blank,Outcome not logged
visit-log.csv,2478,V02477,Remarks,blank,Outcome not logged
visit-log.csv,2479,V02478,Visit Date,coerced,'18/06/2026' parsed as %d/%m/%Y
visit-log.csv,2480,V02479,Visit Date,coerced,'05/05/2026' parsed as %d/%m/%Y
visit-log.csv,2481,V02480,Visit Date,coerced,'08/06/2026' parsed as %d/%m/%Y
visit-log.csv,2483,V02482,Visit Date,coerced,'15/05/2026' parsed as %d/%m/%Y
visit-log.csv,2484,V02483,Visit Date,coerced,'18/06/2026' parsed as %d/%m/%Y
visit-log.csv,2484,V02483,Remarks,blank,Outcome not logged
visit-log.csv,2485,V02484,Visit Date,coerced,'22/06/2026' parsed as %d/%m/%Y
visit-log.csv,2485,V02484,Remarks,blank,Outcome not logged
visit-log.csv,2486,V02485,Visit Date,coerced,'22/06/2026' parsed as %d/%m/%Y
visit-log.csv,2488,V02487,Visit Date,coerced,'12/05/2026' parsed as %d/%m/%Y
visit-log.csv,2488,V02487,Purpose,coerced,'followup' -> Follow up
visit-log.csv,2489,V02488,Visit Date,coerced,'05/07/2026' parsed as %d/%m/%Y
visit-log.csv,2489,V02488,Duration (mins),blank,Duration not recorded
visit-log.csv,2490,V02489,Visit Date,coerced,'15/06/2026' parsed as %d/%m/%Y
visit-log.csv,2491,V02490,Visit Date,coerced,'05/05/2026' parsed as %d/%m/%Y
visit-log.csv,2491,V02490,Remarks,blank,Outcome not logged
visit-log.csv,2494,V02493,Visit Date,coerced,'30/06/2026' parsed as %d/%m/%Y
visit-log.csv,2494,V02493,Duration (mins),blank,Duration not recorded
visit-log.csv,2495,V02494,Visit Date,coerced,'07/07/2026' parsed as %d/%m/%Y
visit-log.csv,2495,V02494,Purpose,coerced,'routine' -> Routine visit
visit-log.csv,2496,V02495,Visit Date,coerced,'04/05/2026' parsed as %d/%m/%Y
visit-log.csv,2496,V02495,Duration (mins),blank,Duration not recorded
visit-log.csv,2496,V02495,Purpose,coerced,'followup' -> Follow up
visit-log.csv,2496,V02495,Remarks,blank,Outcome not logged
visit-log.csv,2497,V02496,Visit Date,coerced,'26/05/2026' parsed as %d/%m/%Y
visit-log.csv,2497,V02496,Remarks,blank,Outcome not logged
visit-log.csv,2498,V02497,Visit Date,coerced,'01/07/2026' parsed as %d/%m/%Y
visit-log.csv,2498,V02497,Purpose,coerced,'followup' -> Follow up
visit-log.csv,2499,V02498,Visit Date,coerced,'29/07/2026' parsed as %d/%m/%Y
visit-log.csv,2501,V02500,Visit Date,coerced,'11/07/2026' parsed as %d/%m/%Y
visit-log.csv,2501,V02500,Purpose,blank,Purpose not logged
visit-log.csv,2502,V02501,Visit Date,coerced,'12/05/2026' parsed as %d/%m/%Y
visit-log.csv,2503,V02502,Visit Date,coerced,'27/05/2026' parsed as %d/%m/%Y
visit-log.csv,2503,V02502,Purpose,coerced,'routine' -> Routine visit
visit-log.csv,2504,V02503,Visit Date,coerced,'17/07/2026' parsed as %d/%m/%Y
visit-log.csv,2504,V02503,Remarks,blank,Outcome not logged
visit-log.csv,2505,V02504,Visit Date,coerced,'01/05/2026' parsed as %d/%m/%Y
visit-log.csv,2508,V02507,Visit Date,coerced,'06/05/2026' parsed as %d/%m/%Y
visit-log.csv,2508,V02507,Purpose,blank,Purpose not logged
visit-log.csv,2509,V02508,Visit Date,coerced,'25/07/2026' parsed as %d/%m/%Y
visit-log.csv,2509,V02508,Purpose,coerced,'followup' -> Follow up
visit-log.csv,2510,V02509,Visit Date,coerced,'01/06/2026' parsed as %d/%m/%Y
visit-log.csv,2510,V02509,Remarks,blank,Outcome not logged
visit-log.csv,2511,V02510,Visit Date,coerced,'26/06/2026' parsed as %d/%m/%Y
visit-log.csv,2511,V02510,Purpose,coerced,'routine' -> Routine visit
visit-log.csv,2512,V02511,Visit Date,coerced,'30/06/2026' parsed as %d/%m/%Y
visit-log.csv,2512,V02511,Remarks,blank,Outcome not logged
visit-log.csv,2513,V02512,Visit Date,coerced,'25/07/2026' parsed as %d/%m/%Y
visit-log.csv,2514,V02513,Visit Date,coerced,'17/06/2026' parsed as %d/%m/%Y
visit-log.csv,2515,V02514,Visit Date,coerced,'20/05/2026' parsed as %d/%m/%Y
visit-log.csv,2516,V02515,Visit Date,coerced,'29/05/2026' parsed as %d/%m/%Y
visit-log.csv,2517,V02516,Visit Date,coerced,'22/05/2026' parsed as %d/%m/%Y
visit-log.csv,2517,V02516,Duration (mins),blank,Duration not recorded
visit-log.csv,2517,V02516,Remarks,blank,Outcome not logged
visit-log.csv,2519,V02518,Purpose,coerced,'followup' -> Follow up
visit-log.csv,2520,V02519,Visit Date,coerced,'20/07/2026' parsed as %d/%m/%Y
visit-log.csv,2520,V02519,Remarks,blank,Outcome not logged
visit-log.csv,2521,V02520,Visit Date,coerced,'06/07/2026' parsed as %d/%m/%Y
visit-log.csv,2523,V02522,Visit Date,coerced,'13/07/2026' parsed as %d/%m/%Y
visit-log.csv,2523,V02522,Remarks,blank,Outcome not logged
visit-log.csv,2524,V02523,Remarks,blank,Outcome not logged
visit-log.csv,2525,V02524,Visit Date,coerced,'09/07/2026' parsed as %d/%m/%Y
visit-log.csv,2525,V02524,Remarks,blank,Outcome not logged
visit-log.csv,2526,V02525,Visit Date,coerced,'13/05/2026' parsed as %d/%m/%Y
visit-log.csv,2526,V02525,Purpose,coerced,'routine' -> Routine visit
visit-log.csv,2527,V02526,Visit Date,coerced,'13/05/2026' parsed as %d/%m/%Y
visit-log.csv,2527,V02526,Remarks,blank,Outcome not logged
visit-log.csv,2529,V02528,Remarks,blank,Outcome not logged
visit-log.csv,2530,V02529,Remarks,blank,Outcome not logged
visit-log.csv,2531,V02530,Visit Date,coerced,'19/07/2026' parsed as %d/%m/%Y
visit-log.csv,2531,V02530,Remarks,blank,Outcome not logged
visit-log.csv,2532,V02531,Remarks,blank,Outcome not logged
visit-log.csv,2533,V02532,Visit Date,coerced,'11/05/2026' parsed as %d/%m/%Y
visit-log.csv,2535,V02534,Duration (mins),blank,Duration not recorded
visit-log.csv,2535,V02534,Remarks,blank,Outcome not logged
visit-log.csv,2536,V02535,Visit Date,coerced,'28/07/2026' parsed as %d/%m/%Y
visit-log.csv,2536,V02535,Remarks,blank,Outcome not logged
visit-log.csv,2537,V02536,Purpose,coerced,'routine' -> Routine visit
visit-log.csv,2537,V02536,Remarks,blank,Outcome not logged
visit-log.csv,2538,V02537,Visit Date,coerced,'18/07/2026' parsed as %d/%m/%Y
visit-log.csv,2538,V02537,Remarks,blank,Outcome not logged
visit-log.csv,2539,V02538,Purpose,coerced,'followup' -> Follow up
visit-log.csv,2540,V02539,Visit Date,coerced,'21/07/2026' parsed as %d/%m/%Y
visit-log.csv,2540,V02539,Purpose,coerced,'followup' -> Follow up
visit-log.csv,2541,V02540,Duration (mins),blank,Duration not recorded
visit-log.csv,2542,V02541,Visit Date,coerced,'23/05/2026' parsed as %d/%m/%Y
visit-log.csv,2542,V02541,Purpose,coerced,'routine' -> Routine visit
visit-log.csv,2542,V02541,Remarks,blank,Outcome not logged
visit-log.csv,2543,V02542,Visit Date,coerced,'15/05/2026' parsed as %d/%m/%Y
visit-log.csv,2544,V02543,Visit Date,coerced,'21/07/2026' parsed as %d/%m/%Y
visit-log.csv,2544,V02543,Purpose,coerced,'followup' -> Follow up
visit-log.csv,2545,V02544,Visit Date,coerced,'11/05/2026' parsed as %d/%m/%Y
visit-log.csv,2546,V02545,Purpose,coerced,'routine' -> Routine visit
visit-log.csv,2547,V02546,Visit Date,coerced,'10/06/2026' parsed as %d/%m/%Y
visit-log.csv,2548,V02547,Visit Date,coerced,'07/05/2026' parsed as %d/%m/%Y
visit-log.csv,2548,V02547,Remarks,blank,Outcome not logged
visit-log.csv,2550,V02549,Visit Date,coerced,'16/05/2026' parsed as %d/%m/%Y
visit-log.csv,2550,V02549,Purpose,blank,Purpose not logged
visit-log.csv,2551,V02550,Duration (mins),blank,Duration not recorded
visit-log.csv,2551,V02550,Purpose,coerced,'routine' -> Routine visit
visit-log.csv,2552,V02551,Visit Date,coerced,'15/05/2026' parsed as %d/%m/%Y
visit-log.csv,2552,V02551,Purpose,coerced,'followup' -> Follow up
visit-log.csv,2552,V02551,Remarks,blank,Outcome not logged
visit-log.csv,2554,V02553,Visit Date,coerced,'27/06/2026' parsed as %d/%m/%Y
visit-log.csv,2554,V02553,Purpose,coerced,'routine' -> Routine visit
visit-log.csv,2555,V02554,Visit Date,coerced,'04/06/2026' parsed as %d/%m/%Y
visit-log.csv,2556,V02555,Purpose,coerced,'followup' -> Follow up
visit-log.csv,2556,V02555,Remarks,blank,Outcome not logged
visit-log.csv,2557,V02556,Visit Date,coerced,'21/07/2026' parsed as %d/%m/%Y
visit-log.csv,2557,V02556,Duration (mins),blank,Duration not recorded
visit-log.csv,2557,V02556,Remarks,blank,Outcome not logged
visit-log.csv,2559,V02558,Visit Date,coerced,'21/07/2026' parsed as %d/%m/%Y
visit-log.csv,2560,V02559,Visit Date,coerced,'23/07/2026' parsed as %d/%m/%Y
visit-log.csv,2561,V02560,Visit Date,coerced,'25/07/2026' parsed as %d/%m/%Y
visit-log.csv,2561,V02560,Duration (mins),blank,Duration not recorded
visit-log.csv,2562,V02561,Visit Date,coerced,'20/06/2026' parsed as %d/%m/%Y
visit-log.csv,2562,V02561,Remarks,blank,Outcome not logged
visit-log.csv,2563,V02562,Visit Date,coerced,'13/07/2026' parsed as %d/%m/%Y
visit-log.csv,2565,V02564,Visit Date,coerced,'02/07/2026' parsed as %d/%m/%Y
visit-log.csv,2565,V02564,Remarks,blank,Outcome not logged
visit-log.csv,2566,V02565,Visit Date,coerced,'01/07/2026' parsed as %d/%m/%Y
visit-log.csv,2567,V02566,Visit Date,coerced,'08/07/2026' parsed as %d/%m/%Y
visit-log.csv,2567,V02566,Duration (mins),blank,Duration not recorded
visit-log.csv,2567,V02566,Purpose,blank,Purpose not logged
visit-log.csv,2568,V02567,Visit Date,coerced,'15/06/2026' parsed as %d/%m/%Y
visit-log.csv,2569,V02568,Visit Date,coerced,'10/06/2026' parsed as %d/%m/%Y
visit-log.csv,2570,V02569,Visit Date,coerced,'12/05/2026' parsed as %d/%m/%Y
visit-log.csv,2570,V02569,Purpose,coerced,'routine' -> Routine visit
visit-log.csv,2571,V02570,Visit Date,coerced,'18/07/2026' parsed as %d/%m/%Y
visit-log.csv,2571,V02570,Duration (mins),blank,Duration not recorded
visit-log.csv,2572,V02571,Visit Date,coerced,'25/06/2026' parsed as %d/%m/%Y
visit-log.csv,2572,V02571,Duration (mins),blank,Duration not recorded
visit-log.csv,2573,V02572,Visit Date,coerced,'25/07/2026' parsed as %d/%m/%Y
visit-log.csv,2574,V02573,Visit Date,coerced,'05/06/2026' parsed as %d/%m/%Y
visit-log.csv,2574,V02573,Purpose,blank,Purpose not logged
visit-log.csv,2574,V02573,Remarks,blank,Outcome not logged
visit-log.csv,2575,V02574,Visit Date,coerced,'04/06/2026' parsed as %d/%m/%Y
visit-log.csv,2575,V02574,Duration (mins),blank,Duration not recorded
visit-log.csv,2575,V02574,Purpose,coerced,'routine' -> Routine visit
visit-log.csv,2576,V02575,Visit Date,coerced,'23/05/2026' parsed as %d/%m/%Y
visit-log.csv,2577,V02576,Visit Date,coerced,'13/06/2026' parsed as %d/%m/%Y
visit-log.csv,2578,V02577,Visit Date,coerced,'19/06/2026' parsed as %d/%m/%Y
visit-log.csv,2578,V02577,Duration (mins),blank,Duration not recorded
visit-log.csv,2579,V02578,Visit Date,coerced,'20/07/2026' parsed as %d/%m/%Y
visit-log.csv,2580,V02579,Visit Date,coerced,'04/06/2026' parsed as %d/%m/%Y
visit-log.csv,2581,V02580,Visit Date,coerced,'05/05/2026' parsed as %d/%m/%Y
visit-log.csv,2582,V02581,Visit Date,coerced,'15/07/2026' parsed as %d/%m/%Y
visit-log.csv,2582,V02581,Purpose,coerced,'routine' -> Routine visit
visit-log.csv,2583,V02582,Visit Date,coerced,'19/06/2026' parsed as %d/%m/%Y
visit-log.csv,2583,V02582,Purpose,coerced,'followup' -> Follow up
visit-log.csv,2584,V02583,Remarks,blank,Outcome not logged
visit-log.csv,2585,V02584,Visit Date,coerced,'21/06/2026' parsed as %d/%m/%Y
visit-log.csv,2585,V02584,Purpose,blank,Purpose not logged
visit-log.csv,2585,V02584,Remarks,blank,Outcome not logged
visit-log.csv,2586,V02585,Visit Date,coerced,'25/07/2026' parsed as %d/%m/%Y
visit-log.csv,2587,V02586,Visit Date,coerced,'20/07/2026' parsed as %d/%m/%Y
visit-log.csv,2587,V02586,Purpose,blank,Purpose not logged
visit-log.csv,2587,V02586,Remarks,blank,Outcome not logged
visit-log.csv,2588,V02587,Visit Date,coerced,'29/07/2026' parsed as %d/%m/%Y
visit-log.csv,2589,V02588,Visit Date,coerced,'25/06/2026' parsed as %d/%m/%Y
visit-log.csv,2589,V02588,Duration (mins),blank,Duration not recorded
visit-log.csv,2590,V02589,Visit Date,coerced,'07/07/2026' parsed as %d/%m/%Y
visit-log.csv,2590,V02589,Purpose,blank,Purpose not logged
visit-log.csv,2591,V02590,Visit Date,coerced,'06/05/2026' parsed as %d/%m/%Y
visit-log.csv,2591,V02590,Duration (mins),blank,Duration not recorded
visit-log.csv,2592,V02591,Visit Date,coerced,'02/05/2026' parsed as %d/%m/%Y
visit-log.csv,2593,V02592,Visit Date,coerced,'12/06/2026' parsed as %d/%m/%Y
visit-log.csv,2595,V02594,Visit Date,coerced,'14/05/2026' parsed as %d/%m/%Y
visit-log.csv,2596,V02595,Visit Date,coerced,'27/05/2026' parsed as %d/%m/%Y
visit-log.csv,2597,V02596,Visit Date,coerced,'25/05/2026' parsed as %d/%m/%Y
visit-log.csv,2597,V02596,Duration (mins),blank,Duration not recorded
visit-log.csv,2598,V02597,Purpose,coerced,'routine' -> Routine visit
visit-log.csv,2598,V02597,Remarks,blank,Outcome not logged
visit-log.csv,2599,V02598,Purpose,coerced,'followup' -> Follow up
visit-log.csv,2599,V02598,Remarks,blank,Outcome not logged
visit-log.csv,2600,V02599,Visit Date,coerced,'11/07/2026' parsed as %d/%m/%Y
visit-log.csv,2601,V02600,Visit Date,coerced,'17/06/2026' parsed as %d/%m/%Y
visit-log.csv,2601,V02600,Remarks,blank,Outcome not logged
visit-log.csv,2602,V02601,Visit Date,coerced,'23/06/2026' parsed as %d/%m/%Y
visit-log.csv,2602,V02601,Remarks,blank,Outcome not logged
visit-log.csv,2603,V02602,Visit Date,coerced,'16/06/2026' parsed as %d/%m/%Y
visit-log.csv,2603,V02602,Duration (mins),blank,Duration not recorded
visit-log.csv,2603,V02602,Purpose,coerced,'routine' -> Routine visit
visit-log.csv,2603,V02602,Remarks,blank,Outcome not logged
visit-log.csv,2604,V02603,Visit Date,coerced,'28/07/2026' parsed as %d/%m/%Y
visit-log.csv,2605,V02604,Visit Date,coerced,'13/05/2026' parsed as %d/%m/%Y
visit-log.csv,2605,V02604,Remarks,blank,Outcome not logged
visit-log.csv,2606,V02605,Visit Date,coerced,'06/06/2026' parsed as %d/%m/%Y
visit-log.csv,2607,V02606,Visit Date,coerced,'22/06/2026' parsed as %d/%m/%Y
visit-log.csv,2608,V02607,Visit Date,coerced,'08/06/2026' parsed as %d/%m/%Y
visit-log.csv,2608,V02607,Remarks,blank,Outcome not logged
visit-log.csv,2609,V02608,Visit Date,coerced,'08/07/2026' parsed as %d/%m/%Y
visit-log.csv,2610,V02609,Remarks,blank,Outcome not logged
visit-log.csv,2611,V02610,Visit Date,coerced,'20/05/2026' parsed as %d/%m/%Y
visit-log.csv,2612,V02611,Visit Date,coerced,'17/06/2026' parsed as %d/%m/%Y
visit-log.csv,2612,V02611,Duration (mins),blank,Duration not recorded
visit-log.csv,2613,V02612,Visit Date,coerced,'07/07/2026' parsed as %d/%m/%Y
visit-log.csv,2614,V02613,Visit Date,coerced,'02/07/2026' parsed as %d/%m/%Y
visit-log.csv,2614,V02613,Duration (mins),blank,Duration not recorded
visit-log.csv,2614,V02613,Remarks,blank,Outcome not logged
visit-log.csv,2615,V02614,Visit Date,coerced,'02/05/2026' parsed as %d/%m/%Y
visit-log.csv,2615,V02614,Remarks,blank,Outcome not logged
visit-log.csv,2616,V02615,Visit Date,coerced,'06/06/2026' parsed as %d/%m/%Y
visit-log.csv,2616,V02615,Duration (mins),blank,Duration not recorded
visit-log.csv,2616,V02615,Remarks,blank,Outcome not logged
visit-log.csv,2617,V02616,Remarks,blank,Outcome not logged
visit-log.csv,2618,V02617,Visit Date,coerced,'07/07/2026' parsed as %d/%m/%Y
visit-log.csv,2619,V02618,Duration (mins),blank,Duration not recorded
visit-log.csv,2620,V02619,Visit Date,coerced,'10/05/2026' parsed as %d/%m/%Y
visit-log.csv,2621,V02620,Visit Date,coerced,'29/07/2026' parsed as %d/%m/%Y
visit-log.csv,2621,V02620,Purpose,blank,Purpose not logged
visit-log.csv,2621,V02620,Remarks,blank,Outcome not logged
visit-log.csv,2622,V02621,Visit Date,coerced,'11/06/2026' parsed as %d/%m/%Y
visit-log.csv,2622,V02621,Purpose,blank,Purpose not logged
visit-log.csv,2622,V02621,Remarks,blank,Outcome not logged
visit-log.csv,2623,V02622,Visit Date,coerced,'12/05/2026' parsed as %d/%m/%Y
visit-log.csv,2623,V02622,Remarks,blank,Outcome not logged
visit-log.csv,2624,V02623,Remarks,blank,Outcome not logged
visit-log.csv,2625,V02624,Visit Date,coerced,'04/05/2026' parsed as %d/%m/%Y
visit-log.csv,2625,V02624,Purpose,blank,Purpose not logged
visit-log.csv,2625,V02624,Remarks,blank,Outcome not logged
visit-log.csv,2626,V02625,Visit Date,coerced,'20/07/2026' parsed as %d/%m/%Y
visit-log.csv,2626,V02625,Purpose,coerced,'routine' -> Routine visit
visit-log.csv,2626,V02625,Remarks,blank,Outcome not logged
visit-log.csv,2627,V02626,Visit Date,coerced,'25/05/2026' parsed as %d/%m/%Y
visit-log.csv,2627,V02626,Purpose,coerced,'routine' -> Routine visit
visit-log.csv,2628,V02627,Visit Date,coerced,'09/05/2026' parsed as %d/%m/%Y
visit-log.csv,2628,V02627,Remarks,blank,Outcome not logged
visit-log.csv,2629,V02628,Visit Date,coerced,'22/06/2026' parsed as %d/%m/%Y
visit-log.csv,2629,V02628,Purpose,blank,Purpose not logged
visit-log.csv,2630,V02629,Visit Date,coerced,'01/05/2026' parsed as %d/%m/%Y
visit-log.csv,2630,V02629,Remarks,blank,Outcome not logged
visit-log.csv,2632,V02631,Visit Date,coerced,'05/06/2026' parsed as %d/%m/%Y
visit-log.csv,2632,V02631,Remarks,blank,Outcome not logged
visit-log.csv,2633,V02632,Visit Date,coerced,'09/05/2026' parsed as %d/%m/%Y
visit-log.csv,2633,V02632,Purpose,coerced,'routine' -> Routine visit
visit-log.csv,2634,V02633,Visit Date,coerced,'22/06/2026' parsed as %d/%m/%Y
visit-log.csv,2634,V02633,Duration (mins),blank,Duration not recorded
visit-log.csv,2635,V02634,Visit Date,coerced,'09/05/2026' parsed as %d/%m/%Y
visit-log.csv,2635,V02634,Duration (mins),blank,Duration not recorded
visit-log.csv,2635,V02634,Purpose,coerced,'followup' -> Follow up
visit-log.csv,2636,V02635,Visit Date,coerced,'06/06/2026' parsed as %d/%m/%Y
visit-log.csv,2638,V02637,Visit Date,coerced,'05/05/2026' parsed as %d/%m/%Y
visit-log.csv,2638,V02637,Purpose,coerced,'followup' -> Follow up
visit-log.csv,2640,V02639,Visit Date,coerced,'27/05/2026' parsed as %d/%m/%Y
visit-log.csv,2640,V02639,Purpose,coerced,'followup' -> Follow up
visit-log.csv,2640,V02639,Remarks,blank,Outcome not logged
visit-log.csv,2641,V02640,Visit Date,coerced,'22/06/2026' parsed as %d/%m/%Y
visit-log.csv,2643,V02642,Visit Date,coerced,'09/06/2026' parsed as %d/%m/%Y
visit-log.csv,2643,V02642,Remarks,blank,Outcome not logged
visit-log.csv,2644,V02643,Visit Date,coerced,'10/07/2026' parsed as %d/%m/%Y
visit-log.csv,2644,V02643,Purpose,coerced,'followup' -> Follow up
visit-log.csv,2645,V02644,Visit Date,coerced,'27/07/2026' parsed as %d/%m/%Y
visit-log.csv,2646,V02645,Visit Date,coerced,'15/05/2026' parsed as %d/%m/%Y
visit-log.csv,2646,V02645,Remarks,blank,Outcome not logged
visit-log.csv,2647,V02646,Visit Date,coerced,'13/05/2026' parsed as %d/%m/%Y
visit-log.csv,2647,V02646,Purpose,coerced,'routine' -> Routine visit
visit-log.csv,2647,V02646,Remarks,blank,Outcome not logged
visit-log.csv,2649,V02648,Visit Date,coerced,'11/06/2026' parsed as %d/%m/%Y
visit-log.csv,2649,V02648,Remarks,blank,Outcome not logged
visit-log.csv,2650,V02649,Remarks,blank,Outcome not logged
visit-log.csv,2651,V02650,Visit Date,coerced,'02/07/2026' parsed as %d/%m/%Y
visit-log.csv,2651,V02650,Purpose,blank,Purpose not logged
visit-log.csv,2651,V02650,Remarks,blank,Outcome not logged
visit-log.csv,2652,V02651,Visit Date,coerced,'17/06/2026' parsed as %d/%m/%Y
visit-log.csv,2652,V02651,Purpose,coerced,'routine' -> Routine visit
visit-log.csv,2652,V02651,Remarks,blank,Outcome not logged
visit-log.csv,2653,V02652,Visit Date,coerced,'19/06/2026' parsed as %d/%m/%Y
visit-log.csv,2653,V02652,Remarks,blank,Outcome not logged
visit-log.csv,2654,V02653,Visit Date,coerced,'02/07/2026' parsed as %d/%m/%Y
visit-log.csv,2656,V02655,Visit Date,coerced,'22/05/2026' parsed as %d/%m/%Y
visit-log.csv,2657,V02656,Visit Date,coerced,'11/07/2026' parsed as %d/%m/%Y
visit-log.csv,2657,V02656,Duration (mins),blank,Duration not recorded
visit-log.csv,2657,V02656,Remarks,blank,Outcome not logged
visit-log.csv,2658,V02657,Visit Date,coerced,'06/07/2026' parsed as %d/%m/%Y
visit-log.csv,2658,V02657,Purpose,blank,Purpose not logged
visit-log.csv,2659,V02658,Visit Date,coerced,'30/06/2026' parsed as %d/%m/%Y
visit-log.csv,2659,V02658,Remarks,blank,Outcome not logged
visit-log.csv,2660,V02659,Visit Date,coerced,'23/07/2026' parsed as %d/%m/%Y
visit-log.csv,2660,V02659,Remarks,blank,Outcome not logged
visit-log.csv,2661,V02660,Visit Date,coerced,'17/07/2026' parsed as %d/%m/%Y
visit-log.csv,2662,V02661,Remarks,blank,Outcome not logged
visit-log.csv,2664,V02663,Purpose,blank,Purpose not logged
visit-log.csv,2665,V02664,Visit Date,coerced,'01/06/2026' parsed as %d/%m/%Y
visit-log.csv,2665,V02664,Purpose,coerced,'routine' -> Routine visit
visit-log.csv,2665,V02664,Remarks,blank,Outcome not logged
visit-log.csv,2666,V02665,Visit Date,coerced,'23/07/2026' parsed as %d/%m/%Y
visit-log.csv,2666,V02665,Remarks,blank,Outcome not logged
visit-log.csv,2667,V02666,Visit Date,coerced,'20/05/2026' parsed as %d/%m/%Y
visit-log.csv,2667,V02666,Remarks,blank,Outcome not logged
visit-log.csv,2668,V02667,Visit Date,coerced,'04/06/2026' parsed as %d/%m/%Y
visit-log.csv,2669,V02668,Visit Date,coerced,'29/06/2026' parsed as %d/%m/%Y
visit-log.csv,2670,V02669,Visit Date,coerced,'31/05/2026' parsed as %d/%m/%Y
visit-log.csv,2671,V02670,Visit Date,coerced,'05/05/2026' parsed as %d/%m/%Y
visit-log.csv,2672,V02671,Visit Date,coerced,'10/05/2026' parsed as %d/%m/%Y
visit-log.csv,2673,V02672,Visit Date,coerced,'10/05/2026' parsed as %d/%m/%Y
visit-log.csv,2673,V02672,Remarks,blank,Outcome not logged
visit-log.csv,2674,V02673,Visit Date,coerced,'06/05/2026' parsed as %d/%m/%Y
visit-log.csv,2674,V02673,Purpose,coerced,'routine' -> Routine visit
visit-log.csv,2674,V02673,Remarks,blank,Outcome not logged
visit-log.csv,2675,V02674,Visit Date,coerced,'18/07/2026' parsed as %d/%m/%Y
visit-log.csv,2675,V02674,Duration (mins),blank,Duration not recorded
visit-log.csv,2675,V02674,Remarks,blank,Outcome not logged
visit-log.csv,2676,V02675,Visit Date,coerced,'09/05/2026' parsed as %d/%m/%Y
visit-log.csv,2676,V02675,Duration (mins),blank,Duration not recorded
visit-log.csv,2677,V02676,Purpose,coerced,'followup' -> Follow up
visit-log.csv,2677,V02676,Remarks,blank,Outcome not logged
visit-log.csv,2678,V02677,Visit Date,coerced,'18/05/2026' parsed as %d/%m/%Y
visit-log.csv,2678,V02677,Remarks,blank,Outcome not logged
visit-log.csv,2680,V02679,Visit Date,coerced,'09/05/2026' parsed as %d/%m/%Y
visit-log.csv,2681,V02680,Visit Date,coerced,'10/07/2026' parsed as %d/%m/%Y
visit-log.csv,2682,V02681,Visit Date,coerced,'02/05/2026' parsed as %d/%m/%Y
visit-log.csv,2682,V02681,Remarks,blank,Outcome not logged
visit-log.csv,2683,V02682,Visit Date,coerced,'10/07/2026' parsed as %d/%m/%Y
visit-log.csv,2683,V02682,Duration (mins),blank,Duration not recorded
visit-log.csv,2683,V02682,Purpose,coerced,'routine' -> Routine visit
visit-log.csv,2683,V02682,Remarks,blank,Outcome not logged
visit-log.csv,2684,V02683,Visit Date,coerced,'19/06/2026' parsed as %d/%m/%Y
visit-log.csv,2684,V02683,Remarks,blank,Outcome not logged
visit-log.csv,2685,V02684,Visit Date,coerced,'30/05/2026' parsed as %d/%m/%Y
visit-log.csv,2685,V02684,Duration (mins),blank,Duration not recorded
visit-log.csv,2685,V02684,Remarks,blank,Outcome not logged
visit-log.csv,2687,V02686,Remarks,blank,Outcome not logged
visit-log.csv,2689,V02688,Duration (mins),blank,Duration not recorded
visit-log.csv,2690,V02689,Visit Date,coerced,'08/05/2026' parsed as %d/%m/%Y
visit-log.csv,2691,V02690,Visit Date,coerced,'06/06/2026' parsed as %d/%m/%Y
visit-log.csv,2691,V02690,Purpose,blank,Purpose not logged
visit-log.csv,2691,V02690,Remarks,blank,Outcome not logged
visit-log.csv,2692,V02691,Visit Date,coerced,'03/07/2026' parsed as %d/%m/%Y
visit-log.csv,2693,V02692,Purpose,blank,Purpose not logged
visit-log.csv,2694,V02693,Visit Date,coerced,'28/05/2026' parsed as %d/%m/%Y
visit-log.csv,2695,V02694,Duration (mins),blank,Duration not recorded
visit-log.csv,2695,V02694,Remarks,blank,Outcome not logged
visit-log.csv,2696,V02695,Visit Date,coerced,'18/06/2026' parsed as %d/%m/%Y
visit-log.csv,2696,V02695,Purpose,coerced,'routine' -> Routine visit
visit-log.csv,2696,V02695,Remarks,blank,Outcome not logged
visit-log.csv,2697,V02696,Visit Date,coerced,'27/05/2026' parsed as %d/%m/%Y
visit-log.csv,2698,V02697,Visit Date,coerced,'07/05/2026' parsed as %d/%m/%Y
visit-log.csv,2698,V02697,Remarks,blank,Outcome not logged
visit-log.csv,2699,V02698,Visit Date,coerced,'04/07/2026' parsed as %d/%m/%Y
visit-log.csv,2699,V02698,Purpose,coerced,'routine' -> Routine visit
visit-log.csv,2700,V02699,Visit Date,coerced,'13/06/2026' parsed as %d/%m/%Y
visit-log.csv,2700,V02699,Remarks,blank,Outcome not logged
visit-log.csv,2701,V02700,Visit Date,coerced,'09/06/2026' parsed as %d/%m/%Y
visit-log.csv,2701,V02700,Purpose,coerced,'followup' -> Follow up
visit-log.csv,2702,V02701,Visit Date,coerced,'20/07/2026' parsed as %d/%m/%Y
visit-log.csv,2703,V02702,Visit Date,coerced,'16/05/2026' parsed as %d/%m/%Y
visit-log.csv,2704,V02703,Visit Date,coerced,'11/06/2026' parsed as %d/%m/%Y
visit-log.csv,2706,V02705,Visit Date,coerced,'29/07/2026' parsed as %d/%m/%Y
visit-log.csv,2707,V02706,Visit Date,coerced,'27/06/2026' parsed as %d/%m/%Y
visit-log.csv,2708,V02707,Visit Date,coerced,'01/06/2026' parsed as %d/%m/%Y
visit-log.csv,2708,V02707,Purpose,coerced,'followup' -> Follow up
visit-log.csv,2709,V02708,Visit Date,coerced,'29/06/2026' parsed as %d/%m/%Y
visit-log.csv,2709,V02708,Remarks,blank,Outcome not logged
visit-log.csv,2710,V02709,Visit Date,coerced,'09/07/2026' parsed as %d/%m/%Y
visit-log.csv,2711,V02710,Purpose,coerced,'followup' -> Follow up
visit-log.csv,2711,V02710,Remarks,blank,Outcome not logged
visit-log.csv,2712,V02711,Visit Date,coerced,'18/07/2026' parsed as %d/%m/%Y
visit-log.csv,2714,V02713,Visit Date,coerced,'04/05/2026' parsed as %d/%m/%Y
visit-log.csv,2715,V02714,Visit Date,coerced,'20/05/2026' parsed as %d/%m/%Y
visit-log.csv,2716,V02715,Visit Date,coerced,'18/06/2026' parsed as %d/%m/%Y
visit-log.csv,2717,V02716,Visit Date,coerced,'30/05/2026' parsed as %d/%m/%Y
visit-log.csv,2717,V02716,Remarks,blank,Outcome not logged
visit-log.csv,2718,V02717,Visit Date,coerced,'17/05/2026' parsed as %d/%m/%Y
visit-log.csv,2719,V02718,Visit Date,coerced,'17/07/2026' parsed as %d/%m/%Y
visit-log.csv,2720,V02719,Purpose,coerced,'followup' -> Follow up
visit-log.csv,2720,V02719,Remarks,blank,Outcome not logged
visit-log.csv,2722,V02721,Visit Date,coerced,'06/06/2026' parsed as %d/%m/%Y
visit-log.csv,2722,V02721,Purpose,coerced,'routine' -> Routine visit
visit-log.csv,2722,V02721,Remarks,blank,Outcome not logged
visit-log.csv,2723,V02722,Visit Date,coerced,'13/05/2026' parsed as %d/%m/%Y
visit-log.csv,2723,V02722,Remarks,blank,Outcome not logged
visit-log.csv,2725,V02724,Duration (mins),blank,Duration not recorded
visit-log.csv,2725,V02724,Purpose,coerced,'followup' -> Follow up
visit-log.csv,2726,V02725,Visit Date,coerced,'24/07/2026' parsed as %d/%m/%Y
visit-log.csv,2726,V02725,Purpose,coerced,'routine' -> Routine visit
visit-log.csv,2727,V02726,Visit Date,coerced,'30/07/2026' parsed as %d/%m/%Y
visit-log.csv,2728,V02727,Visit Date,coerced,'13/06/2026' parsed as %d/%m/%Y
visit-log.csv,2728,V02727,Purpose,blank,Purpose not logged
visit-log.csv,2728,V02727,Remarks,blank,Outcome not logged
visit-log.csv,2729,V02728,Visit Date,coerced,'28/05/2026' parsed as %d/%m/%Y
visit-log.csv,2730,V02729,Purpose,coerced,'routine' -> Routine visit
visit-log.csv,2730,V02729,Remarks,blank,Outcome not logged
visit-log.csv,2731,V02730,Purpose,coerced,'followup' -> Follow up
visit-log.csv,2731,V02730,Remarks,blank,Outcome not logged
visit-log.csv,2732,V02731,Visit Date,coerced,'29/07/2026' parsed as %d/%m/%Y
visit-log.csv,2732,V02731,Duration (mins),blank,Duration not recorded
visit-log.csv,2733,V02732,Visit Date,coerced,'08/05/2026' parsed as %d/%m/%Y
visit-log.csv,2734,V02733,Purpose,coerced,'routine' -> Routine visit
visit-log.csv,2735,V02734,Visit Date,coerced,'08/05/2026' parsed as %d/%m/%Y
visit-log.csv,2736,V02735,Visit Date,coerced,'29/06/2026' parsed as %d/%m/%Y
visit-log.csv,2736,V02735,Purpose,coerced,'followup' -> Follow up
visit-log.csv,2737,V02736,Remarks,blank,Outcome not logged
visit-log.csv,2738,V02737,Visit Date,coerced,'06/05/2026' parsed as %d/%m/%Y
visit-log.csv,2738,V02737,Remarks,blank,Outcome not logged
visit-log.csv,2739,V02738,Visit Date,coerced,'29/07/2026' parsed as %d/%m/%Y
visit-log.csv,2740,V02739,Purpose,blank,Purpose not logged
visit-log.csv,2741,V02740,Visit Date,coerced,'16/05/2026' parsed as %d/%m/%Y
visit-log.csv,2742,V02741,Visit Date,coerced,'30/05/2026' parsed as %d/%m/%Y
visit-log.csv,2743,V02742,Remarks,blank,Outcome not logged
visit-log.csv,2744,V02743,Visit Date,coerced,'17/07/2026' parsed as %d/%m/%Y
visit-log.csv,2744,V02743,Remarks,blank,Outcome not logged
visit-log.csv,2745,V02744,Duration (mins),blank,Duration not recorded
visit-log.csv,2745,V02744,Purpose,coerced,'routine' -> Routine visit
visit-log.csv,2746,V02745,Duration (mins),blank,Duration not recorded
visit-log.csv,2746,V02745,Remarks,blank,Outcome not logged
visit-log.csv,2747,V02746,Visit Date,coerced,'23/07/2026' parsed as %d/%m/%Y
visit-log.csv,2748,V02747,Visit Date,coerced,'23/07/2026' parsed as %d/%m/%Y
visit-log.csv,2749,V02748,Visit Date,coerced,'18/07/2026' parsed as %d/%m/%Y
visit-log.csv,2749,V02748,Duration (mins),blank,Duration not recorded
visit-log.csv,2750,V02749,Visit Date,coerced,'01/06/2026' parsed as %d/%m/%Y
visit-log.csv,2750,V02749,Remarks,blank,Outcome not logged
visit-log.csv,2751,V02750,Visit Date,coerced,'07/05/2026' parsed as %d/%m/%Y
visit-log.csv,2751,V02750,Purpose,coerced,'routine' -> Routine visit
visit-log.csv,2752,V02751,Visit Date,coerced,'19/05/2026' parsed as %d/%m/%Y
visit-log.csv,2753,V02752,Duration (mins),blank,Duration not recorded
visit-log.csv,2753,V02752,Remarks,blank,Outcome not logged
visit-log.csv,2754,V02753,Visit Date,coerced,'04/06/2026' parsed as %d/%m/%Y
visit-log.csv,2754,V02753,Purpose,blank,Purpose not logged
visit-log.csv,2754,V02753,Remarks,blank,Outcome not logged
visit-log.csv,2755,V02754,Visit Date,coerced,'14/05/2026' parsed as %d/%m/%Y
visit-log.csv,2756,V02755,Visit Date,coerced,'05/06/2026' parsed as %d/%m/%Y
visit-log.csv,2758,V02757,Duration (mins),blank,Duration not recorded
visit-log.csv,2758,V02757,Purpose,coerced,'followup' -> Follow up
visit-log.csv,2758,V02757,Remarks,blank,Outcome not logged
visit-log.csv,2759,V02758,Visit Date,coerced,'13/05/2026' parsed as %d/%m/%Y
visit-log.csv,2759,V02758,Remarks,blank,Outcome not logged
visit-log.csv,2761,V02760,Visit Date,coerced,'05/05/2026' parsed as %d/%m/%Y
visit-log.csv,2762,V02761,Remarks,blank,Outcome not logged
visit-log.csv,2763,V02762,Purpose,coerced,'followup' -> Follow up
visit-log.csv,2763,V02762,Remarks,blank,Outcome not logged
visit-log.csv,2767,V02766,Visit Date,coerced,'25/07/2026' parsed as %d/%m/%Y
visit-log.csv,2767,V02766,Duration (mins),blank,Duration not recorded
visit-log.csv,2767,V02766,Purpose,coerced,'followup' -> Follow up
visit-log.csv,2768,V02767,Remarks,blank,Outcome not logged
visit-log.csv,2769,V02768,Visit Date,coerced,'12/05/2026' parsed as %d/%m/%Y
visit-log.csv,2769,V02768,Duration (mins),blank,Duration not recorded
visit-log.csv,2769,V02768,Purpose,blank,Purpose not logged
visit-log.csv,2769,V02768,Remarks,blank,Outcome not logged
visit-log.csv,2770,V02769,Visit Date,coerced,'03/06/2026' parsed as %d/%m/%Y
visit-log.csv,2770,V02769,Purpose,coerced,'routine' -> Routine visit
visit-log.csv,2771,V02770,Visit Date,coerced,'20/06/2026' parsed as %d/%m/%Y
visit-log.csv,2771,V02770,Purpose,coerced,'followup' -> Follow up
visit-log.csv,2771,V02770,Remarks,blank,Outcome not logged
visit-log.csv,2772,V02771,Visit Date,coerced,'05/06/2026' parsed as %d/%m/%Y
visit-log.csv,2773,V02772,Visit Date,coerced,'03/06/2026' parsed as %d/%m/%Y
visit-log.csv,2774,V02773,Visit Date,coerced,'13/07/2026' parsed as %d/%m/%Y
visit-log.csv,2775,V02774,Visit Date,coerced,'06/07/2026' parsed as %d/%m/%Y
visit-log.csv,2776,V02775,Visit Date,coerced,'30/07/2026' parsed as %d/%m/%Y
visit-log.csv,2776,V02775,Purpose,coerced,'routine' -> Routine visit
visit-log.csv,2777,V02776,Purpose,coerced,'routine' -> Routine visit
visit-log.csv,2778,V02777,Visit Date,coerced,'22/07/2026' parsed as %d/%m/%Y
visit-log.csv,2778,V02777,Remarks,blank,Outcome not logged
visit-log.csv,2779,V02778,Visit Date,coerced,'12/05/2026' parsed as %d/%m/%Y
visit-log.csv,2779,V02778,Duration (mins),blank,Duration not recorded
visit-log.csv,2780,V02779,Visit Date,coerced,'29/05/2026' parsed as %d/%m/%Y
visit-log.csv,2780,V02779,Purpose,coerced,'routine' -> Routine visit
visit-log.csv,2781,V02780,Visit Date,coerced,'27/05/2026' parsed as %d/%m/%Y
visit-log.csv,2782,V02781,Remarks,blank,Outcome not logged
visit-log.csv,2783,V02782,Visit Date,coerced,'26/05/2026' parsed as %d/%m/%Y
visit-log.csv,2783,V02782,Purpose,blank,Purpose not logged
visit-log.csv,2783,V02782,Remarks,blank,Outcome not logged
visit-log.csv,2784,V02783,Purpose,coerced,'followup' -> Follow up
visit-log.csv,2785,V02784,Visit Date,coerced,'23/05/2026' parsed as %d/%m/%Y
visit-log.csv,2785,V02784,Purpose,coerced,'followup' -> Follow up
visit-log.csv,2785,V02784,Remarks,blank,Outcome not logged
visit-log.csv,2786,V02785,Duration (mins),blank,Duration not recorded
visit-log.csv,2787,V02786,Purpose,coerced,'routine' -> Routine visit
visit-log.csv,2787,V02786,Remarks,blank,Outcome not logged
visit-log.csv,2790,V02789,Remarks,blank,Outcome not logged
visit-log.csv,2792,V02791,Visit Date,coerced,'22/05/2026' parsed as %d/%m/%Y
visit-log.csv,2793,V02792,Purpose,coerced,'routine' -> Routine visit
visit-log.csv,2794,V02793,Remarks,blank,Outcome not logged
visit-log.csv,2795,V02794,Visit Date,coerced,'30/05/2026' parsed as %d/%m/%Y
visit-log.csv,2795,V02794,Purpose,coerced,'routine' -> Routine visit
visit-log.csv,2795,V02794,Remarks,blank,Outcome not logged
visit-log.csv,2796,V02795,Visit Date,coerced,'26/06/2026' parsed as %d/%m/%Y
visit-log.csv,2797,V02796,Visit Date,coerced,'21/07/2026' parsed as %d/%m/%Y
visit-log.csv,2797,V02796,Remarks,blank,Outcome not logged
visit-log.csv,2798,V02797,Visit Date,coerced,'08/05/2026' parsed as %d/%m/%Y
visit-log.csv,2800,V02799,Visit Date,coerced,'19/06/2026' parsed as %d/%m/%Y
visit-log.csv,2800,V02799,Duration (mins),blank,Duration not recorded
visit-log.csv,2800,V02799,Remarks,blank,Outcome not logged
visit-log.csv,2801,V02800,Visit Date,coerced,'21/05/2026' parsed as %d/%m/%Y
visit-log.csv,2802,V02801,Visit Date,coerced,'15/07/2026' parsed as %d/%m/%Y
visit-log.csv,2802,V02801,Purpose,coerced,'routine' -> Routine visit
visit-log.csv,2804,V02803,Visit Date,coerced,'21/06/2026' parsed as %d/%m/%Y
visit-log.csv,2804,V02803,Remarks,blank,Outcome not logged
visit-log.csv,2805,V02804,Visit Date,coerced,'19/06/2026' parsed as %d/%m/%Y
visit-log.csv,2806,V02805,Purpose,blank,Purpose not logged
visit-log.csv,2807,V02806,Visit Date,coerced,'12/06/2026' parsed as %d/%m/%Y
visit-log.csv,2807,V02806,Purpose,coerced,'followup' -> Follow up
visit-log.csv,2808,V02807,Visit Date,coerced,'24/07/2026' parsed as %d/%m/%Y
visit-log.csv,2808,V02807,Purpose,blank,Purpose not logged
visit-log.csv,2809,V02808,Visit Date,coerced,'23/06/2026' parsed as %d/%m/%Y
visit-log.csv,2809,V02808,Remarks,blank,Outcome not logged
visit-log.csv,2811,V02810,Visit Date,coerced,'17/05/2026' parsed as %d/%m/%Y
visit-log.csv,2811,V02810,Purpose,coerced,'followup' -> Follow up
visit-log.csv,2812,V02811,Visit Date,coerced,'30/05/2026' parsed as %d/%m/%Y
visit-log.csv,2813,V02812,Purpose,coerced,'followup' -> Follow up
visit-log.csv,2814,V02813,Remarks,blank,Outcome not logged
visit-log.csv,2815,V02814,Visit Date,coerced,'30/06/2026' parsed as %d/%m/%Y
visit-log.csv,2816,V02815,Visit Date,coerced,'19/06/2026' parsed as %d/%m/%Y
visit-log.csv,2816,V02815,Duration (mins),blank,Duration not recorded
visit-log.csv,2817,V02816,Visit Date,coerced,'07/07/2026' parsed as %d/%m/%Y
visit-log.csv,2818,V02817,Visit Date,coerced,'07/05/2026' parsed as %d/%m/%Y
visit-log.csv,2819,V02818,Visit Date,coerced,'01/07/2026' parsed as %d/%m/%Y
visit-log.csv,2819,V02818,Purpose,coerced,'routine' -> Routine visit
visit-log.csv,2820,V02819,Visit Date,coerced,'03/06/2026' parsed as %d/%m/%Y
visit-log.csv,2820,V02819,Duration (mins),blank,Duration not recorded
visit-log.csv,2820,V02819,Purpose,coerced,'routine' -> Routine visit
visit-log.csv,2821,V02820,Visit Date,coerced,'02/05/2026' parsed as %d/%m/%Y
visit-log.csv,2823,V02822,Visit Date,coerced,'11/06/2026' parsed as %d/%m/%Y
visit-log.csv,2823,V02822,Duration (mins),blank,Duration not recorded
visit-log.csv,2824,V02823,Visit Date,coerced,'23/07/2026' parsed as %d/%m/%Y
visit-log.csv,2825,V02824,Visit Date,coerced,'05/06/2026' parsed as %d/%m/%Y
visit-log.csv,2825,V02824,Remarks,blank,Outcome not logged
visit-log.csv,2826,V02825,Remarks,blank,Outcome not logged
visit-log.csv,2827,V02826,Visit Date,coerced,'26/05/2026' parsed as %d/%m/%Y
visit-log.csv,2828,V02827,Purpose,blank,Purpose not logged
visit-log.csv,2828,V02827,Remarks,blank,Outcome not logged
visit-log.csv,2829,V02828,Visit Date,coerced,'02/07/2026' parsed as %d/%m/%Y
visit-log.csv,2829,V02828,Remarks,blank,Outcome not logged
visit-log.csv,2830,V02829,Purpose,coerced,'followup' -> Follow up
visit-log.csv,2831,V02830,Visit Date,coerced,'20/07/2026' parsed as %d/%m/%Y
visit-log.csv,2831,V02830,Duration (mins),blank,Duration not recorded
visit-log.csv,2831,V02830,Remarks,blank,Outcome not logged
visit-log.csv,2832,V02831,Remarks,blank,Outcome not logged
visit-log.csv,2833,V02832,Visit Date,coerced,'08/06/2026' parsed as %d/%m/%Y
visit-log.csv,2834,V02833,Duration (mins),blank,Duration not recorded
visit-log.csv,2834,V02833,Purpose,coerced,'routine' -> Routine visit
visit-log.csv,2834,V02833,Remarks,blank,Outcome not logged
visit-log.csv,2835,V02834,Visit Date,coerced,'23/06/2026' parsed as %d/%m/%Y
visit-log.csv,2835,V02834,Remarks,blank,Outcome not logged
visit-log.csv,2836,V02835,Visit Date,coerced,'18/07/2026' parsed as %d/%m/%Y
visit-log.csv,2837,V02836,Visit Date,coerced,'11/05/2026' parsed as %d/%m/%Y
visit-log.csv,2837,V02836,Purpose,coerced,'routine' -> Routine visit
visit-log.csv,2838,V02837,Visit Date,coerced,'29/06/2026' parsed as %d/%m/%Y
visit-log.csv,2839,V02838,Visit Date,coerced,'21/05/2026' parsed as %d/%m/%Y
visit-log.csv,2839,V02838,Remarks,blank,Outcome not logged
visit-log.csv,2840,V02839,Visit Date,coerced,'05/07/2026' parsed as %d/%m/%Y
visit-log.csv,2840,V02839,Remarks,blank,Outcome not logged
visit-log.csv,2842,V02841,Visit Date,coerced,'20/07/2026' parsed as %d/%m/%Y
visit-log.csv,2842,V02841,Purpose,blank,Purpose not logged
visit-log.csv,2842,V02841,Remarks,blank,Outcome not logged
visit-log.csv,2843,V02842,Purpose,coerced,'routine' -> Routine visit
visit-log.csv,2843,V02842,Remarks,blank,Outcome not logged
visit-log.csv,2844,V02843,Visit Date,coerced,'22/07/2026' parsed as %d/%m/%Y
visit-log.csv,2844,V02843,Remarks,blank,Outcome not logged
visit-log.csv,2845,V02844,Visit Date,coerced,'04/06/2026' parsed as %d/%m/%Y
visit-log.csv,2845,V02844,Duration (mins),blank,Duration not recorded
visit-log.csv,2846,V02845,Duration (mins),blank,Duration not recorded
visit-log.csv,2847,V02846,Visit Date,coerced,'09/06/2026' parsed as %d/%m/%Y
visit-log.csv,2847,V02846,Purpose,coerced,'followup' -> Follow up
visit-log.csv,2848,V02847,Visit Date,coerced,'17/06/2026' parsed as %d/%m/%Y
visit-log.csv,2848,V02847,Duration (mins),blank,Duration not recorded
visit-log.csv,2848,V02847,Remarks,blank,Outcome not logged
visit-log.csv,2849,V02848,Visit Date,coerced,'06/06/2026' parsed as %d/%m/%Y
visit-log.csv,2849,V02848,Purpose,coerced,'routine' -> Routine visit
visit-log.csv,2849,V02848,Remarks,blank,Outcome not logged
visit-log.csv,2851,V02850,Visit Date,coerced,'18/07/2026' parsed as %d/%m/%Y
visit-log.csv,2851,V02850,Purpose,coerced,'routine' -> Routine visit
visit-log.csv,2852,V02851,Visit Date,coerced,'21/05/2026' parsed as %d/%m/%Y
visit-log.csv,2852,V02851,Purpose,coerced,'routine' -> Routine visit
visit-log.csv,2853,V02852,Visit Date,coerced,'10/05/2026' parsed as %d/%m/%Y
visit-log.csv,2853,V02852,Remarks,blank,Outcome not logged
visit-log.csv,2854,V02853,Visit Date,coerced,'25/06/2026' parsed as %d/%m/%Y
visit-log.csv,2855,V02854,Visit Date,coerced,'29/06/2026' parsed as %d/%m/%Y
visit-log.csv,2855,V02854,Remarks,blank,Outcome not logged
visit-log.csv,2856,V02855,Purpose,coerced,'followup' -> Follow up
visit-log.csv,2856,V02855,Remarks,blank,Outcome not logged
visit-log.csv,2857,V02856,Visit Date,coerced,'21/07/2026' parsed as %d/%m/%Y
visit-log.csv,2857,V02856,Remarks,blank,Outcome not logged
visit-log.csv,2858,V02857,Purpose,coerced,'routine' -> Routine visit
visit-log.csv,2858,V02857,Remarks,blank,Outcome not logged
visit-log.csv,2859,V02858,Visit Date,coerced,'26/06/2026' parsed as %d/%m/%Y
visit-log.csv,2859,V02858,Duration (mins),blank,Duration not recorded
visit-log.csv,2860,V02859,Duration (mins),blank,Duration not recorded
visit-log.csv,2861,V02860,Visit Date,coerced,'05/05/2026' parsed as %d/%m/%Y
visit-log.csv,2861,V02860,Purpose,coerced,'followup' -> Follow up
visit-log.csv,2862,V02861,Visit Date,coerced,'19/05/2026' parsed as %d/%m/%Y
visit-log.csv,2863,V02862,Visit Date,coerced,'18/06/2026' parsed as %d/%m/%Y
visit-log.csv,2863,V02862,Duration (mins),blank,Duration not recorded
visit-log.csv,2864,V02863,Purpose,blank,Purpose not logged
visit-log.csv,2866,V02865,Visit Date,coerced,'30/05/2026' parsed as %d/%m/%Y
visit-log.csv,2866,V02865,Remarks,blank,Outcome not logged
visit-log.csv,2867,V02866,Visit Date,coerced,'30/06/2026' parsed as %d/%m/%Y
visit-log.csv,2868,V02867,Visit Date,coerced,'02/05/2026' parsed as %d/%m/%Y
visit-log.csv,2868,V02867,Duration (mins),blank,Duration not recorded
visit-log.csv,2868,V02867,Remarks,blank,Outcome not logged
visit-log.csv,2869,V02868,Visit Date,coerced,'15/06/2026' parsed as %d/%m/%Y
visit-log.csv,2869,V02868,Remarks,blank,Outcome not logged
visit-log.csv,2870,V02869,Visit Date,coerced,'26/05/2026' parsed as %d/%m/%Y
visit-log.csv,2871,V02870,Visit Date,coerced,'05/06/2026' parsed as %d/%m/%Y
visit-log.csv,2871,V02870,Purpose,blank,Purpose not logged
visit-log.csv,2872,V02871,Visit Date,coerced,'25/06/2026' parsed as %d/%m/%Y
visit-log.csv,2873,V02872,Duration (mins),blank,Duration not recorded
visit-log.csv,2873,V02872,Remarks,blank,Outcome not logged
visit-log.csv,2874,V02873,Purpose,blank,Purpose not logged
visit-log.csv,2874,V02873,Remarks,blank,Outcome not logged
visit-log.csv,2875,V02874,Visit Date,coerced,'12/06/2026' parsed as %d/%m/%Y
visit-log.csv,2875,V02874,Duration (mins),blank,Duration not recorded
visit-log.csv,2875,V02874,Remarks,blank,Outcome not logged
visit-log.csv,2876,V02875,Visit Date,coerced,'20/07/2026' parsed as %d/%m/%Y
visit-log.csv,2878,V02877,Visit Date,coerced,'27/05/2026' parsed as %d/%m/%Y
visit-log.csv,2878,V02877,Purpose,coerced,'followup' -> Follow up
visit-log.csv,2879,V02878,Visit Date,coerced,'03/06/2026' parsed as %d/%m/%Y
visit-log.csv,2880,V02879,Duration (mins),blank,Duration not recorded
visit-log.csv,2881,V02880,Visit Date,coerced,'08/07/2026' parsed as %d/%m/%Y
visit-log.csv,2881,V02880,Purpose,coerced,'routine' -> Routine visit
visit-log.csv,2882,V02881,Visit Date,coerced,'14/05/2026' parsed as %d/%m/%Y
visit-log.csv,2882,V02881,Duration (mins),blank,Duration not recorded
visit-log.csv,2882,V02881,Purpose,coerced,'routine' -> Routine visit
visit-log.csv,2882,V02881,Remarks,blank,Outcome not logged
visit-log.csv,2883,V02882,Visit Date,coerced,'11/07/2026' parsed as %d/%m/%Y
visit-log.csv,2883,V02882,Remarks,blank,Outcome not logged
visit-log.csv,2884,V02883,Visit Date,coerced,'03/07/2026' parsed as %d/%m/%Y
visit-log.csv,2884,V02883,Purpose,coerced,'routine' -> Routine visit
visit-log.csv,2885,V02884,Visit Date,coerced,'11/07/2026' parsed as %d/%m/%Y
visit-log.csv,2885,V02884,Remarks,blank,Outcome not logged
visit-log.csv,2886,V02885,Visit Date,coerced,'09/07/2026' parsed as %d/%m/%Y
visit-log.csv,2886,V02885,Remarks,blank,Outcome not logged
visit-log.csv,2887,V02886,Visit Date,coerced,'16/07/2026' parsed as %d/%m/%Y
visit-log.csv,2887,V02886,Duration (mins),blank,Duration not recorded
visit-log.csv,2887,V02886,Purpose,coerced,'routine' -> Routine visit
visit-log.csv,2888,V02887,Visit Date,coerced,'16/05/2026' parsed as %d/%m/%Y
visit-log.csv,2888,V02887,Purpose,coerced,'routine' -> Routine visit
visit-log.csv,2889,V02888,Duration (mins),blank,Duration not recorded
visit-log.csv,2889,V02888,Purpose,coerced,'followup' -> Follow up
visit-log.csv,2890,V02889,Remarks,blank,Outcome not logged
visit-log.csv,2891,V02890,Visit Date,coerced,'19/05/2026' parsed as %d/%m/%Y
visit-log.csv,2892,V02891,Visit Date,coerced,'14/07/2026' parsed as %d/%m/%Y
visit-log.csv,2893,V02892,Visit Date,coerced,'10/06/2026' parsed as %d/%m/%Y
visit-log.csv,2894,V02893,Visit Date,coerced,'05/05/2026' parsed as %d/%m/%Y
visit-log.csv,2895,V02894,Visit Date,coerced,'03/06/2026' parsed as %d/%m/%Y
visit-log.csv,2896,V02895,Visit Date,coerced,'05/06/2026' parsed as %d/%m/%Y
visit-log.csv,2898,V02897,Visit Date,coerced,'03/06/2026' parsed as %d/%m/%Y
visit-log.csv,2898,V02897,Purpose,coerced,'routine' -> Routine visit
visit-log.csv,2899,V02898,Visit Date,coerced,'25/05/2026' parsed as %d/%m/%Y
visit-log.csv,2900,V02899,Visit Date,coerced,'10/07/2026' parsed as %d/%m/%Y
visit-log.csv,2900,V02899,Purpose,coerced,'followup' -> Follow up
visit-log.csv,2900,V02899,Remarks,blank,Outcome not logged
visit-log.csv,2901,V02900,Visit Date,coerced,'17/07/2026' parsed as %d/%m/%Y
visit-log.csv,2901,V02900,Check In,blank,Check-in time not logged
visit-log.csv,2902,V02901,Visit Date,coerced,'20/06/2026' parsed as %d/%m/%Y
visit-log.csv,2902,V02901,Remarks,blank,Outcome not logged
visit-log.csv,2904,V02903,Visit Date,coerced,'03/06/2026' parsed as %d/%m/%Y
visit-log.csv,2905,V02904,Visit Date,coerced,'06/05/2026' parsed as %d/%m/%Y
visit-log.csv,2906,V02905,Visit Date,coerced,'27/05/2026' parsed as %d/%m/%Y
visit-log.csv,2906,V02905,Purpose,coerced,'followup' -> Follow up
visit-log.csv,2907,V02906,Visit Date,coerced,'03/06/2026' parsed as %d/%m/%Y
visit-log.csv,2907,V02906,Duration (mins),blank,Duration not recorded
visit-log.csv,2908,V02907,Visit Date,coerced,'27/06/2026' parsed as %d/%m/%Y
visit-log.csv,2909,V02908,Visit Date,coerced,'03/06/2026' parsed as %d/%m/%Y
visit-log.csv,2910,V02909,Visit Date,coerced,'30/06/2026' parsed as %d/%m/%Y
visit-log.csv,2910,V02909,Remarks,blank,Outcome not logged
visit-log.csv,2911,V02910,Visit Date,coerced,'22/06/2026' parsed as %d/%m/%Y
visit-log.csv,2911,V02910,Purpose,coerced,'routine' -> Routine visit
visit-log.csv,2911,V02910,Remarks,blank,Outcome not logged
visit-log.csv,2912,V02911,Purpose,coerced,'followup' -> Follow up
visit-log.csv,2913,V02912,Visit Date,coerced,'21/05/2026' parsed as %d/%m/%Y
visit-log.csv,2913,V02912,Remarks,blank,Outcome not logged
visit-log.csv,2914,V02913,Visit Date,coerced,'07/07/2026' parsed as %d/%m/%Y
visit-log.csv,2915,V02914,Visit Date,coerced,'29/05/2026' parsed as %d/%m/%Y
visit-log.csv,2915,V02914,Remarks,blank,Outcome not logged
visit-log.csv,2916,V02915,Visit Date,coerced,'11/05/2026' parsed as %d/%m/%Y
visit-log.csv,2916,V02915,Duration (mins),blank,Duration not recorded
visit-log.csv,2916,V02915,Purpose,coerced,'followup' -> Follow up
visit-log.csv,2917,V02916,Duration (mins),blank,Duration not recorded
visit-log.csv,2917,V02916,Purpose,coerced,'followup' -> Follow up
visit-log.csv,2917,V02916,Remarks,blank,Outcome not logged
visit-log.csv,2918,V02917,Visit Date,coerced,'21/07/2026' parsed as %d/%m/%Y
visit-log.csv,2919,V02918,Purpose,coerced,'followup' -> Follow up
visit-log.csv,2921,V02920,Visit Date,coerced,'06/06/2026' parsed as %d/%m/%Y
visit-log.csv,2921,V02920,Remarks,blank,Outcome not logged
visit-log.csv,2922,V02921,Visit Date,coerced,'23/06/2026' parsed as %d/%m/%Y
visit-log.csv,2924,V02923,Purpose,coerced,'routine' -> Routine visit
visit-log.csv,2925,V02924,Purpose,blank,Purpose not logged
visit-log.csv,2926,V02925,Visit Date,coerced,'30/06/2026' parsed as %d/%m/%Y
visit-log.csv,2926,V02925,Remarks,blank,Outcome not logged
visit-log.csv,2927,V02926,Visit Date,coerced,'10/07/2026' parsed as %d/%m/%Y
visit-log.csv,2927,V02926,Purpose,coerced,'routine' -> Routine visit
visit-log.csv,2927,V02926,Remarks,blank,Outcome not logged
visit-log.csv,2928,V02927,Visit Date,coerced,'09/06/2026' parsed as %d/%m/%Y
visit-log.csv,2928,V02927,Duration (mins),blank,Duration not recorded
visit-log.csv,2928,V02927,Purpose,blank,Purpose not logged
visit-log.csv,2929,V02928,Visit Date,coerced,'15/05/2026' parsed as %d/%m/%Y
visit-log.csv,2931,V02930,Visit Date,coerced,'07/07/2026' parsed as %d/%m/%Y
visit-log.csv,2932,V02931,Visit Date,coerced,'15/06/2026' parsed as %d/%m/%Y
visit-log.csv,2932,V02931,Purpose,coerced,'routine' -> Routine visit
visit-log.csv,2933,V02932,Purpose,coerced,'followup' -> Follow up
visit-log.csv,2934,V02933,Remarks,blank,Outcome not logged
visit-log.csv,2935,V02934,Visit Date,coerced,'28/07/2026' parsed as %d/%m/%Y
visit-log.csv,2936,V02935,Duration (mins),blank,Duration not recorded
visit-log.csv,2936,V02935,Remarks,blank,Outcome not logged
visit-log.csv,2937,V02936,Visit Date,coerced,'24/06/2026' parsed as %d/%m/%Y
visit-log.csv,2937,V02936,Purpose,coerced,'routine' -> Routine visit
visit-log.csv,2938,V02937,Visit Date,coerced,'15/06/2026' parsed as %d/%m/%Y
visit-log.csv,2939,V02938,Visit Date,coerced,'12/06/2026' parsed as %d/%m/%Y
visit-log.csv,2939,V02938,Purpose,coerced,'routine' -> Routine visit
visit-log.csv,2939,V02938,Remarks,blank,Outcome not logged
visit-log.csv,2940,V02939,Visit Date,coerced,'13/07/2026' parsed as %d/%m/%Y
visit-log.csv,2940,V02939,Purpose,blank,Purpose not logged
visit-log.csv,2941,V02940,Visit Date,coerced,'18/06/2026' parsed as %d/%m/%Y
visit-log.csv,2942,V02941,Visit Date,coerced,'19/06/2026' parsed as %d/%m/%Y
visit-log.csv,2942,V02941,Duration (mins),blank,Duration not recorded
visit-log.csv,2943,V02942,Remarks,blank,Outcome not logged
visit-log.csv,2944,V02943,Visit Date,coerced,'18/05/2026' parsed as %d/%m/%Y
visit-log.csv,2944,V02943,Purpose,coerced,'followup' -> Follow up
visit-log.csv,2945,V02944,Visit Date,coerced,'25/05/2026' parsed as %d/%m/%Y
visit-log.csv,2946,V02945,Purpose,coerced,'followup' -> Follow up
visit-log.csv,2946,V02945,Remarks,blank,Outcome not logged
visit-log.csv,2948,V02947,Visit Date,coerced,'07/07/2026' parsed as %d/%m/%Y
visit-log.csv,2948,V02947,Duration (mins),blank,Duration not recorded
visit-log.csv,2949,V02948,Visit Date,coerced,'26/06/2026' parsed as %d/%m/%Y
visit-log.csv,2950,V02949,Visit Date,coerced,'25/06/2026' parsed as %d/%m/%Y
visit-log.csv,2950,V02949,Purpose,coerced,'routine' -> Routine visit
visit-log.csv,2950,V02949,Remarks,blank,Outcome not logged
visit-log.csv,2951,V02950,Visit Date,coerced,'08/05/2026' parsed as %d/%m/%Y
visit-log.csv,2951,V02950,Duration (mins),blank,Duration not recorded
visit-log.csv,2951,V02950,Purpose,coerced,'routine' -> Routine visit
visit-log.csv,2952,V02951,Visit Date,coerced,'14/05/2026' parsed as %d/%m/%Y
visit-log.csv,2952,V02951,Duration (mins),blank,Duration not recorded
visit-log.csv,2952,V02951,Remarks,blank,Outcome not logged
visit-log.csv,2953,V02952,Visit Date,coerced,'02/06/2026' parsed as %d/%m/%Y
visit-log.csv,2953,V02952,Purpose,coerced,'routine' -> Routine visit
visit-log.csv,2954,V02953,Visit Date,coerced,'05/05/2026' parsed as %d/%m/%Y
visit-log.csv,2954,V02953,Remarks,blank,Outcome not logged
visit-log.csv,2955,V02954,Visit Date,coerced,'07/07/2026' parsed as %d/%m/%Y
visit-log.csv,2955,V02954,Duration (mins),blank,Duration not recorded
visit-log.csv,2956,V02955,Visit Date,coerced,'24/06/2026' parsed as %d/%m/%Y
visit-log.csv,2956,V02955,Remarks,blank,Outcome not logged
visit-log.csv,2957,V02956,Visit Date,coerced,'23/07/2026' parsed as %d/%m/%Y
visit-log.csv,2957,V02956,Purpose,coerced,'routine' -> Routine visit
visit-log.csv,2958,V02957,Visit Date,coerced,'14/05/2026' parsed as %d/%m/%Y
visit-log.csv,2959,V02958,Visit Date,coerced,'18/06/2026' parsed as %d/%m/%Y
visit-log.csv,2962,V02961,Visit Date,coerced,'23/06/2026' parsed as %d/%m/%Y
visit-log.csv,2963,V02962,Duration (mins),blank,Duration not recorded
visit-log.csv,2963,V02962,Remarks,blank,Outcome not logged
visit-log.csv,2964,V02963,Visit Date,coerced,'05/06/2026' parsed as %d/%m/%Y
visit-log.csv,2964,V02963,Remarks,blank,Outcome not logged
visit-log.csv,2965,V02964,Duration (mins),blank,Duration not recorded
visit-log.csv,2965,V02964,Remarks,blank,Outcome not logged
visit-log.csv,2966,V02965,Visit Date,coerced,'18/05/2026' parsed as %d/%m/%Y
visit-log.csv,2967,V02966,Visit Date,coerced,'12/06/2026' parsed as %d/%m/%Y
visit-log.csv,2968,V02967,Purpose,coerced,'followup' -> Follow up
visit-log.csv,2968,V02967,Remarks,blank,Outcome not logged
visit-log.csv,2969,V02968,Visit Date,coerced,'17/06/2026' parsed as %d/%m/%Y
visit-log.csv,2969,V02968,Remarks,blank,Outcome not logged
visit-log.csv,2970,V02969,Visit Date,coerced,'01/07/2026' parsed as %d/%m/%Y
visit-log.csv,2971,V02970,Visit Date,coerced,'06/06/2026' parsed as %d/%m/%Y
visit-log.csv,2971,V02970,Purpose,blank,Purpose not logged
visit-log.csv,2971,V02970,Remarks,blank,Outcome not logged
visit-log.csv,2972,V02971,Visit Date,coerced,'16/05/2026' parsed as %d/%m/%Y
visit-log.csv,2973,V02972,Remarks,blank,Outcome not logged
visit-log.csv,2974,V02973,Visit Date,coerced,'05/06/2026' parsed as %d/%m/%Y
visit-log.csv,2974,V02973,Remarks,blank,Outcome not logged
visit-log.csv,2976,V02975,Visit Date,coerced,'23/07/2026' parsed as %d/%m/%Y
visit-log.csv,2976,V02975,Remarks,blank,Outcome not logged
visit-log.csv,2977,V02976,Visit Date,coerced,'16/05/2026' parsed as %d/%m/%Y
visit-log.csv,2977,V02976,Purpose,coerced,'followup' -> Follow up
visit-log.csv,2977,V02976,Remarks,blank,Outcome not logged
visit-log.csv,2978,V02977,Remarks,blank,Outcome not logged
visit-log.csv,2979,V02978,Visit Date,coerced,'23/06/2026' parsed as %d/%m/%Y
visit-log.csv,2981,V02980,Visit Date,coerced,'12/06/2026' parsed as %d/%m/%Y
visit-log.csv,2981,V02980,Purpose,coerced,'routine' -> Routine visit
visit-log.csv,2982,V02981,Visit Date,coerced,'30/07/2026' parsed as %d/%m/%Y
visit-log.csv,2982,V02981,Remarks,blank,Outcome not logged
visit-log.csv,2984,V02983,Visit Date,coerced,'29/06/2026' parsed as %d/%m/%Y
visit-log.csv,2985,V02984,Visit Date,coerced,'11/05/2026' parsed as %d/%m/%Y
visit-log.csv,2985,V02984,Duration (mins),blank,Duration not recorded
visit-log.csv,2985,V02984,Remarks,blank,Outcome not logged
visit-log.csv,2986,V02985,Visit Date,coerced,'12/05/2026' parsed as %d/%m/%Y
visit-log.csv,2987,V02986,Remarks,blank,Outcome not logged
visit-log.csv,2988,V02987,Visit Date,coerced,'01/06/2026' parsed as %d/%m/%Y
visit-log.csv,2988,V02987,Purpose,coerced,'routine' -> Routine visit
visit-log.csv,2988,V02987,Remarks,blank,Outcome not logged
visit-log.csv,2989,V02988,Visit Date,coerced,'08/06/2026' parsed as %d/%m/%Y
visit-log.csv,2990,V02989,Visit Date,coerced,'01/07/2026' parsed as %d/%m/%Y
visit-log.csv,2991,V02990,Visit Date,coerced,'27/05/2026' parsed as %d/%m/%Y
visit-log.csv,2991,V02990,Remarks,blank,Outcome not logged
visit-log.csv,2992,V02991,Visit Date,coerced,'10/06/2026' parsed as %d/%m/%Y
visit-log.csv,2992,V02991,Remarks,blank,Outcome not logged
visit-log.csv,2993,V02992,Visit Date,coerced,'04/05/2026' parsed as %d/%m/%Y
visit-log.csv,2994,V02993,Visit Date,coerced,'04/06/2026' parsed as %d/%m/%Y
visit-log.csv,2994,V02993,Duration (mins),blank,Duration not recorded
visit-log.csv,2995,V02994,Remarks,blank,Outcome not logged
visit-log.csv,2996,V02995,Visit Date,coerced,'02/07/2026' parsed as %d/%m/%Y
visit-log.csv,2996,V02995,Remarks,blank,Outcome not logged
visit-log.csv,2997,V02996,Visit Date,coerced,'12/05/2026' parsed as %d/%m/%Y
visit-log.csv,2997,V02996,Remarks,blank,Outcome not logged
visit-log.csv,2998,V02997,Purpose,blank,Purpose not logged
visit-log.csv,2999,V02998,Purpose,blank,Purpose not logged
visit-log.csv,3001,V03000,Visit Date,coerced,'04/05/2026' parsed as %d/%m/%Y
visit-log.csv,3002,V03001,Visit Date,coerced,'25/07/2026' parsed as %d/%m/%Y
visit-log.csv,3003,V03002,Visit Date,coerced,'03/07/2026' parsed as %d/%m/%Y
visit-log.csv,3005,V03004,Visit Date,coerced,'30/07/2026' parsed as %d/%m/%Y
visit-log.csv,3006,V03005,Visit Date,coerced,'27/06/2026' parsed as %d/%m/%Y
visit-log.csv,3007,V03006,Visit Date,coerced,'16/07/2026' parsed as %d/%m/%Y
visit-log.csv,3007,V03006,Purpose,coerced,'routine' -> Routine visit
visit-log.csv,3009,V03008,Visit Date,coerced,'13/07/2026' parsed as %d/%m/%Y
visit-log.csv,3009,V03008,Remarks,blank,Outcome not logged
visit-log.csv,3010,V03009,Visit Date,coerced,'07/07/2026' parsed as %d/%m/%Y
visit-log.csv,3010,V03009,Purpose,coerced,'routine' -> Routine visit
visit-log.csv,3012,V03011,Visit Date,coerced,'14/05/2026' parsed as %d/%m/%Y
visit-log.csv,3012,V03011,Remarks,blank,Outcome not logged
visit-log.csv,3013,V03012,Visit Date,coerced,'01/05/2026' parsed as %d/%m/%Y
visit-log.csv,3013,V03012,Purpose,blank,Purpose not logged
visit-log.csv,3015,V03014,Visit Date,coerced,'09/06/2026' parsed as %d/%m/%Y
visit-log.csv,3015,V03014,Duration (mins),blank,Duration not recorded
visit-log.csv,3015,V03014,Remarks,blank,Outcome not logged
visit-log.csv,3016,V03015,Purpose,coerced,'routine' -> Routine visit
visit-log.csv,3016,V03015,Remarks,blank,Outcome not logged
visit-log.csv,3017,V03016,Remarks,blank,Outcome not logged
visit-log.csv,3018,V03017,Visit Date,coerced,'04/06/2026' parsed as %d/%m/%Y
visit-log.csv,3019,V03018,Visit Date,coerced,'27/06/2026' parsed as %d/%m/%Y
visit-log.csv,3019,V03018,Purpose,coerced,'followup' -> Follow up
visit-log.csv,3019,V03018,Remarks,blank,Outcome not logged
visit-log.csv,3020,V03019,Visit Date,coerced,'13/07/2026' parsed as %d/%m/%Y
visit-log.csv,3021,V03020,Purpose,coerced,'routine' -> Routine visit
visit-log.csv,3021,V03020,Remarks,blank,Outcome not logged
visit-log.csv,3023,V03022,Purpose,blank,Purpose not logged
visit-log.csv,3023,V03022,Remarks,blank,Outcome not logged
visit-log.csv,3025,V03024,Visit Date,coerced,'06/07/2026' parsed as %d/%m/%Y
visit-log.csv,3025,V03024,Remarks,blank,Outcome not logged
visit-log.csv,3026,V03025,Visit Date,coerced,'09/05/2026' parsed as %d/%m/%Y
visit-log.csv,3026,V03025,Duration (mins),blank,Duration not recorded
visit-log.csv,3026,V03025,Remarks,blank,Outcome not logged
visit-log.csv,3028,V03027,Visit Date,coerced,'05/07/2026' parsed as %d/%m/%Y
visit-log.csv,3028,V03027,Remarks,blank,Outcome not logged
visit-log.csv,3029,V03028,Visit Date,coerced,'30/05/2026' parsed as %d/%m/%Y
visit-log.csv,3029,V03028,Remarks,blank,Outcome not logged
visit-log.csv,3030,V03029,Duration (mins),blank,Duration not recorded
visit-log.csv,3030,V03029,Purpose,coerced,'routine' -> Routine visit
visit-log.csv,3031,V03030,Visit Date,coerced,'03/07/2026' parsed as %d/%m/%Y
visit-log.csv,3032,V03031,Visit Date,coerced,'02/05/2026' parsed as %d/%m/%Y
visit-log.csv,3032,V03031,Purpose,coerced,'followup' -> Follow up
visit-log.csv,3032,V03031,Remarks,blank,Outcome not logged
visit-log.csv,3033,V03032,Visit Date,coerced,'16/07/2026' parsed as %d/%m/%Y
visit-log.csv,3033,V03032,Remarks,blank,Outcome not logged
visit-log.csv,3034,V03033,Visit Date,coerced,'06/06/2026' parsed as %d/%m/%Y
visit-log.csv,3035,V03034,Visit Date,coerced,'23/07/2026' parsed as %d/%m/%Y
visit-log.csv,3036,V03035,Visit Date,coerced,'27/07/2026' parsed as %d/%m/%Y
visit-log.csv,3037,V03036,Visit Date,coerced,'24/06/2026' parsed as %d/%m/%Y
visit-log.csv,3038,V03037,Visit Date,coerced,'14/07/2026' parsed as %d/%m/%Y
visit-log.csv,3038,V03037,Remarks,blank,Outcome not logged
visit-log.csv,3039,V03038,Duration (mins),blank,Duration not recorded
visit-log.csv,3041,V03040,Visit Date,coerced,'15/05/2026' parsed as %d/%m/%Y
visit-log.csv,3041,V03040,Purpose,blank,Purpose not logged
visit-log.csv,3042,V03041,Purpose,coerced,'routine' -> Routine visit
visit-log.csv,3043,V03042,Visit Date,coerced,'03/06/2026' parsed as %d/%m/%Y
visit-log.csv,3044,V03043,Visit Date,coerced,'25/06/2026' parsed as %d/%m/%Y
visit-log.csv,3045,V03044,Visit Date,coerced,'25/05/2026' parsed as %d/%m/%Y
visit-log.csv,3045,V03044,Remarks,blank,Outcome not logged
visit-log.csv,3046,V03045,Remarks,blank,Outcome not logged
visit-log.csv,3047,V03046,Visit Date,coerced,'03/06/2026' parsed as %d/%m/%Y
visit-log.csv,3048,V03047,Visit Date,coerced,'18/06/2026' parsed as %d/%m/%Y
visit-log.csv,3048,V03047,Purpose,blank,Purpose not logged
visit-log.csv,3050,V03049,Visit Date,coerced,'30/05/2026' parsed as %d/%m/%Y
visit-log.csv,3050,V03049,Purpose,coerced,'followup' -> Follow up
visit-log.csv,3051,V03050,Remarks,blank,Outcome not logged
visit-log.csv,3052,V03051,Duration (mins),blank,Duration not recorded
visit-log.csv,3052,V03051,Remarks,blank,Outcome not logged
visit-log.csv,3054,V03053,Visit Date,coerced,'06/05/2026' parsed as %d/%m/%Y
visit-log.csv,3054,V03053,Remarks,blank,Outcome not logged
visit-log.csv,3056,V03055,Visit Date,coerced,'14/05/2026' parsed as %d/%m/%Y
visit-log.csv,3056,V03055,Purpose,coerced,'followup' -> Follow up
visit-log.csv,3056,V03055,Remarks,blank,Outcome not logged
visit-log.csv,3057,V03056,Visit Date,coerced,'14/05/2026' parsed as %d/%m/%Y
visit-log.csv,3057,V03056,Duration (mins),blank,Duration not recorded
visit-log.csv,3057,V03056,Purpose,blank,Purpose not logged
visit-log.csv,3057,V03056,Remarks,blank,Outcome not logged
visit-log.csv,3059,V03058,Visit Date,coerced,'10/07/2026' parsed as %d/%m/%Y
visit-log.csv,3059,V03058,Purpose,coerced,'routine' -> Routine visit
visit-log.csv,3060,V03059,Purpose,coerced,'routine' -> Routine visit
visit-log.csv,3061,V03060,Visit Date,coerced,'17/06/2026' parsed as %d/%m/%Y
visit-log.csv,3062,V03061,Remarks,blank,Outcome not logged
visit-log.csv,3063,V03062,Visit Date,coerced,'15/06/2026' parsed as %d/%m/%Y
visit-log.csv,3063,V03062,Purpose,coerced,'followup' -> Follow up
visit-log.csv,3064,V03063,Visit Date,coerced,'29/07/2026' parsed as %d/%m/%Y
visit-log.csv,3064,V03063,Remarks,blank,Outcome not logged
visit-log.csv,3065,V03064,Purpose,coerced,'followup' -> Follow up
visit-log.csv,3067,V03066,Visit Date,coerced,'10/06/2026' parsed as %d/%m/%Y
visit-log.csv,3068,V03067,Visit Date,coerced,'21/07/2026' parsed as %d/%m/%Y
visit-log.csv,3068,V03067,Purpose,coerced,'followup' -> Follow up
visit-log.csv,3069,V03068,Visit Date,coerced,'20/07/2026' parsed as %d/%m/%Y
visit-log.csv,3069,V03068,Remarks,blank,Outcome not logged
visit-log.csv,3070,V03069,Visit Date,coerced,'27/06/2026' parsed as %d/%m/%Y
visit-log.csv,3070,V03069,Purpose,coerced,'routine' -> Routine visit
visit-log.csv,3071,V03070,Visit Date,coerced,'30/06/2026' parsed as %d/%m/%Y
visit-log.csv,3072,V03071,Visit Date,coerced,'27/07/2026' parsed as %d/%m/%Y
visit-log.csv,3072,V03071,Remarks,blank,Outcome not logged
visit-log.csv,3073,V03072,Remarks,blank,Outcome not logged
visit-log.csv,3074,V03073,Visit Date,coerced,'15/05/2026' parsed as %d/%m/%Y
visit-log.csv,3074,V03073,Duration (mins),blank,Duration not recorded
visit-log.csv,3074,V03073,Purpose,coerced,'followup' -> Follow up
visit-log.csv,3074,V03073,Remarks,blank,Outcome not logged
visit-log.csv,3076,V03075,Visit Date,coerced,'14/05/2026' parsed as %d/%m/%Y
visit-log.csv,3076,V03075,Duration (mins),blank,Duration not recorded
visit-log.csv,3076,V03075,Remarks,blank,Outcome not logged
visit-log.csv,3077,V03076,Duration (mins),blank,Duration not recorded
visit-log.csv,3078,V03077,Visit Date,coerced,'10/07/2026' parsed as %d/%m/%Y
visit-log.csv,3078,V03077,Purpose,coerced,'routine' -> Routine visit
visit-log.csv,3079,V03078,Visit Date,coerced,'25/05/2026' parsed as %d/%m/%Y
visit-log.csv,3079,V03078,Remarks,blank,Outcome not logged
visit-log.csv,3080,V03079,Visit Date,coerced,'26/06/2026' parsed as %d/%m/%Y
visit-log.csv,3080,V03079,Remarks,blank,Outcome not logged
visit-log.csv,3081,V03080,Remarks,blank,Outcome not logged
visit-log.csv,3082,V03081,Visit Date,coerced,'15/07/2026' parsed as %d/%m/%Y
visit-log.csv,3082,V03081,Duration (mins),blank,Duration not recorded
visit-log.csv,3082,V03081,Purpose,coerced,'followup' -> Follow up
visit-log.csv,3082,V03081,Remarks,blank,Outcome not logged
visit-log.csv,3084,V03083,Visit Date,coerced,'05/07/2026' parsed as %d/%m/%Y
visit-log.csv,3085,V03084,Visit Date,coerced,'09/07/2026' parsed as %d/%m/%Y
visit-log.csv,3085,V03084,Duration (mins),blank,Duration not recorded
visit-log.csv,3085,V03084,Remarks,blank,Outcome not logged
visit-log.csv,3086,V03085,Visit Date,coerced,'11/05/2026' parsed as %d/%m/%Y
visit-log.csv,3086,V03085,Purpose,coerced,'followup' -> Follow up
visit-log.csv,3088,V03087,Visit Date,coerced,'27/07/2026' parsed as %d/%m/%Y
visit-log.csv,3088,V03087,Remarks,blank,Outcome not logged
visit-log.csv,3089,V03088,Visit Date,coerced,'10/07/2026' parsed as %d/%m/%Y
visit-log.csv,3089,V03088,Purpose,coerced,'routine' -> Routine visit
visit-log.csv,3090,V03089,Visit Date,coerced,'06/05/2026' parsed as %d/%m/%Y
visit-log.csv,3090,V03089,Remarks,blank,Outcome not logged
visit-log.csv,3091,V03090,Visit Date,coerced,'08/05/2026' parsed as %d/%m/%Y
visit-log.csv,3092,V03091,Visit Date,coerced,'15/06/2026' parsed as %d/%m/%Y
visit-log.csv,3093,V03092,Visit Date,coerced,'01/05/2026' parsed as %d/%m/%Y
visit-log.csv,3094,V03093,Visit Date,coerced,'03/06/2026' parsed as %d/%m/%Y
visit-log.csv,3095,V03094,Visit Date,coerced,'13/06/2026' parsed as %d/%m/%Y
visit-log.csv,3096,V03095,Visit Date,coerced,'29/07/2026' parsed as %d/%m/%Y
visit-log.csv,3096,V03095,Purpose,blank,Purpose not logged
visit-log.csv,3097,V03096,Visit Date,coerced,'19/05/2026' parsed as %d/%m/%Y
visit-log.csv,3098,V03097,Visit Date,coerced,'16/07/2026' parsed as %d/%m/%Y
visit-log.csv,3099,V03098,Visit Date,coerced,'13/05/2026' parsed as %d/%m/%Y
visit-log.csv,3099,V03098,Duration (mins),blank,Duration not recorded
visit-log.csv,3100,V03099,Visit Date,coerced,'04/06/2026' parsed as %d/%m/%Y
visit-log.csv,3100,V03099,Purpose,coerced,'routine' -> Routine visit
visit-log.csv,3101,V03100,Visit Date,coerced,'21/07/2026' parsed as %d/%m/%Y
visit-log.csv,3101,V03100,Remarks,blank,Outcome not logged
visit-log.csv,3102,V03101,Remarks,blank,Outcome not logged
visit-log.csv,3103,V03102,Visit Date,coerced,'11/06/2026' parsed as %d/%m/%Y
visit-log.csv,3103,V03102,Duration (mins),blank,Duration not recorded
visit-log.csv,3104,V03103,Visit Date,coerced,'29/05/2026' parsed as %d/%m/%Y
visit-log.csv,3104,V03103,Remarks,blank,Outcome not logged
visit-log.csv,3105,V03104,Visit Date,coerced,'09/06/2026' parsed as %d/%m/%Y
visit-log.csv,3106,V03105,Visit Date,coerced,'10/07/2026' parsed as %d/%m/%Y
visit-log.csv,3106,V03105,Purpose,coerced,'followup' -> Follow up
visit-log.csv,3106,V03105,Remarks,blank,Outcome not logged
visit-log.csv,3107,V03106,Visit Date,coerced,'22/07/2026' parsed as %d/%m/%Y
visit-log.csv,3108,V03107,Visit Date,coerced,'28/07/2026' parsed as %d/%m/%Y
visit-log.csv,3109,V03108,Visit Date,coerced,'29/05/2026' parsed as %d/%m/%Y
visit-log.csv,3109,V03108,Purpose,coerced,'routine' -> Routine visit
visit-log.csv,3109,V03108,Remarks,blank,Outcome not logged
visit-log.csv,3110,V03109,Purpose,coerced,'followup' -> Follow up
visit-log.csv,3111,V03110,Visit Date,coerced,'29/07/2026' parsed as %d/%m/%Y
visit-log.csv,3111,V03110,Remarks,blank,Outcome not logged
visit-log.csv,3112,V03111,Visit Date,coerced,'23/05/2026' parsed as %d/%m/%Y
visit-log.csv,3112,V03111,Purpose,coerced,'followup' -> Follow up
visit-log.csv,3113,V03112,Purpose,coerced,'routine' -> Routine visit
visit-log.csv,3114,V03113,Visit Date,coerced,'02/07/2026' parsed as %d/%m/%Y
visit-log.csv,3114,V03113,Purpose,coerced,'followup' -> Follow up
visit-log.csv,3114,V03113,Remarks,blank,Outcome not logged
visit-log.csv,3115,V03114,Visit Date,coerced,'13/07/2026' parsed as %d/%m/%Y
visit-log.csv,3115,V03114,Purpose,blank,Purpose not logged
visit-log.csv,3115,V03114,Remarks,blank,Outcome not logged
visit-log.csv,3116,V03115,Visit Date,coerced,'25/05/2026' parsed as %d/%m/%Y
visit-log.csv,3116,V03115,Purpose,blank,Purpose not logged
visit-log.csv,3116,V03115,Remarks,blank,Outcome not logged
visit-log.csv,3117,V03116,Visit Date,coerced,'06/05/2026' parsed as %d/%m/%Y
visit-log.csv,3117,V03116,Remarks,blank,Outcome not logged
visit-log.csv,3117,V03116,Check In,blank,Check-in time not logged
visit-log.csv,3118,V03117,Visit Date,coerced,'10/07/2026' parsed as %d/%m/%Y
visit-log.csv,3118,V03117,Purpose,coerced,'followup' -> Follow up
visit-log.csv,3119,V03118,Visit Date,coerced,'09/07/2026' parsed as %d/%m/%Y
visit-log.csv,3120,V03119,Visit Date,coerced,'30/07/2026' parsed as %d/%m/%Y
visit-log.csv,3120,V03119,Duration (mins),blank,Duration not recorded
visit-log.csv,3121,V03120,Visit Date,coerced,'18/05/2026' parsed as %d/%m/%Y
visit-log.csv,3122,V03121,Duration (mins),blank,Duration not recorded
visit-log.csv,3122,V03121,Purpose,coerced,'followup' -> Follow up
visit-log.csv,3123,V03122,Visit Date,coerced,'03/06/2026' parsed as %d/%m/%Y
visit-log.csv,3124,V03123,Visit Date,coerced,'21/05/2026' parsed as %d/%m/%Y
visit-log.csv,3125,V03124,Visit Date,coerced,'07/05/2026' parsed as %d/%m/%Y
visit-log.csv,3125,V03124,Purpose,blank,Purpose not logged
visit-log.csv,3126,V03125,Visit Date,coerced,'10/06/2026' parsed as %d/%m/%Y
visit-log.csv,3127,V03126,Visit Date,coerced,'06/06/2026' parsed as %d/%m/%Y
visit-log.csv,3128,V03127,Visit Date,coerced,'12/06/2026' parsed as %d/%m/%Y
visit-log.csv,3128,V03127,Remarks,blank,Outcome not logged
visit-log.csv,3129,V03128,Visit Date,coerced,'14/07/2026' parsed as %d/%m/%Y
visit-log.csv,3129,V03128,Purpose,coerced,'routine' -> Routine visit
visit-log.csv,3131,V03130,Visit Date,coerced,'08/05/2026' parsed as %d/%m/%Y
visit-log.csv,3131,V03130,Duration (mins),blank,Duration not recorded
visit-log.csv,3132,V03131,Purpose,coerced,'followup' -> Follow up
visit-log.csv,3133,V03132,Visit Date,coerced,'20/07/2026' parsed as %d/%m/%Y
visit-log.csv,3134,V03133,Visit Date,coerced,'17/07/2026' parsed as %d/%m/%Y
visit-log.csv,3135,V03134,Remarks,blank,Outcome not logged
visit-log.csv,3136,V03135,Visit Date,coerced,'17/07/2026' parsed as %d/%m/%Y
visit-log.csv,3137,V03136,Visit Date,coerced,'15/06/2026' parsed as %d/%m/%Y
visit-log.csv,3137,V03136,Remarks,blank,Outcome not logged
visit-log.csv,3138,V03137,Purpose,coerced,'followup' -> Follow up
visit-log.csv,3139,V03138,Visit Date,coerced,'30/06/2026' parsed as %d/%m/%Y
visit-log.csv,3139,V03138,Purpose,coerced,'followup' -> Follow up
visit-log.csv,3140,V03139,Visit Date,coerced,'10/06/2026' parsed as %d/%m/%Y
visit-log.csv,3140,V03139,Remarks,blank,Outcome not logged
visit-log.csv,3141,V03140,Visit Date,coerced,'07/05/2026' parsed as %d/%m/%Y
visit-log.csv,3142,V03141,Visit Date,coerced,'25/05/2026' parsed as %d/%m/%Y
visit-log.csv,3143,V03142,Visit Date,coerced,'19/05/2026' parsed as %d/%m/%Y
visit-log.csv,3143,V03142,Duration (mins),blank,Duration not recorded
visit-log.csv,3144,V03143,Visit Date,coerced,'03/07/2026' parsed as %d/%m/%Y
visit-log.csv,3144,V03143,Duration (mins),blank,Duration not recorded
visit-log.csv,3144,V03143,Purpose,blank,Purpose not logged
visit-log.csv,3144,V03143,Remarks,blank,Outcome not logged
visit-log.csv,3145,V03144,Visit Date,coerced,'13/07/2026' parsed as %d/%m/%Y
visit-log.csv,3146,V03145,Visit Date,coerced,'11/07/2026' parsed as %d/%m/%Y
visit-log.csv,3146,V03145,Purpose,blank,Purpose not logged
visit-log.csv,3147,V03146,Visit Date,coerced,'11/07/2026' parsed as %d/%m/%Y
visit-log.csv,3148,V03147,Visit Date,coerced,'14/07/2026' parsed as %d/%m/%Y
visit-log.csv,3149,V03148,Visit Date,coerced,'27/06/2026' parsed as %d/%m/%Y
visit-log.csv,3149,V03148,Remarks,blank,Outcome not logged
visit-log.csv,3150,V03149,Visit Date,coerced,'01/07/2026' parsed as %d/%m/%Y
visit-log.csv,3150,V03149,Purpose,coerced,'routine' -> Routine visit
visit-log.csv,3152,V03151,Visit Date,coerced,'28/05/2026' parsed as %d/%m/%Y
visit-log.csv,3153,V03152,Visit Date,coerced,'25/06/2026' parsed as %d/%m/%Y
visit-log.csv,3154,V03153,Visit Date,coerced,'15/05/2026' parsed as %d/%m/%Y
visit-log.csv,3154,V03153,Duration (mins),blank,Duration not recorded
visit-log.csv,3155,V03154,Visit Date,coerced,'16/06/2026' parsed as %d/%m/%Y
visit-log.csv,3155,V03154,Purpose,blank,Purpose not logged
visit-log.csv,3156,V03155,Duration (mins),blank,Duration not recorded
visit-log.csv,3156,V03155,Purpose,coerced,'followup' -> Follow up
visit-log.csv,3157,V03156,Visit Date,coerced,'29/05/2026' parsed as %d/%m/%Y
visit-log.csv,3157,V03156,Purpose,blank,Purpose not logged
visit-log.csv,3158,V03157,Visit Date,coerced,'01/07/2026' parsed as %d/%m/%Y
visit-log.csv,3158,V03157,Duration (mins),blank,Duration not recorded
visit-log.csv,3158,V03157,Remarks,blank,Outcome not logged
visit-log.csv,3159,V03158,Visit Date,coerced,'21/05/2026' parsed as %d/%m/%Y
visit-log.csv,3160,V03159,Purpose,coerced,'followup' -> Follow up
visit-log.csv,3161,V03160,Visit Date,coerced,'06/06/2026' parsed as %d/%m/%Y
visit-log.csv,3161,V03160,Purpose,coerced,'routine' -> Routine visit
visit-log.csv,3162,V03161,Duration (mins),blank,Duration not recorded
visit-log.csv,3165,V03164,Purpose,coerced,'followup' -> Follow up
visit-log.csv,3165,V03164,Remarks,blank,Outcome not logged
visit-log.csv,3166,V03165,Visit Date,coerced,'14/05/2026' parsed as %d/%m/%Y
visit-log.csv,3166,V03165,Purpose,coerced,'routine' -> Routine visit
visit-log.csv,3167,V03166,Visit Date,coerced,'24/07/2026' parsed as %d/%m/%Y
visit-log.csv,3168,V03167,Remarks,blank,Outcome not logged
visit-log.csv,3169,V03168,Visit Date,coerced,'13/05/2026' parsed as %d/%m/%Y
visit-log.csv,3169,V03168,Remarks,blank,Outcome not logged
visit-log.csv,3170,V03169,Visit Date,coerced,'04/07/2026' parsed as %d/%m/%Y
visit-log.csv,3171,V03170,Visit Date,coerced,'19/06/2026' parsed as %d/%m/%Y
visit-log.csv,3171,V03170,Remarks,blank,Outcome not logged
visit-log.csv,3172,V03171,Visit Date,coerced,'06/05/2026' parsed as %d/%m/%Y
visit-log.csv,3172,V03171,Duration (mins),blank,Duration not recorded
visit-log.csv,3174,V03173,Remarks,blank,Outcome not logged
visit-log.csv,3175,V03174,Visit Date,coerced,'07/05/2026' parsed as %d/%m/%Y
visit-log.csv,3176,V03175,Visit Date,coerced,'04/07/2026' parsed as %d/%m/%Y
visit-log.csv,3177,V03176,Visit Date,coerced,'25/06/2026' parsed as %d/%m/%Y
visit-log.csv,3179,V03178,Visit Date,coerced,'21/06/2026' parsed as %d/%m/%Y
visit-log.csv,3179,V03178,Duration (mins),blank,Duration not recorded
visit-log.csv,3180,V03179,Remarks,blank,Outcome not logged
visit-log.csv,3183,V03182,Visit Date,coerced,'10/05/2026' parsed as %d/%m/%Y
visit-log.csv,3183,V03182,Duration (mins),blank,Duration not recorded
visit-log.csv,3184,V03183,Visit Date,coerced,'30/06/2026' parsed as %d/%m/%Y
visit-log.csv,3184,V03183,Purpose,blank,Purpose not logged
visit-log.csv,3185,V03184,Visit Date,coerced,'27/05/2026' parsed as %d/%m/%Y
visit-log.csv,3186,V03185,Visit Date,coerced,'18/06/2026' parsed as %d/%m/%Y
visit-log.csv,3186,V03185,Duration (mins),blank,Duration not recorded
visit-log.csv,3187,V03186,Visit Date,coerced,'26/06/2026' parsed as %d/%m/%Y
visit-log.csv,3187,V03186,Purpose,coerced,'followup' -> Follow up
visit-log.csv,3187,V03186,Remarks,blank,Outcome not logged
visit-log.csv,3188,V03187,Remarks,blank,Outcome not logged
visit-log.csv,3189,V03188,Purpose,blank,Purpose not logged
visit-log.csv,3190,V03189,Visit Date,coerced,'14/05/2026' parsed as %d/%m/%Y
visit-log.csv,3190,V03189,Duration (mins),blank,Duration not recorded
visit-log.csv,3191,V03190,Purpose,coerced,'routine' -> Routine visit
visit-log.csv,3191,V03190,Remarks,blank,Outcome not logged
visit-log.csv,3192,V03191,Visit Date,coerced,'04/07/2026' parsed as %d/%m/%Y
visit-log.csv,3193,V03192,Duration (mins),blank,Duration not recorded
visit-log.csv,3193,V03192,Remarks,blank,Outcome not logged
visit-log.csv,3195,V03194,Visit Date,coerced,'20/06/2026' parsed as %d/%m/%Y
visit-log.csv,3196,V03195,Visit Date,coerced,'22/07/2026' parsed as %d/%m/%Y
visit-log.csv,3197,V03196,Visit Date,coerced,'04/05/2026' parsed as %d/%m/%Y
visit-log.csv,3197,V03196,Remarks,blank,Outcome not logged
visit-log.csv,3198,V03197,Visit Date,coerced,'20/07/2026' parsed as %d/%m/%Y
visit-log.csv,3199,V03198,Visit Date,coerced,'25/05/2026' parsed as %d/%m/%Y
visit-log.csv,3199,V03198,Remarks,blank,Outcome not logged
visit-log.csv,3200,V03199,Visit Date,coerced,'07/05/2026' parsed as %d/%m/%Y
visit-log.csv,3200,V03199,Duration (mins),blank,Duration not recorded
visit-log.csv,3200,V03199,Purpose,blank,Purpose not logged
visit-log.csv,3201,V03200,Visit Date,coerced,'21/05/2026' parsed as %d/%m/%Y
visit-log.csv,3201,V03200,Purpose,coerced,'followup' -> Follow up
visit-log.csv,3201,V03200,Remarks,blank,Outcome not logged
visit-log.csv,3202,V03201,Visit Date,coerced,'04/06/2026' parsed as %d/%m/%Y
visit-log.csv,3204,V03203,Visit Date,coerced,'09/07/2026' parsed as %d/%m/%Y
visit-log.csv,3204,V03203,Duration (mins),blank,Duration not recorded
visit-log.csv,3204,V03203,Purpose,coerced,'followup' -> Follow up
visit-log.csv,3204,V03203,Remarks,blank,Outcome not logged
visit-log.csv,3205,V03204,Visit Date,coerced,'25/07/2026' parsed as %d/%m/%Y
visit-log.csv,3205,V03204,Purpose,coerced,'routine' -> Routine visit
visit-log.csv,3206,V03205,Remarks,blank,Outcome not logged
visit-log.csv,3207,V03206,Purpose,coerced,'routine' -> Routine visit
visit-log.csv,3208,V03207,Remarks,blank,Outcome not logged
visit-log.csv,3209,V03208,Purpose,coerced,'followup' -> Follow up
visit-log.csv,3210,V03209,Visit Date,coerced,'01/06/2026' parsed as %d/%m/%Y
visit-log.csv,3210,V03209,Purpose,blank,Purpose not logged
visit-log.csv,3211,V03210,Visit Date,coerced,'06/06/2026' parsed as %d/%m/%Y
visit-log.csv,3213,V03212,Purpose,coerced,'followup' -> Follow up
visit-log.csv,3214,V03213,Visit Date,coerced,'26/06/2026' parsed as %d/%m/%Y
visit-log.csv,3214,V03213,Remarks,blank,Outcome not logged
visit-log.csv,3216,V03215,Purpose,coerced,'routine' -> Routine visit
visit-log.csv,3217,V03216,Purpose,blank,Purpose not logged
visit-log.csv,3218,V03217,Visit Date,coerced,'10/06/2026' parsed as %d/%m/%Y
visit-log.csv,3218,V03217,Purpose,coerced,'followup' -> Follow up
visit-log.csv,3219,V03218,Visit Date,coerced,'16/05/2026' parsed as %d/%m/%Y
visit-log.csv,3220,V03219,Visit Date,coerced,'06/07/2026' parsed as %d/%m/%Y
visit-log.csv,3221,V03220,Visit Date,coerced,'05/06/2026' parsed as %d/%m/%Y
visit-log.csv,3221,V03220,Purpose,coerced,'routine' -> Routine visit
visit-log.csv,3222,V03221,Visit Date,coerced,'04/07/2026' parsed as %d/%m/%Y
visit-log.csv,3223,V03222,Visit Date,coerced,'06/05/2026' parsed as %d/%m/%Y
visit-log.csv,3224,V03223,Visit Date,coerced,'29/07/2026' parsed as %d/%m/%Y
visit-log.csv,3224,V03223,Purpose,coerced,'routine' -> Routine visit
visit-log.csv,3224,V03223,Remarks,blank,Outcome not logged
visit-log.csv,3225,V03224,Purpose,coerced,'followup' -> Follow up
visit-log.csv,3226,V03225,Purpose,coerced,'routine' -> Routine visit
visit-log.csv,3227,V03226,Visit Date,coerced,'24/06/2026' parsed as %d/%m/%Y
visit-log.csv,3227,V03226,Duration (mins),blank,Duration not recorded
visit-log.csv,3227,V03226,Purpose,coerced,'followup' -> Follow up
visit-log.csv,3228,V03227,Visit Date,coerced,'15/07/2026' parsed as %d/%m/%Y
visit-log.csv,3230,V03229,Visit Date,coerced,'03/06/2026' parsed as %d/%m/%Y
visit-log.csv,3230,V03229,Remarks,blank,Outcome not logged
visit-log.csv,3231,V03230,Visit Date,coerced,'30/07/2026' parsed as %d/%m/%Y
visit-log.csv,3231,V03230,Duration (mins),blank,Duration not recorded
visit-log.csv,3231,V03230,Purpose,coerced,'routine' -> Routine visit
visit-log.csv,3232,V03231,Visit Date,coerced,'10/07/2026' parsed as %d/%m/%Y
visit-log.csv,3232,V03231,Remarks,blank,Outcome not logged
visit-log.csv,3234,V03233,Visit Date,coerced,'14/07/2026' parsed as %d/%m/%Y
visit-log.csv,3236,V03235,Visit Date,coerced,'10/06/2026' parsed as %d/%m/%Y
visit-log.csv,3237,V03236,Visit Date,coerced,'24/06/2026' parsed as %d/%m/%Y
visit-log.csv,3237,V03236,Purpose,blank,Purpose not logged
visit-log.csv,3238,V03237,Visit Date,coerced,'28/06/2026' parsed as %d/%m/%Y
visit-log.csv,3239,V03238,Visit Date,coerced,'22/06/2026' parsed as %d/%m/%Y
visit-log.csv,3240,V03239,Visit Date,coerced,'10/07/2026' parsed as %d/%m/%Y
visit-log.csv,3240,V03239,Purpose,coerced,'followup' -> Follow up
visit-log.csv,3241,V03240,Duration (mins),blank,Duration not recorded
visit-log.csv,3241,V03240,Purpose,coerced,'followup' -> Follow up
visit-log.csv,3242,V03241,Visit Date,coerced,'25/07/2026' parsed as %d/%m/%Y
visit-log.csv,3242,V03241,Purpose,coerced,'routine' -> Routine visit
visit-log.csv,3243,V03242,Visit Date,coerced,'12/05/2026' parsed as %d/%m/%Y
visit-log.csv,3244,V03243,Purpose,coerced,'routine' -> Routine visit
visit-log.csv,3244,V03243,Remarks,blank,Outcome not logged
visit-log.csv,3245,V03244,Visit Date,coerced,'11/05/2026' parsed as %d/%m/%Y
visit-log.csv,3245,V03244,Purpose,coerced,'followup' -> Follow up
visit-log.csv,3246,V03245,Check In,blank,Check-in time not logged
visit-log.csv,3247,V03246,Visit Date,coerced,'06/06/2026' parsed as %d/%m/%Y
visit-log.csv,3247,V03246,Purpose,coerced,'routine' -> Routine visit
visit-log.csv,3247,V03246,Remarks,blank,Outcome not logged
visit-log.csv,3248,V03247,Visit Date,coerced,'23/07/2026' parsed as %d/%m/%Y
visit-log.csv,3248,V03247,Duration (mins),blank,Duration not recorded
visit-log.csv,3248,V03247,Remarks,blank,Outcome not logged
visit-log.csv,3250,V03249,Visit Date,coerced,'30/06/2026' parsed as %d/%m/%Y
visit-log.csv,3251,V03250,Visit Date,coerced,'12/05/2026' parsed as %d/%m/%Y
visit-log.csv,3252,V03251,Visit Date,coerced,'18/07/2026' parsed as %d/%m/%Y
visit-log.csv,3252,V03251,Purpose,blank,Purpose not logged
visit-log.csv,3254,V03253,Visit Date,coerced,'06/06/2026' parsed as %d/%m/%Y
visit-log.csv,3254,V03253,Purpose,coerced,'followup' -> Follow up
visit-log.csv,3255,V03254,Visit Date,coerced,'08/05/2026' parsed as %d/%m/%Y
visit-log.csv,3255,V03254,Remarks,blank,Outcome not logged
visit-log.csv,3256,V03255,Remarks,blank,Outcome not logged
visit-log.csv,3257,V03256,Visit Date,coerced,'08/07/2026' parsed as %d/%m/%Y
visit-log.csv,3257,V03256,Purpose,coerced,'followup' -> Follow up
visit-log.csv,3258,V03257,Visit Date,coerced,'05/05/2026' parsed as %d/%m/%Y
visit-log.csv,3259,V03258,Visit Date,coerced,'22/05/2026' parsed as %d/%m/%Y
visit-log.csv,3259,V03258,Remarks,blank,Outcome not logged
visit-log.csv,3260,V03259,Visit Date,coerced,'15/06/2026' parsed as %d/%m/%Y
visit-log.csv,3260,V03259,Purpose,coerced,'routine' -> Routine visit
visit-log.csv,3260,V03259,Remarks,blank,Outcome not logged
visit-log.csv,3261,V03260,Visit Date,coerced,'29/06/2026' parsed as %d/%m/%Y
visit-log.csv,3263,V03262,Visit Date,coerced,'06/07/2026' parsed as %d/%m/%Y
visit-log.csv,3263,V03262,Purpose,blank,Purpose not logged
visit-log.csv,3263,V03262,Remarks,blank,Outcome not logged
visit-log.csv,3264,V03263,Visit Date,coerced,'02/06/2026' parsed as %d/%m/%Y
visit-log.csv,3265,V03264,Visit Date,coerced,'12/06/2026' parsed as %d/%m/%Y
visit-log.csv,3266,V03265,Visit Date,coerced,'20/05/2026' parsed as %d/%m/%Y
visit-log.csv,3266,V03265,Purpose,coerced,'followup' -> Follow up
visit-log.csv,3268,V03267,Visit Date,coerced,'25/06/2026' parsed as %d/%m/%Y
visit-log.csv,3268,V03267,Remarks,blank,Outcome not logged
visit-log.csv,3269,V03268,Visit Date,coerced,'26/06/2026' parsed as %d/%m/%Y
visit-log.csv,3270,V03269,Visit Date,coerced,'12/05/2026' parsed as %d/%m/%Y
visit-log.csv,3270,V03269,Purpose,coerced,'followup' -> Follow up
visit-log.csv,3271,V03270,Visit Date,coerced,'21/05/2026' parsed as %d/%m/%Y
visit-log.csv,3272,V03271,Visit Date,coerced,'23/05/2026' parsed as %d/%m/%Y
visit-log.csv,3272,V03271,Remarks,blank,Outcome not logged
visit-log.csv,3273,V03272,Visit Date,coerced,'18/05/2026' parsed as %d/%m/%Y
visit-log.csv,3273,V03272,Remarks,blank,Outcome not logged
visit-log.csv,3274,V03273,Visit Date,coerced,'21/05/2026' parsed as %d/%m/%Y
visit-log.csv,3277,V03276,Visit Date,coerced,'07/07/2026' parsed as %d/%m/%Y
visit-log.csv,3277,V03276,Remarks,blank,Outcome not logged
visit-log.csv,3278,V03277,Visit Date,coerced,'04/06/2026' parsed as %d/%m/%Y
visit-log.csv,3279,V03278,Visit Date,coerced,'29/07/2026' parsed as %d/%m/%Y
visit-log.csv,3279,V03278,Remarks,blank,Outcome not logged
visit-log.csv,3280,V03279,Visit Date,coerced,'27/06/2026' parsed as %d/%m/%Y
visit-log.csv,3280,V03279,Purpose,blank,Purpose not logged
visit-log.csv,3281,V03280,Visit Date,coerced,'16/07/2026' parsed as %d/%m/%Y
visit-log.csv,3282,V03281,Visit Date,coerced,'22/07/2026' parsed as %d/%m/%Y
visit-log.csv,3282,V03281,Duration (mins),blank,Duration not recorded
visit-log.csv,3282,V03281,Remarks,blank,Outcome not logged
visit-log.csv,3283,V03282,Visit Date,coerced,'07/05/2026' parsed as %d/%m/%Y
visit-log.csv,3283,V03282,Remarks,blank,Outcome not logged
visit-log.csv,3284,V03283,Duration (mins),blank,Duration not recorded
visit-log.csv,3284,V03283,Remarks,blank,Outcome not logged
visit-log.csv,3285,V03284,Visit Date,coerced,'17/06/2026' parsed as %d/%m/%Y
visit-log.csv,3285,V03284,Remarks,blank,Outcome not logged
visit-log.csv,3286,V03285,Visit Date,coerced,'02/05/2026' parsed as %d/%m/%Y
visit-log.csv,3288,V03287,Visit Date,coerced,'30/06/2026' parsed as %d/%m/%Y
visit-log.csv,3288,V03287,Purpose,coerced,'routine' -> Routine visit
visit-log.csv,3289,V03288,Purpose,coerced,'routine' -> Routine visit
visit-log.csv,3289,V03288,Remarks,blank,Outcome not logged
visit-log.csv,3290,V03289,Visit Date,coerced,'13/07/2026' parsed as %d/%m/%Y
visit-log.csv,3290,V03289,Purpose,blank,Purpose not logged
visit-log.csv,3290,V03289,Remarks,blank,Outcome not logged
visit-log.csv,3291,V03290,Visit Date,coerced,'25/05/2026' parsed as %d/%m/%Y
visit-log.csv,3292,V03291,Visit Date,coerced,'24/05/2026' parsed as %d/%m/%Y
visit-log.csv,3293,V03292,Visit Date,coerced,'19/06/2026' parsed as %d/%m/%Y
visit-log.csv,3293,V03292,Remarks,blank,Outcome not logged
visit-log.csv,3294,V03293,Visit Date,coerced,'02/07/2026' parsed as %d/%m/%Y
visit-log.csv,3294,V03293,Remarks,blank,Outcome not logged
visit-log.csv,3295,V03294,Visit Date,coerced,'10/05/2026' parsed as %d/%m/%Y
visit-log.csv,3295,V03294,Purpose,coerced,'followup' -> Follow up
visit-log.csv,3295,V03294,Remarks,blank,Outcome not logged
visit-log.csv,3296,V03295,Duration (mins),blank,Duration not recorded
visit-log.csv,3297,V03296,Visit Date,coerced,'16/05/2026' parsed as %d/%m/%Y
visit-log.csv,3297,V03296,Purpose,coerced,'followup' -> Follow up
visit-log.csv,3297,V03296,Remarks,blank,Outcome not logged
visit-log.csv,3298,V03297,Visit Date,coerced,'04/07/2026' parsed as %d/%m/%Y
visit-log.csv,3299,V03298,Remarks,blank,Outcome not logged
visit-log.csv,3300,V03299,Visit Date,coerced,'12/05/2026' parsed as %d/%m/%Y
visit-log.csv,3300,V03299,Remarks,blank,Outcome not logged
visit-log.csv,3302,V03301,Visit Date,coerced,'11/06/2026' parsed as %d/%m/%Y
visit-log.csv,3302,V03301,Purpose,coerced,'routine' -> Routine visit
visit-log.csv,3303,V03302,Purpose,coerced,'routine' -> Routine visit
visit-log.csv,3304,V03303,Purpose,coerced,'routine' -> Routine visit
visit-log.csv,3304,V03303,Remarks,blank,Outcome not logged
visit-log.csv,3305,V03304,Visit Date,coerced,'07/05/2026' parsed as %d/%m/%Y
visit-log.csv,3305,V03304,Purpose,coerced,'routine' -> Routine visit
visit-log.csv,3306,V03305,Remarks,blank,Outcome not logged
visit-log.csv,3307,V03306,Visit Date,coerced,'01/05/2026' parsed as %d/%m/%Y
visit-log.csv,3308,V03307,Visit Date,coerced,'04/07/2026' parsed as %d/%m/%Y
visit-log.csv,3309,V03308,Visit Date,coerced,'18/05/2026' parsed as %d/%m/%Y
visit-log.csv,3309,V03308,Remarks,blank,Outcome not logged
visit-log.csv,3310,V03309,Visit Date,coerced,'26/06/2026' parsed as %d/%m/%Y
visit-log.csv,3311,V03310,Purpose,coerced,'followup' -> Follow up
visit-log.csv,3312,V03311,Visit Date,coerced,'25/06/2026' parsed as %d/%m/%Y
visit-log.csv,3312,V03311,Duration (mins),blank,Duration not recorded
visit-log.csv,3314,V03313,Purpose,coerced,'followup' -> Follow up
visit-log.csv,3314,V03313,Remarks,blank,Outcome not logged
visit-log.csv,3315,V03314,Remarks,blank,Outcome not logged
visit-log.csv,3316,V03315,Visit Date,coerced,'29/05/2026' parsed as %d/%m/%Y
visit-log.csv,3316,V03315,Purpose,blank,Purpose not logged
visit-log.csv,3317,V03316,Purpose,coerced,'followup' -> Follow up
visit-log.csv,3317,V03316,Remarks,blank,Outcome not logged
visit-log.csv,3318,V03317,Visit Date,coerced,'08/05/2026' parsed as %d/%m/%Y
visit-log.csv,3318,V03317,Purpose,coerced,'routine' -> Routine visit
visit-log.csv,3319,V03318,Visit Date,coerced,'14/07/2026' parsed as %d/%m/%Y
visit-log.csv,3319,V03318,Purpose,coerced,'routine' -> Routine visit
visit-log.csv,3319,V03318,Remarks,blank,Outcome not logged
visit-log.csv,3320,V03319,Visit Date,coerced,'05/06/2026' parsed as %d/%m/%Y
visit-log.csv,3321,V03320,Visit Date,coerced,'07/05/2026' parsed as %d/%m/%Y
visit-log.csv,3321,V03320,Purpose,blank,Purpose not logged
visit-log.csv,3321,V03320,Remarks,blank,Outcome not logged
visit-log.csv,3323,V03322,Remarks,blank,Outcome not logged
visit-log.csv,3325,V03324,Visit Date,coerced,'21/07/2026' parsed as %d/%m/%Y
visit-log.csv,3325,V03324,Duration (mins),blank,Duration not recorded
visit-log.csv,3325,V03324,Remarks,blank,Outcome not logged
visit-log.csv,3327,V03326,Visit Date,coerced,'01/06/2026' parsed as %d/%m/%Y
visit-log.csv,3327,V03326,Remarks,blank,Outcome not logged
visit-log.csv,3328,V03327,Visit Date,coerced,'09/06/2026' parsed as %d/%m/%Y
visit-log.csv,3329,V03328,Duration (mins),blank,Duration not recorded
visit-log.csv,3329,V03328,Purpose,blank,Purpose not logged
visit-log.csv,3331,V03330,Visit Date,coerced,'04/06/2026' parsed as %d/%m/%Y
visit-log.csv,3332,V03331,Visit Date,coerced,'10/06/2026' parsed as %d/%m/%Y
visit-log.csv,3332,V03331,Remarks,blank,Outcome not logged
visit-log.csv,3333,V03332,Remarks,blank,Outcome not logged
visit-log.csv,3334,V03333,Duration (mins),blank,Duration not recorded
visit-log.csv,3334,V03333,Purpose,coerced,'followup' -> Follow up
visit-log.csv,3334,V03333,Remarks,blank,Outcome not logged
visit-log.csv,3335,V03334,Visit Date,coerced,'09/05/2026' parsed as %d/%m/%Y
visit-log.csv,3335,V03334,Purpose,coerced,'followup' -> Follow up
visit-log.csv,3335,V03334,Remarks,blank,Outcome not logged
visit-log.csv,3336,V03335,Visit Date,coerced,'25/07/2026' parsed as %d/%m/%Y
visit-log.csv,3337,V03336,Visit Date,coerced,'23/06/2026' parsed as %d/%m/%Y
visit-log.csv,3339,V03338,Visit Date,coerced,'01/05/2026' parsed as %d/%m/%Y
visit-log.csv,3339,V03338,Remarks,blank,Outcome not logged
visit-log.csv,3340,V03339,Visit Date,coerced,'26/06/2026' parsed as %d/%m/%Y
visit-log.csv,3341,V03340,Visit Date,coerced,'28/06/2026' parsed as %d/%m/%Y
visit-log.csv,3341,V03340,Remarks,blank,Outcome not logged
visit-log.csv,3342,V03341,Visit Date,coerced,'26/06/2026' parsed as %d/%m/%Y
visit-log.csv,3342,V03341,Purpose,coerced,'followup' -> Follow up
visit-log.csv,3342,V03341,Remarks,blank,Outcome not logged
visit-log.csv,3343,V03342,Visit Date,coerced,'17/07/2026' parsed as %d/%m/%Y
visit-log.csv,3344,V03343,Visit Date,coerced,'31/05/2026' parsed as %d/%m/%Y
visit-log.csv,3344,V03343,Purpose,coerced,'followup' -> Follow up
visit-log.csv,3345,V03344,Visit Date,coerced,'05/07/2026' parsed as %d/%m/%Y
visit-log.csv,3345,V03344,Purpose,coerced,'followup' -> Follow up
visit-log.csv,3346,V03345,Visit Date,coerced,'04/07/2026' parsed as %d/%m/%Y
visit-log.csv,3348,V03347,Visit Date,coerced,'26/05/2026' parsed as %d/%m/%Y
visit-log.csv,3349,V03348,Visit Date,coerced,'15/06/2026' parsed as %d/%m/%Y
visit-log.csv,3350,V03349,Remarks,blank,Outcome not logged
visit-log.csv,3352,V03351,Visit Date,coerced,'26/06/2026' parsed as %d/%m/%Y
visit-log.csv,3353,V03352,Visit Date,coerced,'21/07/2026' parsed as %d/%m/%Y
visit-log.csv,3356,V03355,Duration (mins),blank,Duration not recorded
visit-log.csv,3356,V03355,Remarks,blank,Outcome not logged
visit-log.csv,3357,V03356,Visit Date,coerced,'26/06/2026' parsed as %d/%m/%Y
visit-log.csv,3357,V03356,Duration (mins),blank,Duration not recorded
visit-log.csv,3357,V03356,Purpose,blank,Purpose not logged
visit-log.csv,3358,V03357,Visit Date,coerced,'06/06/2026' parsed as %d/%m/%Y
visit-log.csv,3358,V03357,Purpose,coerced,'routine' -> Routine visit
visit-log.csv,3359,V03358,Visit Date,coerced,'30/06/2026' parsed as %d/%m/%Y
visit-log.csv,3359,V03358,Remarks,blank,Outcome not logged
visit-log.csv,3360,V03359,Visit Date,coerced,'30/06/2026' parsed as %d/%m/%Y
visit-log.csv,3360,V03359,Remarks,blank,Outcome not logged
visit-log.csv,3362,V03361,Purpose,coerced,'routine' -> Routine visit
visit-log.csv,3362,V03361,Remarks,blank,Outcome not logged
visit-log.csv,3363,V03362,Visit Date,coerced,'24/07/2026' parsed as %d/%m/%Y
visit-log.csv,3363,V03362,Remarks,blank,Outcome not logged
visit-log.csv,3364,V03363,Visit Date,coerced,'09/06/2026' parsed as %d/%m/%Y
visit-log.csv,3365,V03364,Visit Date,coerced,'22/07/2026' parsed as %d/%m/%Y
visit-log.csv,3367,V03366,Visit Date,coerced,'29/07/2026' parsed as %d/%m/%Y
visit-log.csv,3367,V03366,Duration (mins),blank,Duration not recorded
visit-log.csv,3368,V03367,Visit Date,coerced,'01/06/2026' parsed as %d/%m/%Y
visit-log.csv,3368,V03367,Purpose,coerced,'routine' -> Routine visit
visit-log.csv,3369,V03368,Visit Date,coerced,'04/07/2026' parsed as %d/%m/%Y
visit-log.csv,3370,V03369,Visit Date,coerced,'09/05/2026' parsed as %d/%m/%Y
visit-log.csv,3370,V03369,Purpose,blank,Purpose not logged
visit-log.csv,3371,V03370,Visit Date,coerced,'30/05/2026' parsed as %d/%m/%Y
visit-log.csv,3371,V03370,Duration (mins),blank,Duration not recorded
visit-log.csv,3371,V03370,Purpose,coerced,'followup' -> Follow up
visit-log.csv,3371,V03370,Remarks,blank,Outcome not logged
visit-log.csv,3372,V03371,Visit Date,coerced,'12/06/2026' parsed as %d/%m/%Y
visit-log.csv,3372,V03371,Purpose,coerced,'routine' -> Routine visit
visit-log.csv,3372,V03371,Remarks,blank,Outcome not logged
visit-log.csv,3373,V03372,Remarks,blank,Outcome not logged
visit-log.csv,3374,V03373,Remarks,blank,Outcome not logged
visit-log.csv,3376,V03375,Visit Date,coerced,'20/07/2026' parsed as %d/%m/%Y
visit-log.csv,3376,V03375,Purpose,coerced,'followup' -> Follow up
visit-log.csv,3377,V03376,Visit Date,coerced,'10/06/2026' parsed as %d/%m/%Y
visit-log.csv,3377,V03376,Duration (mins),blank,Duration not recorded
visit-log.csv,3377,V03376,Remarks,blank,Outcome not logged
visit-log.csv,3378,V03377,Visit Date,coerced,'16/05/2026' parsed as %d/%m/%Y
visit-log.csv,3378,V03377,Purpose,coerced,'followup' -> Follow up
visit-log.csv,3379,V03378,Visit Date,coerced,'24/07/2026' parsed as %d/%m/%Y
visit-log.csv,3379,V03378,Purpose,coerced,'followup' -> Follow up
visit-log.csv,3380,V03379,Purpose,coerced,'routine' -> Routine visit
visit-log.csv,3381,V03380,Remarks,blank,Outcome not logged
visit-log.csv,3382,V03381,Visit Date,coerced,'02/05/2026' parsed as %d/%m/%Y
visit-log.csv,3383,V03382,Visit Date,coerced,'30/05/2026' parsed as %d/%m/%Y
visit-log.csv,3383,V03382,Remarks,blank,Outcome not logged
visit-log.csv,3385,V03384,Visit Date,coerced,'07/07/2026' parsed as %d/%m/%Y
visit-log.csv,3385,V03384,Purpose,coerced,'followup' -> Follow up
visit-log.csv,3386,V03385,Visit Date,coerced,'17/07/2026' parsed as %d/%m/%Y
visit-log.csv,3386,V03385,Purpose,coerced,'followup' -> Follow up
visit-log.csv,3387,V03386,Visit Date,coerced,'21/06/2026' parsed as %d/%m/%Y
visit-log.csv,3388,V03387,Visit Date,coerced,'05/05/2026' parsed as %d/%m/%Y
visit-log.csv,3388,V03387,Remarks,blank,Outcome not logged
visit-log.csv,3389,V03388,Purpose,blank,Purpose not logged
visit-log.csv,3389,V03388,Remarks,blank,Outcome not logged
visit-log.csv,3391,V03390,Visit Date,coerced,'12/06/2026' parsed as %d/%m/%Y
visit-log.csv,3391,V03390,Remarks,blank,Outcome not logged
visit-log.csv,3392,V03391,Visit Date,coerced,'13/05/2026' parsed as %d/%m/%Y
visit-log.csv,3392,V03391,Purpose,blank,Purpose not logged
visit-log.csv,3392,V03391,Remarks,blank,Outcome not logged
visit-log.csv,3393,V03392,Visit Date,coerced,'28/05/2026' parsed as %d/%m/%Y
visit-log.csv,3393,V03392,Remarks,blank,Outcome not logged
visit-log.csv,3395,V03394,Purpose,coerced,'routine' -> Routine visit
visit-log.csv,3395,V03394,Remarks,blank,Outcome not logged
visit-log.csv,3396,V03395,Visit Date,coerced,'19/06/2026' parsed as %d/%m/%Y
visit-log.csv,3397,V03396,Visit Date,coerced,'29/06/2026' parsed as %d/%m/%Y
visit-log.csv,3397,V03396,Remarks,blank,Outcome not logged
visit-log.csv,3398,V03397,Purpose,blank,Purpose not logged
visit-log.csv,3399,V03398,Visit Date,coerced,'25/06/2026' parsed as %d/%m/%Y
visit-log.csv,3400,V03399,Purpose,blank,Purpose not logged
visit-log.csv,3400,V03399,Remarks,blank,Outcome not logged
visit-log.csv,3401,V03400,Visit Date,coerced,'10/06/2026' parsed as %d/%m/%Y
visit-log.csv,3401,V03400,Purpose,coerced,'routine' -> Routine visit
visit-log.csv,3401,V03400,Remarks,blank,Outcome not logged
visit-log.csv,3402,V03401,Purpose,coerced,'followup' -> Follow up
visit-log.csv,3402,V03401,Remarks,blank,Outcome not logged
visit-log.csv,3403,V03402,Remarks,blank,Outcome not logged
visit-log.csv,3405,V03404,Visit Date,coerced,'29/05/2026' parsed as %d/%m/%Y
visit-log.csv,3407,V03406,Visit Date,coerced,'08/05/2026' parsed as %d/%m/%Y
visit-log.csv,3408,V03407,Remarks,blank,Outcome not logged
visit-log.csv,3409,V03408,Visit Date,coerced,'16/06/2026' parsed as %d/%m/%Y
visit-log.csv,3410,V03409,Visit Date,coerced,'13/06/2026' parsed as %d/%m/%Y
visit-log.csv,3410,V03409,Duration (mins),blank,Duration not recorded
visit-log.csv,3410,V03409,Remarks,blank,Outcome not logged
visit-log.csv,3411,V03410,Visit Date,coerced,'11/05/2026' parsed as %d/%m/%Y
visit-log.csv,3412,V03411,Visit Date,coerced,'20/07/2026' parsed as %d/%m/%Y
visit-log.csv,3413,V03412,Visit Date,coerced,'30/06/2026' parsed as %d/%m/%Y
visit-log.csv,3413,V03412,Purpose,blank,Purpose not logged
visit-log.csv,3414,V03413,Visit Date,coerced,'30/05/2026' parsed as %d/%m/%Y
visit-log.csv,3414,V03413,Purpose,blank,Purpose not logged
visit-log.csv,3416,V03415,Visit Date,coerced,'05/05/2026' parsed as %d/%m/%Y
visit-log.csv,3416,V03415,Purpose,blank,Purpose not logged
visit-log.csv,3416,V03415,Remarks,blank,Outcome not logged
visit-log.csv,3417,V03416,Visit Date,coerced,'12/05/2026' parsed as %d/%m/%Y
visit-log.csv,3417,V03416,Remarks,blank,Outcome not logged
visit-log.csv,3418,V03417,Visit Date,coerced,'02/05/2026' parsed as %d/%m/%Y
visit-log.csv,3419,V03418,Duration (mins),blank,Duration not recorded
visit-log.csv,3420,V03419,Visit Date,coerced,'04/06/2026' parsed as %d/%m/%Y
visit-log.csv,3421,V03420,Visit Date,coerced,'17/07/2026' parsed as %d/%m/%Y
visit-log.csv,3421,V03420,Purpose,coerced,'followup' -> Follow up
visit-log.csv,3421,V03420,Remarks,blank,Outcome not logged
visit-log.csv,3422,V03421,Visit Date,coerced,'03/06/2026' parsed as %d/%m/%Y
visit-log.csv,3422,V03421,Purpose,coerced,'followup' -> Follow up
visit-log.csv,3423,V03422,Visit Date,coerced,'11/06/2026' parsed as %d/%m/%Y
visit-log.csv,3423,V03422,Purpose,coerced,'routine' -> Routine visit
visit-log.csv,3424,V03423,Visit Date,coerced,'04/07/2026' parsed as %d/%m/%Y
visit-log.csv,3424,V03423,Duration (mins),blank,Duration not recorded
visit-log.csv,3425,V03424,Remarks,blank,Outcome not logged
visit-log.csv,3426,V03425,Purpose,coerced,'followup' -> Follow up
visit-log.csv,3427,V03426,Visit Date,coerced,'05/05/2026' parsed as %d/%m/%Y
visit-log.csv,3427,V03426,Purpose,blank,Purpose not logged
visit-log.csv,3428,V03427,Visit Date,coerced,'13/07/2026' parsed as %d/%m/%Y
visit-log.csv,3428,V03427,Remarks,blank,Outcome not logged
visit-log.csv,3429,V03428,Duration (mins),blank,Duration not recorded
visit-log.csv,3429,V03428,Remarks,blank,Outcome not logged
visit-log.csv,3430,V03429,Visit Date,coerced,'10/07/2026' parsed as %d/%m/%Y
visit-log.csv,3430,V03429,Purpose,coerced,'followup' -> Follow up
visit-log.csv,3433,V03432,Visit Date,coerced,'03/07/2026' parsed as %d/%m/%Y
visit-log.csv,3433,V03432,Purpose,blank,Purpose not logged
visit-log.csv,3433,V03432,Remarks,blank,Outcome not logged
visit-log.csv,3434,V03433,Visit Date,coerced,'18/05/2026' parsed as %d/%m/%Y
visit-log.csv,3434,V03433,Remarks,blank,Outcome not logged
visit-log.csv,3435,V03434,Remarks,blank,Outcome not logged
visit-log.csv,3436,V03435,Visit Date,coerced,'23/07/2026' parsed as %d/%m/%Y
visit-log.csv,3436,V03435,Purpose,blank,Purpose not logged
visit-log.csv,3436,V03435,Remarks,blank,Outcome not logged
visit-log.csv,3437,V03436,Visit Date,coerced,'11/06/2026' parsed as %d/%m/%Y
visit-log.csv,3438,V03437,Visit Date,coerced,'25/07/2026' parsed as %d/%m/%Y
visit-log.csv,3438,V03437,Duration (mins),blank,Duration not recorded
visit-log.csv,3439,V03438,Visit Date,coerced,'05/06/2026' parsed as %d/%m/%Y
visit-log.csv,3439,V03438,Remarks,blank,Outcome not logged
visit-log.csv,3440,V03439,Visit Date,coerced,'21/07/2026' parsed as %d/%m/%Y
visit-log.csv,3440,V03439,Duration (mins),blank,Duration not recorded
visit-log.csv,3442,V03441,Visit Date,coerced,'05/06/2026' parsed as %d/%m/%Y
visit-log.csv,3442,V03441,Purpose,coerced,'followup' -> Follow up
visit-log.csv,3442,V03441,Remarks,blank,Outcome not logged
visit-log.csv,3443,V03442,Visit Date,coerced,'06/05/2026' parsed as %d/%m/%Y
visit-log.csv,3443,V03442,Remarks,blank,Outcome not logged
visit-log.csv,3444,V03443,Visit Date,coerced,'21/07/2026' parsed as %d/%m/%Y
visit-log.csv,3444,V03443,Remarks,blank,Outcome not logged
visit-log.csv,3446,V03445,Remarks,blank,Outcome not logged
visit-log.csv,3447,V03446,Visit Date,coerced,'29/06/2026' parsed as %d/%m/%Y
visit-log.csv,3447,V03446,Duration (mins),blank,Duration not recorded
visit-log.csv,3447,V03446,Purpose,coerced,'followup' -> Follow up
visit-log.csv,3447,V03446,Remarks,blank,Outcome not logged
visit-log.csv,3448,V03447,Visit Date,coerced,'30/07/2026' parsed as %d/%m/%Y
visit-log.csv,3449,V03448,Visit Date,coerced,'10/07/2026' parsed as %d/%m/%Y
visit-log.csv,3450,V03449,Remarks,blank,Outcome not logged
visit-log.csv,3452,V03451,Visit Date,coerced,'25/07/2026' parsed as %d/%m/%Y
visit-log.csv,3452,V03451,Duration (mins),blank,Duration not recorded
visit-log.csv,3453,V03452,Visit Date,coerced,'24/07/2026' parsed as %d/%m/%Y
visit-log.csv,3453,V03452,Remarks,blank,Outcome not logged
visit-log.csv,3455,V03454,Visit Date,coerced,'25/06/2026' parsed as %d/%m/%Y
visit-log.csv,3456,V03455,Visit Date,coerced,'15/05/2026' parsed as %d/%m/%Y
visit-log.csv,3456,V03455,Duration (mins),blank,Duration not recorded
visit-log.csv,3457,V03456,Visit Date,coerced,'29/07/2026' parsed as %d/%m/%Y
visit-log.csv,3458,V03457,Visit Date,coerced,'16/05/2026' parsed as %d/%m/%Y
visit-log.csv,3459,V03458,Purpose,blank,Purpose not logged
visit-log.csv,3460,V03459,Visit Date,coerced,'22/06/2026' parsed as %d/%m/%Y
visit-log.csv,3460,V03459,Duration (mins),blank,Duration not recorded
visit-log.csv,3460,V03459,Purpose,coerced,'followup' -> Follow up
visit-log.csv,3461,V03460,Visit Date,coerced,'18/05/2026' parsed as %d/%m/%Y
visit-log.csv,3462,V03461,Visit Date,coerced,'06/07/2026' parsed as %d/%m/%Y
visit-log.csv,3462,V03461,Purpose,blank,Purpose not logged
visit-log.csv,3462,V03461,Remarks,blank,Outcome not logged
visit-log.csv,3463,V03462,Visit Date,coerced,'02/06/2026' parsed as %d/%m/%Y
visit-log.csv,3463,V03462,Remarks,blank,Outcome not logged
visit-log.csv,3464,V03463,Remarks,blank,Outcome not logged
visit-log.csv,3465,V03464,Remarks,blank,Outcome not logged
visit-log.csv,3466,V03465,Visit Date,coerced,'27/06/2026' parsed as %d/%m/%Y
visit-log.csv,3467,V03466,Visit Date,coerced,'30/07/2026' parsed as %d/%m/%Y
visit-log.csv,3467,V03466,Duration (mins),blank,Duration not recorded
visit-log.csv,3467,V03466,Purpose,coerced,'followup' -> Follow up
visit-log.csv,3468,V03467,Purpose,blank,Purpose not logged
visit-log.csv,3469,V03468,Purpose,coerced,'followup' -> Follow up
visit-log.csv,3470,V03469,Visit Date,coerced,'04/05/2026' parsed as %d/%m/%Y
visit-log.csv,3470,V03469,Remarks,blank,Outcome not logged
visit-log.csv,3471,V03470,Visit Date,coerced,'05/06/2026' parsed as %d/%m/%Y
visit-log.csv,3472,V03471,Visit Date,coerced,'12/05/2026' parsed as %d/%m/%Y
visit-log.csv,3472,V03471,Remarks,blank,Outcome not logged
visit-log.csv,3473,V03472,Visit Date,coerced,'23/06/2026' parsed as %d/%m/%Y
visit-log.csv,3473,V03472,Purpose,coerced,'routine' -> Routine visit
visit-log.csv,3475,V03474,Visit Date,coerced,'15/07/2026' parsed as %d/%m/%Y
visit-log.csv,3475,V03474,Remarks,blank,Outcome not logged
visit-log.csv,3476,V03475,Visit Date,coerced,'16/05/2026' parsed as %d/%m/%Y
visit-log.csv,3477,V03476,Visit Date,coerced,'02/05/2026' parsed as %d/%m/%Y
visit-log.csv,3477,V03476,Remarks,blank,Outcome not logged
visit-log.csv,3478,V03477,Remarks,blank,Outcome not logged
visit-log.csv,3479,V03478,Visit Date,coerced,'23/06/2026' parsed as %d/%m/%Y
visit-log.csv,3480,V03479,Visit Date,coerced,'25/07/2026' parsed as %d/%m/%Y
visit-log.csv,3480,V03479,Remarks,blank,Outcome not logged
visit-log.csv,3481,V03480,Remarks,blank,Outcome not logged
visit-log.csv,3482,V03481,Visit Date,coerced,'28/06/2026' parsed as %d/%m/%Y
visit-log.csv,3482,V03481,Remarks,blank,Outcome not logged
visit-log.csv,3483,V03482,Visit Date,coerced,'03/07/2026' parsed as %d/%m/%Y
visit-log.csv,3483,V03482,Remarks,blank,Outcome not logged
visit-log.csv,3484,V03483,Visit Date,coerced,'06/07/2026' parsed as %d/%m/%Y
visit-log.csv,3484,V03483,Purpose,coerced,'followup' -> Follow up
visit-log.csv,3485,V03484,Visit Date,coerced,'29/05/2026' parsed as %d/%m/%Y
visit-log.csv,3485,V03484,Purpose,blank,Purpose not logged
visit-log.csv,3486,V03485,Visit Date,coerced,'18/07/2026' parsed as %d/%m/%Y
visit-log.csv,3486,V03485,Remarks,blank,Outcome not logged
visit-log.csv,3487,V03486,Visit Date,coerced,'27/06/2026' parsed as %d/%m/%Y
visit-log.csv,3488,V03487,Visit Date,coerced,'24/06/2026' parsed as %d/%m/%Y
visit-log.csv,3489,V03488,Visit Date,coerced,'08/06/2026' parsed as %d/%m/%Y
visit-log.csv,3490,V03489,Visit Date,coerced,'22/05/2026' parsed as %d/%m/%Y
visit-log.csv,3491,V03490,Visit Date,coerced,'22/07/2026' parsed as %d/%m/%Y
visit-log.csv,3491,V03490,Purpose,coerced,'followup' -> Follow up
visit-log.csv,3492,V03491,Visit Date,coerced,'11/06/2026' parsed as %d/%m/%Y
visit-log.csv,3493,V03492,Visit Date,coerced,'17/05/2026' parsed as %d/%m/%Y
visit-log.csv,3493,V03492,Duration (mins),blank,Duration not recorded
visit-log.csv,3494,V03493,Purpose,blank,Purpose not logged
visit-log.csv,3494,V03493,Remarks,blank,Outcome not logged
visit-log.csv,3496,V03495,Visit Date,coerced,'05/06/2026' parsed as %d/%m/%Y
visit-log.csv,3496,V03495,Remarks,blank,Outcome not logged
visit-log.csv,3497,V03496,Visit Date,coerced,'06/05/2026' parsed as %d/%m/%Y
visit-log.csv,3498,V03497,Visit Date,coerced,'29/06/2026' parsed as %d/%m/%Y
visit-log.csv,3498,V03497,Duration (mins),blank,Duration not recorded
visit-log.csv,3499,V03498,Visit Date,coerced,'11/07/2026' parsed as %d/%m/%Y
visit-log.csv,3499,V03498,Duration (mins),blank,Duration not recorded
visit-log.csv,3501,V03500,Remarks,blank,Outcome not logged
visit-log.csv,3502,V03501,Visit Date,coerced,'11/06/2026' parsed as %d/%m/%Y
visit-log.csv,3503,V03502,Purpose,blank,Purpose not logged
visit-log.csv,3504,V03503,Visit Date,coerced,'11/05/2026' parsed as %d/%m/%Y
visit-log.csv,3504,V03503,Purpose,coerced,'followup' -> Follow up
visit-log.csv,3504,V03503,Remarks,blank,Outcome not logged
visit-log.csv,3505,V03504,Remarks,blank,Outcome not logged
visit-log.csv,3506,V03505,Visit Date,coerced,'12/06/2026' parsed as %d/%m/%Y
visit-log.csv,3506,V03505,Purpose,coerced,'followup' -> Follow up
visit-log.csv,3506,V03505,Remarks,blank,Outcome not logged
visit-log.csv,3507,V03506,Visit Date,coerced,'14/07/2026' parsed as %d/%m/%Y
visit-log.csv,3508,V03507,Duration (mins),blank,Duration not recorded
visit-log.csv,3509,V03508,Visit Date,coerced,'25/07/2026' parsed as %d/%m/%Y
visit-log.csv,3509,V03508,Purpose,blank,Purpose not logged
visit-log.csv,3509,V03508,Remarks,blank,Outcome not logged
visit-log.csv,3510,V03509,Visit Date,coerced,'19/05/2026' parsed as %d/%m/%Y
visit-log.csv,3511,V03510,Duration (mins),blank,Duration not recorded
visit-log.csv,3512,V03511,Visit Date,coerced,'06/06/2026' parsed as %d/%m/%Y
visit-log.csv,3512,V03511,Remarks,blank,Outcome not logged
visit-log.csv,3513,V03512,Remarks,blank,Outcome not logged
visit-log.csv,3514,V03513,Duration (mins),blank,Duration not recorded
visit-log.csv,3516,V03515,Visit Date,coerced,'17/07/2026' parsed as %d/%m/%Y
visit-log.csv,3516,V03515,Purpose,blank,Purpose not logged
visit-log.csv,3516,V03515,Remarks,blank,Outcome not logged
visit-log.csv,3517,V03516,Visit Date,coerced,'05/05/2026' parsed as %d/%m/%Y
visit-log.csv,3517,V03516,Remarks,blank,Outcome not logged
visit-log.csv,3518,V03517,Visit Date,coerced,'01/05/2026' parsed as %d/%m/%Y
visit-log.csv,3519,V03518,Visit Date,coerced,'17/06/2026' parsed as %d/%m/%Y
visit-log.csv,3520,V03519,Visit Date,coerced,'24/05/2026' parsed as %d/%m/%Y
visit-log.csv,3521,V03520,Visit Date,coerced,'06/05/2026' parsed as %d/%m/%Y
visit-log.csv,3521,V03520,Duration (mins),blank,Duration not recorded
visit-log.csv,3521,V03520,Remarks,blank,Outcome not logged
visit-log.csv,3522,V03521,Visit Date,coerced,'01/06/2026' parsed as %d/%m/%Y
visit-log.csv,3523,V03522,Visit Date,coerced,'18/07/2026' parsed as %d/%m/%Y
visit-log.csv,3524,V03523,Visit Date,coerced,'08/05/2026' parsed as %d/%m/%Y
visit-log.csv,3525,V03524,Visit Date,coerced,'30/05/2026' parsed as %d/%m/%Y
visit-log.csv,3526,V03525,Visit Date,coerced,'08/05/2026' parsed as %d/%m/%Y
visit-log.csv,3526,V03525,Remarks,blank,Outcome not logged
visit-log.csv,3527,V03526,Visit Date,coerced,'03/06/2026' parsed as %d/%m/%Y
visit-log.csv,3527,V03526,Duration (mins),blank,Duration not recorded
visit-log.csv,3528,V03527,Visit Date,coerced,'16/06/2026' parsed as %d/%m/%Y
visit-log.csv,3528,V03527,Remarks,blank,Outcome not logged
visit-log.csv,3529,V03528,Visit Date,coerced,'18/05/2026' parsed as %d/%m/%Y
visit-log.csv,3529,V03528,Purpose,coerced,'followup' -> Follow up
visit-log.csv,3530,V03529,Visit Date,coerced,'30/06/2026' parsed as %d/%m/%Y
visit-log.csv,3530,V03529,Duration (mins),blank,Duration not recorded
visit-log.csv,3531,V03530,Remarks,blank,Outcome not logged
visit-log.csv,3532,V03531,Visit Date,coerced,'21/07/2026' parsed as %d/%m/%Y
visit-log.csv,3533,V03532,Purpose,coerced,'routine' -> Routine visit
visit-log.csv,3534,V03533,Visit Date,coerced,'25/06/2026' parsed as %d/%m/%Y
visit-log.csv,3534,V03533,Purpose,coerced,'routine' -> Routine visit
visit-log.csv,3536,V03535,Visit Date,coerced,'18/07/2026' parsed as %d/%m/%Y
visit-log.csv,3536,V03535,Purpose,coerced,'routine' -> Routine visit
visit-log.csv,3538,V03537,Visit Date,coerced,'16/06/2026' parsed as %d/%m/%Y
visit-log.csv,3539,V03538,Visit Date,coerced,'10/07/2026' parsed as %d/%m/%Y
visit-log.csv,3539,V03538,Purpose,coerced,'routine' -> Routine visit
visit-log.csv,3540,V03539,Remarks,blank,Outcome not logged
visit-log.csv,3541,V03540,Visit Date,coerced,'28/06/2026' parsed as %d/%m/%Y
visit-log.csv,3541,V03540,Remarks,blank,Outcome not logged
visit-log.csv,3542,V03541,Visit Date,coerced,'02/05/2026' parsed as %d/%m/%Y
visit-log.csv,3543,V03542,Visit Date,coerced,'08/06/2026' parsed as %d/%m/%Y
visit-log.csv,3544,V03543,Remarks,blank,Outcome not logged
visit-log.csv,3545,V03544,Visit Date,coerced,'12/05/2026' parsed as %d/%m/%Y
visit-log.csv,3545,V03544,Purpose,coerced,'followup' -> Follow up
visit-log.csv,3546,V03545,Visit Date,coerced,'07/07/2026' parsed as %d/%m/%Y
visit-log.csv,3546,V03545,Remarks,blank,Outcome not logged
visit-log.csv,3548,V03547,Visit Date,coerced,'22/06/2026' parsed as %d/%m/%Y
visit-log.csv,3548,V03547,Duration (mins),blank,Duration not recorded
visit-log.csv,3549,V03548,Visit Date,coerced,'30/05/2026' parsed as %d/%m/%Y
visit-log.csv,3549,V03548,Remarks,blank,Outcome not logged
visit-log.csv,3550,V03549,Visit Date,coerced,'15/06/2026' parsed as %d/%m/%Y
visit-log.csv,3550,V03549,Remarks,blank,Outcome not logged
visit-log.csv,3551,V03550,Visit Date,coerced,'08/06/2026' parsed as %d/%m/%Y
visit-log.csv,3551,V03550,Duration (mins),blank,Duration not recorded
visit-log.csv,3552,V03551,Visit Date,coerced,'04/07/2026' parsed as %d/%m/%Y
visit-log.csv,3552,V03551,Purpose,coerced,'routine' -> Routine visit
visit-log.csv,3553,V03552,Duration (mins),blank,Duration not recorded
visit-log.csv,3554,V03553,Visit Date,coerced,'17/07/2026' parsed as %d/%m/%Y
visit-log.csv,3554,V03553,Duration (mins),blank,Duration not recorded
visit-log.csv,3554,V03553,Remarks,blank,Outcome not logged
visit-log.csv,3556,V03555,Visit Date,coerced,'22/07/2026' parsed as %d/%m/%Y
visit-log.csv,3556,V03555,Remarks,blank,Outcome not logged
visit-log.csv,3557,V03556,Visit Date,coerced,'20/06/2026' parsed as %d/%m/%Y
visit-log.csv,3558,V03557,Visit Date,coerced,'25/07/2026' parsed as %d/%m/%Y
visit-log.csv,3559,V03558,Visit Date,coerced,'22/05/2026' parsed as %d/%m/%Y
visit-log.csv,3559,V03558,Remarks,blank,Outcome not logged
visit-log.csv,3560,V03559,Purpose,blank,Purpose not logged
visit-log.csv,3561,V03560,Visit Date,coerced,'22/05/2026' parsed as %d/%m/%Y
visit-log.csv,3561,V03560,Remarks,blank,Outcome not logged
visit-log.csv,3562,V03561,Purpose,blank,Purpose not logged
visit-log.csv,3562,V03561,Remarks,blank,Outcome not logged
visit-log.csv,3563,V03562,Visit Date,coerced,'28/05/2026' parsed as %d/%m/%Y
visit-log.csv,3563,V03562,Remarks,blank,Outcome not logged
visit-log.csv,3565,V03564,Duration (mins),blank,Duration not recorded
visit-log.csv,3565,V03564,Remarks,blank,Outcome not logged
visit-log.csv,3566,V03565,Visit Date,coerced,'08/07/2026' parsed as %d/%m/%Y
visit-log.csv,3566,V03565,Purpose,coerced,'routine' -> Routine visit
visit-log.csv,3567,V03566,Visit Date,coerced,'19/05/2026' parsed as %d/%m/%Y
visit-log.csv,3567,V03566,Purpose,coerced,'routine' -> Routine visit
visit-log.csv,3568,V03567,Visit Date,coerced,'25/05/2026' parsed as %d/%m/%Y
visit-log.csv,3568,V03567,Duration (mins),blank,Duration not recorded
visit-log.csv,3569,V03568,Duration (mins),blank,Duration not recorded
visit-log.csv,3570,V03569,Visit Date,coerced,'20/07/2026' parsed as %d/%m/%Y
visit-log.csv,3571,V03570,Visit Date,coerced,'20/05/2026' parsed as %d/%m/%Y
visit-log.csv,3571,V03570,Purpose,coerced,'routine' -> Routine visit
visit-log.csv,3571,V03570,Remarks,blank,Outcome not logged
visit-log.csv,3572,V03571,Visit Date,coerced,'22/07/2026' parsed as %d/%m/%Y
visit-log.csv,3573,V03572,Visit Date,coerced,'16/07/2026' parsed as %d/%m/%Y
visit-log.csv,3574,V03573,Visit Date,coerced,'11/07/2026' parsed as %d/%m/%Y
visit-log.csv,3574,V03573,Remarks,blank,Outcome not logged
visit-log.csv,3576,V03575,Visit Date,coerced,'15/07/2026' parsed as %d/%m/%Y
visit-log.csv,3576,V03575,Remarks,blank,Outcome not logged
visit-log.csv,3577,V03576,Visit Date,coerced,'22/06/2026' parsed as %d/%m/%Y
visit-log.csv,3577,V03576,Remarks,blank,Outcome not logged
visit-log.csv,3578,V03577,Visit Date,coerced,'01/06/2026' parsed as %d/%m/%Y
visit-log.csv,3578,V03577,Purpose,coerced,'followup' -> Follow up
visit-log.csv,3581,V03580,Visit Date,coerced,'17/07/2026' parsed as %d/%m/%Y
visit-log.csv,3581,V03580,Purpose,blank,Purpose not logged
visit-log.csv,3581,V03580,Remarks,blank,Outcome not logged
visit-log.csv,3582,V03581,Visit Date,coerced,'06/05/2026' parsed as %d/%m/%Y
visit-log.csv,3582,V03581,Duration (mins),blank,Duration not recorded
visit-log.csv,3583,V03582,Remarks,blank,Outcome not logged
visit-log.csv,3584,V03583,Visit Date,coerced,'15/06/2026' parsed as %d/%m/%Y
visit-log.csv,3585,V03584,Visit Date,coerced,'18/05/2026' parsed as %d/%m/%Y
visit-log.csv,3585,V03584,Remarks,blank,Outcome not logged
visit-log.csv,3587,V03586,Visit Date,coerced,'10/06/2026' parsed as %d/%m/%Y
visit-log.csv,3587,V03586,Remarks,blank,Outcome not logged
visit-log.csv,3588,V03587,Visit Date,coerced,'28/07/2026' parsed as %d/%m/%Y
visit-log.csv,3588,V03587,Remarks,blank,Outcome not logged
visit-log.csv,3589,V03588,Purpose,coerced,'followup' -> Follow up
visit-log.csv,3590,V03589,Purpose,blank,Purpose not logged
visit-log.csv,3591,V03590,Visit Date,coerced,'09/05/2026' parsed as %d/%m/%Y
visit-log.csv,3591,V03590,Duration (mins),blank,Duration not recorded
visit-log.csv,3591,V03590,Purpose,coerced,'routine' -> Routine visit
visit-log.csv,3592,V03591,Visit Date,coerced,'02/07/2026' parsed as %d/%m/%Y
visit-log.csv,3593,V03592,Visit Date,coerced,'07/05/2026' parsed as %d/%m/%Y
visit-log.csv,3593,V03592,Duration (mins),blank,Duration not recorded
visit-log.csv,3593,V03592,Purpose,coerced,'followup' -> Follow up
visit-log.csv,3593,V03592,Remarks,blank,Outcome not logged
visit-log.csv,3595,V03594,Visit Date,coerced,'03/07/2026' parsed as %d/%m/%Y
visit-log.csv,3595,V03594,Duration (mins),blank,Duration not recorded
visit-log.csv,3595,V03594,Remarks,blank,Outcome not logged
visit-log.csv,3596,V03595,Visit Date,coerced,'24/06/2026' parsed as %d/%m/%Y
visit-log.csv,3596,V03595,Purpose,blank,Purpose not logged
visit-log.csv,3597,V03596,Visit Date,coerced,'12/06/2026' parsed as %d/%m/%Y
visit-log.csv,3599,V03598,Purpose,coerced,'routine' -> Routine visit
visit-log.csv,3600,V03599,Remarks,blank,Outcome not logged
visit-log.csv,3601,V03600,Visit Date,coerced,'13/06/2026' parsed as %d/%m/%Y
visit-log.csv,3601,V03600,Purpose,coerced,'routine' -> Routine visit
visit-log.csv,3601,V03600,Remarks,blank,Outcome not logged
visit-log.csv,3602,V03601,Remarks,blank,Outcome not logged
visit-log.csv,3603,V03602,Duration (mins),blank,Duration not recorded
visit-log.csv,3605,V03604,Purpose,coerced,'routine' -> Routine visit
visit-log.csv,3606,V03605,Purpose,coerced,'routine' -> Routine visit
visit-log.csv,3607,V03606,Visit Date,coerced,'23/06/2026' parsed as %d/%m/%Y
visit-log.csv,3607,V03606,Remarks,blank,Outcome not logged
visit-log.csv,3608,V03607,Visit Date,coerced,'15/05/2026' parsed as %d/%m/%Y
visit-log.csv,3610,V03609,Visit Date,coerced,'18/07/2026' parsed as %d/%m/%Y
visit-log.csv,3612,V03611,Visit Date,coerced,'09/05/2026' parsed as %d/%m/%Y
visit-log.csv,3613,V03612,Visit Date,coerced,'16/07/2026' parsed as %d/%m/%Y
visit-log.csv,3613,V03612,Remarks,blank,Outcome not logged
visit-log.csv,3614,V03613,Visit Date,coerced,'11/05/2026' parsed as %d/%m/%Y
visit-log.csv,3615,V03614,Visit Date,coerced,'13/05/2026' parsed as %d/%m/%Y
visit-log.csv,3615,V03614,Purpose,blank,Purpose not logged
visit-log.csv,3616,V03615,Visit Date,coerced,'05/05/2026' parsed as %d/%m/%Y
visit-log.csv,3617,V03616,Visit Date,coerced,'12/05/2026' parsed as %d/%m/%Y
visit-log.csv,3617,V03616,Remarks,blank,Outcome not logged
visit-log.csv,3619,V03618,Visit Date,coerced,'16/06/2026' parsed as %d/%m/%Y
visit-log.csv,3619,V03618,Duration (mins),blank,Duration not recorded
visit-log.csv,3619,V03618,Remarks,blank,Outcome not logged
visit-log.csv,3620,V03619,Visit Date,coerced,'25/05/2026' parsed as %d/%m/%Y
visit-log.csv,3621,V03620,Purpose,blank,Purpose not logged
visit-log.csv,3622,V03621,Visit Date,coerced,'30/07/2026' parsed as %d/%m/%Y
visit-log.csv,3623,V03622,Visit Date,coerced,'02/07/2026' parsed as %d/%m/%Y
visit-log.csv,3624,V03623,Duration (mins),blank,Duration not recorded
visit-log.csv,3625,V03624,Visit Date,coerced,'14/05/2026' parsed as %d/%m/%Y
visit-log.csv,3625,V03624,Purpose,coerced,'followup' -> Follow up
visit-log.csv,3626,V03625,Visit Date,coerced,'08/06/2026' parsed as %d/%m/%Y
visit-log.csv,3626,V03625,Remarks,blank,Outcome not logged
visit-log.csv,3627,V03626,Visit Date,coerced,'22/06/2026' parsed as %d/%m/%Y
visit-log.csv,3627,V03626,Remarks,blank,Outcome not logged
visit-log.csv,3628,V03627,Visit Date,coerced,'11/07/2026' parsed as %d/%m/%Y
visit-log.csv,3628,V03627,Remarks,blank,Outcome not logged
visit-log.csv,3629,V03628,Remarks,blank,Outcome not logged
visit-log.csv,3630,V03629,Visit Date,coerced,'25/06/2026' parsed as %d/%m/%Y
visit-log.csv,3630,V03629,Remarks,blank,Outcome not logged
visit-log.csv,3631,V03630,Visit Date,coerced,'23/06/2026' parsed as %d/%m/%Y
visit-log.csv,3631,V03630,Duration (mins),blank,Duration not recorded
visit-log.csv,3631,V03630,Remarks,blank,Outcome not logged
visit-log.csv,3632,V03631,Visit Date,coerced,'02/07/2026' parsed as %d/%m/%Y
visit-log.csv,3633,V03632,Visit Date,coerced,'04/07/2026' parsed as %d/%m/%Y
visit-log.csv,3633,V03632,Purpose,blank,Purpose not logged
visit-log.csv,3633,V03632,Remarks,blank,Outcome not logged
visit-log.csv,3634,V03633,Visit Date,coerced,'11/05/2026' parsed as %d/%m/%Y
visit-log.csv,3634,V03633,Remarks,blank,Outcome not logged
visit-log.csv,3635,V03634,Visit Date,coerced,'04/06/2026' parsed as %d/%m/%Y
visit-log.csv,3636,V03635,Visit Date,coerced,'10/06/2026' parsed as %d/%m/%Y
visit-log.csv,3636,V03635,Purpose,blank,Purpose not logged
visit-log.csv,3637,V03636,Duration (mins),blank,Duration not recorded
visit-log.csv,3637,V03636,Remarks,blank,Outcome not logged
visit-log.csv,3638,V03637,Visit Date,coerced,'12/05/2026' parsed as %d/%m/%Y
visit-log.csv,3638,V03637,Remarks,blank,Outcome not logged
visit-log.csv,3639,V03638,Visit Date,coerced,'04/06/2026' parsed as %d/%m/%Y
visit-log.csv,3640,V03639,Visit Date,coerced,'13/06/2026' parsed as %d/%m/%Y
visit-log.csv,3640,V03639,Purpose,coerced,'followup' -> Follow up
visit-log.csv,3640,V03639,Remarks,blank,Outcome not logged
visit-log.csv,3641,V03640,Visit Date,coerced,'15/07/2026' parsed as %d/%m/%Y
visit-log.csv,3641,V03640,Remarks,blank,Outcome not logged
visit-log.csv,3642,V03641,Duration (mins),blank,Duration not recorded
visit-log.csv,3642,V03641,Remarks,blank,Outcome not logged
visit-log.csv,3643,V03642,Visit Date,coerced,'05/05/2026' parsed as %d/%m/%Y
visit-log.csv,3643,V03642,Duration (mins),blank,Duration not recorded
visit-log.csv,3643,V03642,Remarks,blank,Outcome not logged
visit-log.csv,3644,V03643,Duration (mins),blank,Duration not recorded
visit-log.csv,3645,V03644,Purpose,coerced,'routine' -> Routine visit
visit-log.csv,3646,V03645,Visit Date,coerced,'09/06/2026' parsed as %d/%m/%Y
visit-log.csv,3646,V03645,Purpose,coerced,'routine' -> Routine visit
visit-log.csv,3646,V03645,Remarks,blank,Outcome not logged
visit-log.csv,3647,V03646,Purpose,blank,Purpose not logged
visit-log.csv,3648,V03647,Visit Date,coerced,'26/05/2026' parsed as %d/%m/%Y
visit-log.csv,3649,V03648,Visit Date,coerced,'30/07/2026' parsed as %d/%m/%Y
visit-log.csv,3650,V03649,Visit Date,coerced,'07/05/2026' parsed as %d/%m/%Y
visit-log.csv,3650,V03649,Purpose,blank,Purpose not logged
visit-log.csv,3650,V03649,Remarks,blank,Outcome not logged
visit-log.csv,3652,V03651,Visit Date,coerced,'06/07/2026' parsed as %d/%m/%Y
visit-log.csv,3654,V03653,Visit Date,coerced,'14/05/2026' parsed as %d/%m/%Y
visit-log.csv,3655,V03654,Visit Date,coerced,'23/05/2026' parsed as %d/%m/%Y
visit-log.csv,3655,V03654,Remarks,blank,Outcome not logged
visit-log.csv,3656,V03655,Visit Date,coerced,'02/05/2026' parsed as %d/%m/%Y
visit-log.csv,3657,V03656,Visit Date,coerced,'01/05/2026' parsed as %d/%m/%Y
visit-log.csv,3657,V03656,Purpose,coerced,'routine' -> Routine visit
visit-log.csv,3658,V03657,Visit Date,coerced,'08/05/2026' parsed as %d/%m/%Y
visit-log.csv,3658,V03657,Purpose,coerced,'routine' -> Routine visit
visit-log.csv,3659,V03658,Visit Date,coerced,'08/05/2026' parsed as %d/%m/%Y
visit-log.csv,3660,V03659,Visit Date,coerced,'02/07/2026' parsed as %d/%m/%Y
visit-log.csv,3660,V03659,Duration (mins),blank,Duration not recorded
visit-log.csv,3660,V03659,Purpose,blank,Purpose not logged
visit-log.csv,3661,V03660,Visit Date,coerced,'20/06/2026' parsed as %d/%m/%Y
visit-log.csv,3661,V03660,Remarks,blank,Outcome not logged
visit-log.csv,3663,V03662,Duration (mins),blank,Duration not recorded
visit-log.csv,3663,V03662,Purpose,coerced,'routine' -> Routine visit
visit-log.csv,3663,V03662,Remarks,blank,Outcome not logged
visit-log.csv,3663,V03662,Check In,blank,Check-in time not logged
visit-log.csv,3665,V03664,Visit Date,coerced,'23/05/2026' parsed as %d/%m/%Y
visit-log.csv,3666,V03665,Visit Date,coerced,'05/05/2026' parsed as %d/%m/%Y
visit-log.csv,3666,V03665,Remarks,blank,Outcome not logged
visit-log.csv,3667,V03666,Duration (mins),blank,Duration not recorded
visit-log.csv,3667,V03666,Remarks,blank,Outcome not logged
visit-log.csv,3668,V03667,Visit Date,coerced,'28/06/2026' parsed as %d/%m/%Y
visit-log.csv,3668,V03667,Remarks,blank,Outcome not logged
visit-log.csv,3669,V03668,Visit Date,coerced,'11/05/2026' parsed as %d/%m/%Y
visit-log.csv,3669,V03668,Duration (mins),blank,Duration not recorded
visit-log.csv,3670,V03669,Remarks,blank,Outcome not logged
visit-log.csv,3671,V03670,Visit Date,coerced,'26/07/2026' parsed as %d/%m/%Y
visit-log.csv,3671,V03670,Remarks,blank,Outcome not logged
visit-log.csv,3672,V03671,Purpose,coerced,'routine' -> Routine visit
visit-log.csv,3673,V03672,Remarks,blank,Outcome not logged
visit-log.csv,3674,V03673,Visit Date,coerced,'29/05/2026' parsed as %d/%m/%Y
visit-log.csv,3674,V03673,Duration (mins),blank,Duration not recorded
visit-log.csv,3675,V03674,Visit Date,coerced,'23/05/2026' parsed as %d/%m/%Y
visit-log.csv,3676,V03675,Visit Date,coerced,'02/07/2026' parsed as %d/%m/%Y
visit-log.csv,3676,V03675,Remarks,blank,Outcome not logged
visit-log.csv,3677,V03676,Visit Date,coerced,'13/07/2026' parsed as %d/%m/%Y
visit-log.csv,3677,V03676,Remarks,blank,Outcome not logged
visit-log.csv,3678,V03677,Visit Date,coerced,'03/06/2026' parsed as %d/%m/%Y
visit-log.csv,3678,V03677,Remarks,blank,Outcome not logged
visit-log.csv,3679,V03678,Visit Date,coerced,'03/07/2026' parsed as %d/%m/%Y
visit-log.csv,3679,V03678,Purpose,coerced,'followup' -> Follow up
visit-log.csv,3680,V03679,Visit Date,coerced,'30/06/2026' parsed as %d/%m/%Y
visit-log.csv,3680,V03679,Remarks,blank,Outcome not logged
visit-log.csv,3681,V03680,Visit Date,coerced,'15/05/2026' parsed as %d/%m/%Y
visit-log.csv,3681,V03680,Duration (mins),blank,Duration not recorded
visit-log.csv,3681,V03680,Purpose,blank,Purpose not logged
visit-log.csv,3681,V03680,Remarks,blank,Outcome not logged
visit-log.csv,3682,V03681,Visit Date,coerced,'04/06/2026' parsed as %d/%m/%Y
visit-log.csv,3683,V03682,Visit Date,coerced,'24/06/2026' parsed as %d/%m/%Y
visit-log.csv,3684,V03683,Remarks,blank,Outcome not logged
visit-log.csv,3685,V03684,Visit Date,coerced,'19/05/2026' parsed as %d/%m/%Y
visit-log.csv,3685,V03684,Purpose,blank,Purpose not logged
visit-log.csv,3686,V03685,Visit Date,coerced,'06/05/2026' parsed as %d/%m/%Y
visit-log.csv,3686,V03685,Remarks,blank,Outcome not logged
visit-log.csv,3687,V03686,Purpose,blank,Purpose not logged
visit-log.csv,3688,V03687,Visit Date,coerced,'30/06/2026' parsed as %d/%m/%Y
visit-log.csv,3688,V03687,Remarks,blank,Outcome not logged
visit-log.csv,3689,V03688,Visit Date,coerced,'13/07/2026' parsed as %d/%m/%Y
visit-log.csv,3690,V03689,Purpose,coerced,'followup' -> Follow up
visit-log.csv,3691,V03690,Visit Date,coerced,'02/06/2026' parsed as %d/%m/%Y
visit-log.csv,3692,V03691,Visit Date,coerced,'16/06/2026' parsed as %d/%m/%Y
visit-log.csv,3692,V03691,Duration (mins),blank,Duration not recorded
visit-log.csv,3693,V03692,Purpose,blank,Purpose not logged
visit-log.csv,3694,V03693,Visit Date,coerced,'08/07/2026' parsed as %d/%m/%Y
visit-log.csv,3695,V03694,Visit Date,coerced,'22/06/2026' parsed as %d/%m/%Y
visit-log.csv,3695,V03694,Remarks,blank,Outcome not logged
visit-log.csv,3696,V03695,Visit Date,coerced,'28/05/2026' parsed as %d/%m/%Y
visit-log.csv,3696,V03695,Purpose,coerced,'followup' -> Follow up
visit-log.csv,3696,V03695,Remarks,blank,Outcome not logged
visit-log.csv,3697,V03696,Duration (mins),blank,Duration not recorded
visit-log.csv,3698,V03697,Visit Date,coerced,'28/05/2026' parsed as %d/%m/%Y
visit-log.csv,3698,V03697,Remarks,blank,Outcome not logged
visit-log.csv,3699,V03698,Visit Date,coerced,'17/06/2026' parsed as %d/%m/%Y
visit-log.csv,3699,V03698,Purpose,coerced,'routine' -> Routine visit
visit-log.csv,3700,V03699,Visit Date,coerced,'16/07/2026' parsed as %d/%m/%Y
visit-log.csv,3701,V03700,Remarks,blank,Outcome not logged
visit-log.csv,3702,V03701,Duration (mins),blank,Duration not recorded
visit-log.csv,3702,V03701,Purpose,coerced,'followup' -> Follow up
visit-log.csv,3702,V03701,Remarks,blank,Outcome not logged
visit-log.csv,3703,V03702,Remarks,blank,Outcome not logged
visit-log.csv,3704,V03703,Visit Date,coerced,'19/07/2026' parsed as %d/%m/%Y
visit-log.csv,3704,V03703,Remarks,blank,Outcome not logged
visit-log.csv,3705,V03704,Visit Date,coerced,'10/07/2026' parsed as %d/%m/%Y
visit-log.csv,3705,V03704,Remarks,blank,Outcome not logged
visit-log.csv,3706,V03705,Visit Date,coerced,'20/07/2026' parsed as %d/%m/%Y
visit-log.csv,3706,V03705,Remarks,blank,Outcome not logged
visit-log.csv,3707,V03706,Visit Date,coerced,'13/07/2026' parsed as %d/%m/%Y
visit-log.csv,3707,V03706,Duration (mins),blank,Duration not recorded
visit-log.csv,3707,V03706,Purpose,coerced,'routine' -> Routine visit
visit-log.csv,3707,V03706,Remarks,blank,Outcome not logged
visit-log.csv,3708,V03707,Visit Date,coerced,'11/06/2026' parsed as %d/%m/%Y
visit-log.csv,3709,V03708,Visit Date,coerced,'26/05/2026' parsed as %d/%m/%Y
visit-log.csv,3709,V03708,Purpose,blank,Purpose not logged
visit-log.csv,3709,V03708,Remarks,blank,Outcome not logged
visit-log.csv,3710,V03709,Visit Date,coerced,'26/05/2026' parsed as %d/%m/%Y
visit-log.csv,3710,V03709,Remarks,blank,Outcome not logged
visit-log.csv,3711,V03710,Visit Date,coerced,'27/07/2026' parsed as %d/%m/%Y
visit-log.csv,3711,V03710,Purpose,blank,Purpose not logged
visit-log.csv,3711,V03710,Remarks,blank,Outcome not logged
visit-log.csv,3712,V03711,Visit Date,coerced,'08/07/2026' parsed as %d/%m/%Y
visit-log.csv,3712,V03711,Purpose,blank,Purpose not logged
visit-log.csv,3713,V03712,Visit Date,coerced,'17/07/2026' parsed as %d/%m/%Y
visit-log.csv,3715,V03714,Visit Date,coerced,'27/07/2026' parsed as %d/%m/%Y
visit-log.csv,3715,V03714,Duration (mins),blank,Duration not recorded
visit-log.csv,3715,V03714,Purpose,coerced,'routine' -> Routine visit
visit-log.csv,3717,V03716,Visit Date,coerced,'15/07/2026' parsed as %d/%m/%Y
visit-log.csv,3717,V03716,Duration (mins),blank,Duration not recorded
visit-log.csv,3718,V03717,Visit Date,coerced,'23/06/2026' parsed as %d/%m/%Y
visit-log.csv,3718,V03717,Duration (mins),blank,Duration not recorded
visit-log.csv,3718,V03717,Purpose,blank,Purpose not logged
visit-log.csv,3718,V03717,Remarks,blank,Outcome not logged
visit-log.csv,3719,V03718,Visit Date,coerced,'02/05/2026' parsed as %d/%m/%Y
visit-log.csv,3719,V03718,Purpose,coerced,'routine' -> Routine visit
visit-log.csv,3720,V03719,Visit Date,coerced,'02/05/2026' parsed as %d/%m/%Y
visit-log.csv,3720,V03719,Duration (mins),blank,Duration not recorded
visit-log.csv,3721,V03720,Visit Date,coerced,'23/07/2026' parsed as %d/%m/%Y
visit-log.csv,3721,V03720,Purpose,coerced,'routine' -> Routine visit
visit-log.csv,3722,V03721,Visit Date,coerced,'20/06/2026' parsed as %d/%m/%Y
visit-log.csv,3723,V03722,Visit Date,coerced,'03/07/2026' parsed as %d/%m/%Y
visit-log.csv,3724,V03723,Visit Date,coerced,'06/05/2026' parsed as %d/%m/%Y
visit-log.csv,3724,V03723,Remarks,blank,Outcome not logged
visit-log.csv,3725,V03724,Visit Date,coerced,'07/07/2026' parsed as %d/%m/%Y
visit-log.csv,3726,V03725,Visit Date,coerced,'25/07/2026' parsed as %d/%m/%Y
visit-log.csv,3727,V03726,Remarks,blank,Outcome not logged
visit-log.csv,3728,V03727,Visit Date,coerced,'13/05/2026' parsed as %d/%m/%Y
visit-log.csv,3729,V03728,Visit Date,coerced,'08/07/2026' parsed as %d/%m/%Y
visit-log.csv,3729,V03728,Purpose,coerced,'followup' -> Follow up
visit-log.csv,3729,V03728,Remarks,blank,Outcome not logged
visit-log.csv,3730,V03729,Visit Date,coerced,'22/06/2026' parsed as %d/%m/%Y
visit-log.csv,3730,V03729,Remarks,blank,Outcome not logged
visit-log.csv,3732,V03731,Visit Date,coerced,'09/05/2026' parsed as %d/%m/%Y
visit-log.csv,3732,V03731,Remarks,blank,Outcome not logged
visit-log.csv,3734,V03733,Visit Date,coerced,'11/07/2026' parsed as %d/%m/%Y
visit-log.csv,3735,V03734,Visit Date,coerced,'23/05/2026' parsed as %d/%m/%Y
visit-log.csv,3735,V03734,Duration (mins),blank,Duration not recorded
visit-log.csv,3736,V03735,Visit Date,coerced,'10/07/2026' parsed as %d/%m/%Y
visit-log.csv,3736,V03735,Purpose,coerced,'followup' -> Follow up
visit-log.csv,3737,V03736,Visit Date,coerced,'06/06/2026' parsed as %d/%m/%Y
visit-log.csv,3738,V03737,Purpose,blank,Purpose not logged
visit-log.csv,3739,V03738,Visit Date,coerced,'24/05/2026' parsed as %d/%m/%Y
visit-log.csv,3740,V03739,Visit Date,coerced,'19/05/2026' parsed as %d/%m/%Y
visit-log.csv,3740,V03739,Purpose,coerced,'followup' -> Follow up
visit-log.csv,3741,V03740,Visit Date,coerced,'23/07/2026' parsed as %d/%m/%Y
visit-log.csv,3741,V03740,Remarks,blank,Outcome not logged
visit-log.csv,3743,V03742,Visit Date,coerced,'09/06/2026' parsed as %d/%m/%Y
visit-log.csv,3743,V03742,Purpose,blank,Purpose not logged
visit-log.csv,3744,V03743,Remarks,blank,Outcome not logged
visit-log.csv,3745,V03744,Remarks,blank,Outcome not logged
visit-log.csv,3746,V03745,Visit Date,coerced,'21/06/2026' parsed as %d/%m/%Y
visit-log.csv,3747,V03746,Visit Date,coerced,'16/07/2026' parsed as %d/%m/%Y
visit-log.csv,3748,V03747,Visit Date,coerced,'04/05/2026' parsed as %d/%m/%Y
visit-log.csv,3748,V03747,Purpose,coerced,'routine' -> Routine visit
visit-log.csv,3749,V03748,Visit Date,coerced,'20/05/2026' parsed as %d/%m/%Y
visit-log.csv,3750,V03749,Duration (mins),blank,Duration not recorded
visit-log.csv,3751,V03750,Visit Date,coerced,'21/05/2026' parsed as %d/%m/%Y
visit-log.csv,3751,V03750,Duration (mins),blank,Duration not recorded
visit-log.csv,3753,V03752,Visit Date,coerced,'01/05/2026' parsed as %d/%m/%Y
visit-log.csv,3753,V03752,Remarks,blank,Outcome not logged
visit-log.csv,3754,V03753,Visit Date,coerced,'30/05/2026' parsed as %d/%m/%Y
visit-log.csv,3755,V03754,Visit Date,coerced,'24/05/2026' parsed as %d/%m/%Y
visit-log.csv,3755,V03754,Remarks,blank,Outcome not logged
visit-log.csv,3756,V03755,Visit Date,coerced,'11/07/2026' parsed as %d/%m/%Y
visit-log.csv,3757,V03756,Visit Date,coerced,'25/05/2026' parsed as %d/%m/%Y
visit-log.csv,3758,V03757,Visit Date,coerced,'10/07/2026' parsed as %d/%m/%Y
visit-log.csv,3758,V03757,Purpose,blank,Purpose not logged
visit-log.csv,3758,V03757,Remarks,blank,Outcome not logged
visit-log.csv,3759,V03758,Visit Date,coerced,'15/05/2026' parsed as %d/%m/%Y
visit-log.csv,3759,V03758,Duration (mins),blank,Duration not recorded
visit-log.csv,3761,V03760,Visit Date,coerced,'13/05/2026' parsed as %d/%m/%Y
visit-log.csv,3761,V03760,Purpose,blank,Purpose not logged
visit-log.csv,3762,V03761,Visit Date,coerced,'02/06/2026' parsed as %d/%m/%Y
visit-log.csv,3762,V03761,Purpose,coerced,'followup' -> Follow up
visit-log.csv,3766,V03765,Visit Date,coerced,'08/06/2026' parsed as %d/%m/%Y
visit-log.csv,3766,V03765,Purpose,blank,Purpose not logged
visit-log.csv,3767,V03766,Visit Date,coerced,'06/06/2026' parsed as %d/%m/%Y
visit-log.csv,3767,V03766,Remarks,blank,Outcome not logged
visit-log.csv,3768,V03767,Visit Date,coerced,'20/06/2026' parsed as %d/%m/%Y
visit-log.csv,3769,V03768,Visit Date,coerced,'06/05/2026' parsed as %d/%m/%Y
visit-log.csv,3770,V03769,Visit Date,coerced,'02/05/2026' parsed as %d/%m/%Y
visit-log.csv,3770,V03769,Duration (mins),blank,Duration not recorded
visit-log.csv,3770,V03769,Remarks,blank,Outcome not logged
visit-log.csv,3771,V03770,Visit Date,coerced,'08/06/2026' parsed as %d/%m/%Y
visit-log.csv,3772,V03771,Visit Date,coerced,'11/05/2026' parsed as %d/%m/%Y
visit-log.csv,3772,V03771,Remarks,blank,Outcome not logged
visit-log.csv,3773,V03772,Purpose,coerced,'routine' -> Routine visit
visit-log.csv,3775,V03774,Remarks,blank,Outcome not logged
visit-log.csv,3776,V03775,Visit Date,coerced,'15/07/2026' parsed as %d/%m/%Y
visit-log.csv,3777,V03776,Visit Date,coerced,'29/05/2026' parsed as %d/%m/%Y
visit-log.csv,3777,V03776,Remarks,blank,Outcome not logged
visit-log.csv,3778,V03777,Duration (mins),blank,Duration not recorded
visit-log.csv,3778,V03777,Purpose,coerced,'followup' -> Follow up
visit-log.csv,3779,V03778,Purpose,coerced,'followup' -> Follow up
visit-log.csv,3780,V03779,Purpose,blank,Purpose not logged
visit-log.csv,3781,V03780,Visit Date,coerced,'20/05/2026' parsed as %d/%m/%Y
visit-log.csv,3781,V03780,Remarks,blank,Outcome not logged
visit-log.csv,3783,V03782,Visit Date,coerced,'30/07/2026' parsed as %d/%m/%Y
visit-log.csv,3783,V03782,Purpose,coerced,'routine' -> Routine visit
visit-log.csv,3785,V03784,Purpose,coerced,'followup' -> Follow up
visit-log.csv,3786,V03785,Visit Date,coerced,'03/06/2026' parsed as %d/%m/%Y
visit-log.csv,3786,V03785,Duration (mins),blank,Duration not recorded
visit-log.csv,3786,V03785,Remarks,blank,Outcome not logged
visit-log.csv,3787,V03786,Visit Date,coerced,'14/06/2026' parsed as %d/%m/%Y
visit-log.csv,3787,V03786,Remarks,blank,Outcome not logged
visit-log.csv,3788,V03787,Visit Date,coerced,'18/07/2026' parsed as %d/%m/%Y
visit-log.csv,3791,V03790,Visit Date,coerced,'18/07/2026' parsed as %d/%m/%Y
visit-log.csv,3791,V03790,Purpose,coerced,'followup' -> Follow up
visit-log.csv,3791,V03790,Remarks,blank,Outcome not logged
visit-log.csv,3792,V03791,Purpose,coerced,'followup' -> Follow up
visit-log.csv,3794,V03793,Visit Date,coerced,'18/07/2026' parsed as %d/%m/%Y
visit-log.csv,3795,V03794,Remarks,blank,Outcome not logged
visit-log.csv,3796,V03795,Visit Date,coerced,'11/05/2026' parsed as %d/%m/%Y
visit-log.csv,3797,V03796,Remarks,blank,Outcome not logged
visit-log.csv,3799,V03798,Visit Date,coerced,'04/06/2026' parsed as %d/%m/%Y
visit-log.csv,3799,V03798,Purpose,blank,Purpose not logged
visit-log.csv,3800,V03799,Remarks,blank,Outcome not logged
visit-log.csv,3801,V03800,Visit Date,coerced,'06/06/2026' parsed as %d/%m/%Y
visit-log.csv,3801,V03800,Purpose,coerced,'routine' -> Routine visit
visit-log.csv,3802,V03801,Visit Date,coerced,'07/07/2026' parsed as %d/%m/%Y
visit-log.csv,3802,V03801,Remarks,blank,Outcome not logged
visit-log.csv,3803,V03802,Visit Date,coerced,'13/07/2026' parsed as %d/%m/%Y
visit-log.csv,3803,V03802,Purpose,coerced,'routine' -> Routine visit
visit-log.csv,3803,V03802,Remarks,blank,Outcome not logged
visit-log.csv,3804,V03803,Visit Date,coerced,'12/06/2026' parsed as %d/%m/%Y
visit-log.csv,3804,V03803,Remarks,blank,Outcome not logged
visit-log.csv,3805,V03804,Visit Date,coerced,'18/06/2026' parsed as %d/%m/%Y
visit-log.csv,3805,V03804,Duration (mins),blank,Duration not recorded
visit-log.csv,3806,V03805,Visit Date,coerced,'21/05/2026' parsed as %d/%m/%Y
visit-log.csv,3806,V03805,Duration (mins),blank,Duration not recorded
visit-log.csv,3806,V03805,Purpose,coerced,'followup' -> Follow up
visit-log.csv,3807,V03806,Visit Date,coerced,'28/06/2026' parsed as %d/%m/%Y
visit-log.csv,3807,V03806,Remarks,blank,Outcome not logged
visit-log.csv,3808,V03807,Visit Date,coerced,'14/07/2026' parsed as %d/%m/%Y
visit-log.csv,3808,V03807,Remarks,blank,Outcome not logged
visit-log.csv,3809,V03808,Visit Date,coerced,'22/06/2026' parsed as %d/%m/%Y
visit-log.csv,3810,V03809,Visit Date,coerced,'02/06/2026' parsed as %d/%m/%Y
visit-log.csv,3810,V03809,Purpose,blank,Purpose not logged
visit-log.csv,3811,V03810,Visit Date,coerced,'15/07/2026' parsed as %d/%m/%Y
visit-log.csv,3811,V03810,Remarks,blank,Outcome not logged
visit-log.csv,3812,V03811,Visit Date,coerced,'22/07/2026' parsed as %d/%m/%Y
visit-log.csv,3812,V03811,Remarks,blank,Outcome not logged
visit-log.csv,3813,V03812,Visit Date,coerced,'16/05/2026' parsed as %d/%m/%Y
visit-log.csv,3813,V03812,Purpose,blank,Purpose not logged
visit-log.csv,3813,V03812,Remarks,blank,Outcome not logged
visit-log.csv,3814,V03813,Visit Date,coerced,'02/07/2026' parsed as %d/%m/%Y
visit-log.csv,3814,V03813,Remarks,blank,Outcome not logged
visit-log.csv,3815,V03814,Visit Date,coerced,'24/05/2026' parsed as %d/%m/%Y
visit-log.csv,3816,V03815,Visit Date,coerced,'10/06/2026' parsed as %d/%m/%Y
visit-log.csv,3816,V03815,Purpose,coerced,'routine' -> Routine visit
visit-log.csv,3816,V03815,Remarks,blank,Outcome not logged
visit-log.csv,3817,V03816,Visit Date,coerced,'17/06/2026' parsed as %d/%m/%Y
visit-log.csv,3818,V03817,Visit Date,coerced,'02/06/2026' parsed as %d/%m/%Y
visit-log.csv,3818,V03817,Remarks,blank,Outcome not logged
visit-log.csv,3819,V03818,Visit Date,coerced,'19/05/2026' parsed as %d/%m/%Y
visit-log.csv,3820,V03819,Visit Date,coerced,'22/07/2026' parsed as %d/%m/%Y
visit-log.csv,3822,V03821,Visit Date,coerced,'14/07/2026' parsed as %d/%m/%Y
visit-log.csv,3822,V03821,Remarks,blank,Outcome not logged
visit-log.csv,3824,V03823,Visit Date,coerced,'06/05/2026' parsed as %d/%m/%Y
visit-log.csv,3824,V03823,Purpose,blank,Purpose not logged
visit-log.csv,3825,V03824,Visit Date,coerced,'26/05/2026' parsed as %d/%m/%Y
visit-log.csv,3827,V03826,Visit Date,coerced,'10/07/2026' parsed as %d/%m/%Y
visit-log.csv,3827,V03826,Remarks,blank,Outcome not logged
visit-log.csv,3828,V03827,Remarks,blank,Outcome not logged
visit-log.csv,3829,V03828,Visit Date,coerced,'11/07/2026' parsed as %d/%m/%Y
visit-log.csv,3830,V03829,Visit Date,coerced,'06/06/2026' parsed as %d/%m/%Y
visit-log.csv,3831,V03830,Visit Date,coerced,'05/06/2026' parsed as %d/%m/%Y
visit-log.csv,3832,V03831,Purpose,coerced,'followup' -> Follow up
visit-log.csv,3834,V03833,Visit Date,coerced,'11/06/2026' parsed as %d/%m/%Y
visit-log.csv,3834,V03833,Purpose,coerced,'followup' -> Follow up
visit-log.csv,3834,V03833,Remarks,blank,Outcome not logged
visit-log.csv,3835,V03834,Visit Date,coerced,'06/05/2026' parsed as %d/%m/%Y
visit-log.csv,3836,V03835,Visit Date,coerced,'23/07/2026' parsed as %d/%m/%Y
visit-log.csv,3836,V03835,Remarks,blank,Outcome not logged
visit-log.csv,3837,V03836,Purpose,coerced,'followup' -> Follow up
visit-log.csv,3837,V03836,Remarks,blank,Outcome not logged
visit-log.csv,3838,V03837,Visit Date,coerced,'03/07/2026' parsed as %d/%m/%Y
visit-log.csv,3839,V03838,Duration (mins),blank,Duration not recorded
visit-log.csv,3839,V03838,Purpose,coerced,'followup' -> Follow up
visit-log.csv,3840,V03839,Duration (mins),blank,Duration not recorded
visit-log.csv,3841,V03840,Remarks,blank,Outcome not logged
visit-log.csv,3842,V03841,Visit Date,coerced,'18/05/2026' parsed as %d/%m/%Y
visit-log.csv,3842,V03841,Duration (mins),blank,Duration not recorded
visit-log.csv,3843,V03842,Purpose,blank,Purpose not logged
visit-log.csv,3844,V03843,Visit Date,coerced,'18/07/2026' parsed as %d/%m/%Y
visit-log.csv,3845,V03844,Visit Date,coerced,'21/07/2026' parsed as %d/%m/%Y
visit-log.csv,3846,V03845,Visit Date,coerced,'12/05/2026' parsed as %d/%m/%Y
visit-log.csv,3846,V03845,Duration (mins),blank,Duration not recorded
visit-log.csv,3846,V03845,Remarks,blank,Outcome not logged
visit-log.csv,3847,V03846,Visit Date,coerced,'14/05/2026' parsed as %d/%m/%Y
visit-log.csv,3847,V03846,Remarks,blank,Outcome not logged
visit-log.csv,3848,V03847,Visit Date,coerced,'27/06/2026' parsed as %d/%m/%Y
visit-log.csv,3849,V03848,Remarks,blank,Outcome not logged
visit-log.csv,3850,V03849,Visit Date,coerced,'14/07/2026' parsed as %d/%m/%Y
visit-log.csv,3851,V03850,Remarks,blank,Outcome not logged
visit-log.csv,3852,V03851,Visit Date,coerced,'20/05/2026' parsed as %d/%m/%Y
visit-log.csv,3852,V03851,Purpose,coerced,'followup' -> Follow up
visit-log.csv,3852,V03851,Remarks,blank,Outcome not logged
visit-log.csv,3853,V03852,Visit Date,coerced,'10/07/2026' parsed as %d/%m/%Y
visit-log.csv,3853,V03852,Purpose,blank,Purpose not logged
visit-log.csv,3855,V03854,Visit Date,coerced,'06/07/2026' parsed as %d/%m/%Y
visit-log.csv,3855,V03854,Remarks,blank,Outcome not logged
visit-log.csv,3856,V03855,Visit Date,coerced,'21/07/2026' parsed as %d/%m/%Y
visit-log.csv,3857,V03856,Visit Date,coerced,'30/06/2026' parsed as %d/%m/%Y
visit-log.csv,3858,V03857,Visit Date,coerced,'08/07/2026' parsed as %d/%m/%Y
visit-log.csv,3858,V03857,Remarks,blank,Outcome not logged
visit-log.csv,3859,V03858,Remarks,blank,Outcome not logged
visit-log.csv,3860,V03859,Remarks,blank,Outcome not logged
visit-log.csv,3861,V03860,Visit Date,coerced,'21/05/2026' parsed as %d/%m/%Y
visit-log.csv,3862,V03861,Visit Date,coerced,'13/05/2026' parsed as %d/%m/%Y
visit-log.csv,3863,V03862,Visit Date,coerced,'07/07/2026' parsed as %d/%m/%Y
visit-log.csv,3863,V03862,Remarks,blank,Outcome not logged
visit-log.csv,3864,V03863,Visit Date,coerced,'25/05/2026' parsed as %d/%m/%Y
visit-log.csv,3864,V03863,Remarks,blank,Outcome not logged
visit-log.csv,3865,V03864,Visit Date,coerced,'16/07/2026' parsed as %d/%m/%Y
visit-log.csv,3865,V03864,Remarks,blank,Outcome not logged
visit-log.csv,3866,V03865,Purpose,coerced,'routine' -> Routine visit
visit-log.csv,3866,V03865,Remarks,blank,Outcome not logged
visit-log.csv,3867,V03866,Visit Date,coerced,'03/07/2026' parsed as %d/%m/%Y
visit-log.csv,3868,V03867,Visit Date,coerced,'06/07/2026' parsed as %d/%m/%Y
visit-log.csv,3868,V03867,Remarks,blank,Outcome not logged
visit-log.csv,3869,V03868,Visit Date,coerced,'23/07/2026' parsed as %d/%m/%Y
visit-log.csv,3869,V03868,Purpose,coerced,'routine' -> Routine visit
visit-log.csv,3870,V03869,Purpose,blank,Purpose not logged
visit-log.csv,3871,V03870,Visit Date,coerced,'25/06/2026' parsed as %d/%m/%Y
visit-log.csv,3871,V03870,Purpose,coerced,'followup' -> Follow up
visit-log.csv,3871,V03870,Remarks,blank,Outcome not logged
visit-log.csv,3872,V03871,Visit Date,coerced,'10/07/2026' parsed as %d/%m/%Y
visit-log.csv,3872,V03871,Remarks,blank,Outcome not logged
visit-log.csv,3873,V03872,Duration (mins),blank,Duration not recorded
visit-log.csv,3873,V03872,Purpose,blank,Purpose not logged
visit-log.csv,3874,V03873,Visit Date,coerced,'10/07/2026' parsed as %d/%m/%Y
visit-log.csv,3874,V03873,Duration (mins),blank,Duration not recorded
visit-log.csv,3874,V03873,Purpose,coerced,'followup' -> Follow up
visit-log.csv,3875,V03874,Visit Date,coerced,'14/05/2026' parsed as %d/%m/%Y
visit-log.csv,3875,V03874,Purpose,coerced,'followup' -> Follow up
visit-log.csv,3876,V03875,Remarks,blank,Outcome not logged
visit-log.csv,3877,V03876,Purpose,coerced,'routine' -> Routine visit
visit-log.csv,3877,V03876,Remarks,blank,Outcome not logged
visit-log.csv,3878,V03877,Visit Date,coerced,'29/07/2026' parsed as %d/%m/%Y
visit-log.csv,3879,V03878,Visit Date,coerced,'08/05/2026' parsed as %d/%m/%Y
visit-log.csv,3880,V03879,Remarks,blank,Outcome not logged
visit-log.csv,3881,V03880,Visit Date,coerced,'11/05/2026' parsed as %d/%m/%Y
visit-log.csv,3882,V03881,Visit Date,coerced,'06/07/2026' parsed as %d/%m/%Y
visit-log.csv,3882,V03881,Duration (mins),blank,Duration not recorded
visit-log.csv,3882,V03881,Purpose,coerced,'followup' -> Follow up
visit-log.csv,3882,V03881,Remarks,blank,Outcome not logged
visit-log.csv,3883,V03882,Visit Date,coerced,'16/06/2026' parsed as %d/%m/%Y
visit-log.csv,3884,V03883,Visit Date,coerced,'28/05/2026' parsed as %d/%m/%Y
visit-log.csv,3884,V03883,Purpose,coerced,'routine' -> Routine visit
visit-log.csv,3884,V03883,Remarks,blank,Outcome not logged
visit-log.csv,3885,V03884,Visit Date,coerced,'28/07/2026' parsed as %d/%m/%Y
visit-log.csv,3885,V03884,Duration (mins),blank,Duration not recorded
visit-log.csv,3886,V03885,Purpose,coerced,'routine' -> Routine visit
visit-log.csv,3887,V03886,Visit Date,coerced,'04/06/2026' parsed as %d/%m/%Y
visit-log.csv,3887,V03886,Duration (mins),blank,Duration not recorded
visit-log.csv,3888,V03887,Visit Date,coerced,'17/07/2026' parsed as %d/%m/%Y
visit-log.csv,3888,V03887,Remarks,blank,Outcome not logged
visit-log.csv,3889,V03888,Visit Date,coerced,'15/06/2026' parsed as %d/%m/%Y
visit-log.csv,3890,V03889,Visit Date,coerced,'17/06/2026' parsed as %d/%m/%Y
visit-log.csv,3890,V03889,Purpose,blank,Purpose not logged
visit-log.csv,3891,V03890,Visit Date,coerced,'23/07/2026' parsed as %d/%m/%Y
visit-log.csv,3891,V03890,Remarks,blank,Outcome not logged
visit-log.csv,3892,V03891,Visit Date,coerced,'08/07/2026' parsed as %d/%m/%Y
visit-log.csv,3893,V03892,Visit Date,coerced,'20/05/2026' parsed as %d/%m/%Y
visit-log.csv,3893,V03892,Remarks,blank,Outcome not logged
visit-log.csv,3894,V03893,Visit Date,coerced,'17/07/2026' parsed as %d/%m/%Y
visit-log.csv,3895,V03894,Visit Date,coerced,'20/05/2026' parsed as %d/%m/%Y
visit-log.csv,3895,V03894,Remarks,blank,Outcome not logged
visit-log.csv,3896,V03895,Duration (mins),blank,Duration not recorded
visit-log.csv,3896,V03895,Remarks,blank,Outcome not logged
visit-log.csv,3897,V03896,Visit Date,coerced,'23/06/2026' parsed as %d/%m/%Y
visit-log.csv,3898,V03897,Visit Date,coerced,'02/06/2026' parsed as %d/%m/%Y
visit-log.csv,3901,V03900,Visit Date,coerced,'21/06/2026' parsed as %d/%m/%Y
visit-log.csv,3901,V03900,Purpose,coerced,'followup' -> Follow up
visit-log.csv,3901,V03900,Remarks,blank,Outcome not logged
visit-log.csv,3902,V03901,Visit Date,coerced,'07/07/2026' parsed as %d/%m/%Y
visit-log.csv,3903,V03902,Visit Date,coerced,'20/05/2026' parsed as %d/%m/%Y
visit-log.csv,3904,V03903,Visit Date,coerced,'03/07/2026' parsed as %d/%m/%Y
visit-log.csv,3905,V03904,Visit Date,coerced,'22/05/2026' parsed as %d/%m/%Y
visit-log.csv,3906,V03905,Visit Date,coerced,'12/07/2026' parsed as %d/%m/%Y
visit-log.csv,3907,V03906,Duration (mins),blank,Duration not recorded
visit-log.csv,3908,V03907,Visit Date,coerced,'04/06/2026' parsed as %d/%m/%Y
visit-log.csv,3908,V03907,Remarks,blank,Outcome not logged
visit-log.csv,3909,V03908,Visit Date,coerced,'25/06/2026' parsed as %d/%m/%Y
visit-log.csv,3909,V03908,Duration (mins),blank,Duration not recorded
visit-log.csv,3910,V03909,Remarks,blank,Outcome not logged
visit-log.csv,3911,V03910,Remarks,blank,Outcome not logged
visit-log.csv,3912,V03911,Visit Date,coerced,'29/07/2026' parsed as %d/%m/%Y
visit-log.csv,3913,V03912,Visit Date,coerced,'23/05/2026' parsed as %d/%m/%Y
visit-log.csv,3914,V03913,Visit Date,coerced,'08/07/2026' parsed as %d/%m/%Y
visit-log.csv,3914,V03913,Purpose,coerced,'routine' -> Routine visit
visit-log.csv,3914,V03913,Remarks,blank,Outcome not logged
visit-log.csv,3915,V03914,Visit Date,coerced,'17/07/2026' parsed as %d/%m/%Y
visit-log.csv,3915,V03914,Duration (mins),blank,Duration not recorded
visit-log.csv,3917,V03916,Visit Date,coerced,'24/06/2026' parsed as %d/%m/%Y
visit-log.csv,3919,V03918,Visit Date,coerced,'10/07/2026' parsed as %d/%m/%Y
visit-log.csv,3919,V03918,Purpose,coerced,'followup' -> Follow up
visit-log.csv,3920,V03919,Visit Date,coerced,'07/07/2026' parsed as %d/%m/%Y
visit-log.csv,3920,V03919,Purpose,coerced,'routine' -> Routine visit
visit-log.csv,3921,V03920,Visit Date,coerced,'02/07/2026' parsed as %d/%m/%Y
visit-log.csv,3922,V03921,Remarks,blank,Outcome not logged
visit-log.csv,3923,V03922,Remarks,blank,Outcome not logged
visit-log.csv,3924,V03923,Visit Date,coerced,'26/06/2026' parsed as %d/%m/%Y
visit-log.csv,3925,V03924,Remarks,blank,Outcome not logged
visit-log.csv,3926,V03925,Visit Date,coerced,'08/06/2026' parsed as %d/%m/%Y
visit-log.csv,3926,V03925,Remarks,blank,Outcome not logged
visit-log.csv,3927,V03926,Remarks,blank,Outcome not logged
visit-log.csv,3928,V03927,Purpose,coerced,'followup' -> Follow up
visit-log.csv,3928,V03927,Remarks,blank,Outcome not logged
visit-log.csv,3929,V03928,Visit Date,coerced,'20/05/2026' parsed as %d/%m/%Y
visit-log.csv,3929,V03928,Remarks,blank,Outcome not logged
visit-log.csv,3930,V03929,Remarks,blank,Outcome not logged
visit-log.csv,3931,V03930,Visit Date,coerced,'19/05/2026' parsed as %d/%m/%Y
visit-log.csv,3931,V03930,Duration (mins),blank,Duration not recorded
visit-log.csv,3931,V03930,Purpose,blank,Purpose not logged
visit-log.csv,3932,V03931,Visit Date,coerced,'04/07/2026' parsed as %d/%m/%Y
visit-log.csv,3933,V03932,Visit Date,coerced,'18/07/2026' parsed as %d/%m/%Y
visit-log.csv,3934,V03933,Purpose,coerced,'routine' -> Routine visit
visit-log.csv,3935,V03934,Visit Date,coerced,'15/07/2026' parsed as %d/%m/%Y
visit-log.csv,3936,V03935,Duration (mins),blank,Duration not recorded
visit-log.csv,3936,V03935,Remarks,blank,Outcome not logged
visit-log.csv,3937,V03936,Visit Date,coerced,'27/07/2026' parsed as %d/%m/%Y
visit-log.csv,3937,V03936,Remarks,blank,Outcome not logged
visit-log.csv,3940,V03939,Visit Date,coerced,'08/07/2026' parsed as %d/%m/%Y
visit-log.csv,3940,V03939,Remarks,blank,Outcome not logged
visit-log.csv,3941,V03940,Visit Date,coerced,'24/07/2026' parsed as %d/%m/%Y
visit-log.csv,3941,V03940,Purpose,blank,Purpose not logged
visit-log.csv,3941,V03940,Remarks,blank,Outcome not logged
visit-log.csv,3942,V03941,Visit Date,coerced,'25/06/2026' parsed as %d/%m/%Y
visit-log.csv,3944,V03943,Visit Date,coerced,'13/05/2026' parsed as %d/%m/%Y
visit-log.csv,3944,V03943,Purpose,coerced,'followup' -> Follow up
visit-log.csv,3945,V03944,Purpose,coerced,'followup' -> Follow up
visit-log.csv,3945,V03944,Remarks,blank,Outcome not logged
visit-log.csv,3946,V03945,Visit Date,coerced,'23/05/2026' parsed as %d/%m/%Y
visit-log.csv,3947,V03946,Visit Date,coerced,'08/07/2026' parsed as %d/%m/%Y
visit-log.csv,3947,V03946,Purpose,coerced,'routine' -> Routine visit
visit-log.csv,3947,V03946,Remarks,blank,Outcome not logged
visit-log.csv,3948,V03947,Visit Date,coerced,'16/07/2026' parsed as %d/%m/%Y
visit-log.csv,3948,V03947,Remarks,blank,Outcome not logged
visit-log.csv,3950,V03949,Visit Date,coerced,'13/06/2026' parsed as %d/%m/%Y
visit-log.csv,3952,V03951,Visit Date,coerced,'29/05/2026' parsed as %d/%m/%Y
visit-log.csv,3954,V03953,Visit Date,coerced,'13/07/2026' parsed as %d/%m/%Y
visit-log.csv,3955,V03954,Visit Date,coerced,'13/06/2026' parsed as %d/%m/%Y
visit-log.csv,3956,V03955,Visit Date,coerced,'11/05/2026' parsed as %d/%m/%Y
visit-log.csv,3956,V03955,Remarks,blank,Outcome not logged
visit-log.csv,3957,V03956,Visit Date,coerced,'29/06/2026' parsed as %d/%m/%Y
visit-log.csv,3957,V03956,Purpose,coerced,'routine' -> Routine visit
visit-log.csv,3957,V03956,Remarks,blank,Outcome not logged
visit-log.csv,3958,V03957,Visit Date,coerced,'09/07/2026' parsed as %d/%m/%Y
visit-log.csv,3959,V03958,Visit Date,coerced,'09/05/2026' parsed as %d/%m/%Y
visit-log.csv,3959,V03958,Duration (mins),blank,Duration not recorded
visit-log.csv,3959,V03958,Purpose,blank,Purpose not logged
visit-log.csv,3960,V03959,Visit Date,coerced,'01/05/2026' parsed as %d/%m/%Y
visit-log.csv,3960,V03959,Purpose,coerced,'followup' -> Follow up
visit-log.csv,3960,V03959,Remarks,blank,Outcome not logged
visit-log.csv,3961,V03960,Visit Date,coerced,'25/06/2026' parsed as %d/%m/%Y
visit-log.csv,3961,V03960,Duration (mins),blank,Duration not recorded
visit-log.csv,3962,V03961,Visit Date,coerced,'27/06/2026' parsed as %d/%m/%Y
visit-log.csv,3962,V03961,Purpose,blank,Purpose not logged
visit-log.csv,3962,V03961,Remarks,blank,Outcome not logged
visit-log.csv,3963,V03962,Visit Date,coerced,'19/05/2026' parsed as %d/%m/%Y
visit-log.csv,3963,V03962,Duration (mins),blank,Duration not recorded
visit-log.csv,3963,V03962,Purpose,blank,Purpose not logged
visit-log.csv,3964,V03963,Visit Date,coerced,'08/05/2026' parsed as %d/%m/%Y
visit-log.csv,3964,V03963,Remarks,blank,Outcome not logged
visit-log.csv,3965,V03964,Visit Date,coerced,'06/05/2026' parsed as %d/%m/%Y
visit-log.csv,3966,V03965,Purpose,coerced,'followup' -> Follow up
visit-log.csv,3967,V03966,Visit Date,coerced,'16/06/2026' parsed as %d/%m/%Y
visit-log.csv,3967,V03966,Purpose,coerced,'routine' -> Routine visit
visit-log.csv,3969,V03968,Visit Date,coerced,'05/06/2026' parsed as %d/%m/%Y
visit-log.csv,3969,V03968,Remarks,blank,Outcome not logged
visit-log.csv,3971,V03970,Visit Date,coerced,'10/07/2026' parsed as %d/%m/%Y
visit-log.csv,3971,V03970,Remarks,blank,Outcome not logged
visit-log.csv,3972,V03971,Visit Date,coerced,'21/07/2026' parsed as %d/%m/%Y
visit-log.csv,3973,V03972,Visit Date,coerced,'02/07/2026' parsed as %d/%m/%Y
visit-log.csv,3974,V03973,Visit Date,coerced,'04/05/2026' parsed as %d/%m/%Y
visit-log.csv,3974,V03973,Duration (mins),blank,Duration not recorded
visit-log.csv,3974,V03973,Remarks,blank,Outcome not logged
visit-log.csv,3975,V03974,Visit Date,coerced,'01/05/2026' parsed as %d/%m/%Y
visit-log.csv,3975,V03974,Duration (mins),blank,Duration not recorded
visit-log.csv,3975,V03974,Remarks,blank,Outcome not logged
visit-log.csv,3976,V03975,Remarks,blank,Outcome not logged
visit-log.csv,3977,V03976,Visit Date,coerced,'15/07/2026' parsed as %d/%m/%Y
visit-log.csv,3977,V03976,Remarks,blank,Outcome not logged
visit-log.csv,3978,V03977,Visit Date,coerced,'08/07/2026' parsed as %d/%m/%Y
visit-log.csv,3978,V03977,Purpose,coerced,'followup' -> Follow up
visit-log.csv,3979,V03978,Visit Date,coerced,'04/06/2026' parsed as %d/%m/%Y
visit-log.csv,3979,V03978,Duration (mins),blank,Duration not recorded
visit-log.csv,3979,V03978,Remarks,blank,Outcome not logged
visit-log.csv,3980,V03979,Visit Date,coerced,'06/07/2026' parsed as %d/%m/%Y
visit-log.csv,3980,V03979,Purpose,coerced,'followup' -> Follow up
visit-log.csv,3980,V03979,Remarks,blank,Outcome not logged
visit-log.csv,3981,V03980,Visit Date,coerced,'29/07/2026' parsed as %d/%m/%Y
visit-log.csv,3981,V03980,Duration (mins),blank,Duration not recorded
visit-log.csv,3981,V03980,Remarks,blank,Outcome not logged
visit-log.csv,3982,V03981,Visit Date,coerced,'21/06/2026' parsed as %d/%m/%Y
visit-log.csv,3982,V03981,Remarks,blank,Outcome not logged
visit-log.csv,3983,V03982,Visit Date,coerced,'29/07/2026' parsed as %d/%m/%Y
visit-log.csv,3983,V03982,Duration (mins),blank,Duration not recorded
visit-log.csv,3985,V03984,Visit Date,coerced,'19/05/2026' parsed as %d/%m/%Y
visit-log.csv,3985,V03984,Duration (mins),blank,Duration not recorded
visit-log.csv,3986,V03985,Visit Date,coerced,'13/07/2026' parsed as %d/%m/%Y
visit-log.csv,3986,V03985,Purpose,blank,Purpose not logged
visit-log.csv,3987,V03986,Remarks,blank,Outcome not logged
visit-log.csv,3988,V03987,Visit Date,coerced,'11/06/2026' parsed as %d/%m/%Y
visit-log.csv,3988,V03987,Duration (mins),blank,Duration not recorded
visit-log.csv,3988,V03987,Remarks,blank,Outcome not logged
visit-log.csv,3989,V03988,Visit Date,coerced,'16/06/2026' parsed as %d/%m/%Y
visit-log.csv,3990,V03989,Visit Date,coerced,'16/05/2026' parsed as %d/%m/%Y
visit-log.csv,3990,V03989,Duration (mins),blank,Duration not recorded
visit-log.csv,3990,V03989,Purpose,coerced,'followup' -> Follow up
visit-log.csv,3991,V03990,Purpose,coerced,'routine' -> Routine visit
visit-log.csv,3992,V03991,Visit Date,coerced,'08/07/2026' parsed as %d/%m/%Y
visit-log.csv,3993,V03992,Visit Date,coerced,'21/05/2026' parsed as %d/%m/%Y
visit-log.csv,3993,V03992,Purpose,coerced,'routine' -> Routine visit
visit-log.csv,3993,V03992,Remarks,blank,Outcome not logged
visit-log.csv,3994,V03993,Visit Date,coerced,'25/05/2026' parsed as %d/%m/%Y
visit-log.csv,3995,V03994,Visit Date,coerced,'23/05/2026' parsed as %d/%m/%Y
visit-log.csv,3995,V03994,Purpose,blank,Purpose not logged
visit-log.csv,3996,V03995,Visit Date,coerced,'16/05/2026' parsed as %d/%m/%Y
visit-log.csv,3998,V03997,Visit Date,coerced,'09/06/2026' parsed as %d/%m/%Y
visit-log.csv,3998,V03997,Purpose,coerced,'routine' -> Routine visit
visit-log.csv,3999,V03998,Visit Date,coerced,'02/07/2026' parsed as %d/%m/%Y
visit-log.csv,3999,V03998,Duration (mins),blank,Duration not recorded
visit-log.csv,4000,V03999,Visit Date,coerced,'25/05/2026' parsed as %d/%m/%Y
visit-log.csv,4000,V03999,Remarks,blank,Outcome not logged
visit-log.csv,4001,V04000,Visit Date,coerced,'13/07/2026' parsed as %d/%m/%Y
visit-log.csv,4002,V04001,Visit Date,coerced,'04/05/2026' parsed as %d/%m/%Y
visit-log.csv,4003,V04002,Visit Date,coerced,'27/07/2026' parsed as %d/%m/%Y
visit-log.csv,4004,V04003,Visit Date,coerced,'09/05/2026' parsed as %d/%m/%Y
visit-log.csv,4004,V04003,Purpose,coerced,'routine' -> Routine visit
visit-log.csv,4005,V04004,Remarks,blank,Outcome not logged
visit-log.csv,4006,V04005,Visit Date,coerced,'03/07/2026' parsed as %d/%m/%Y
visit-log.csv,4006,V04005,Remarks,blank,Outcome not logged
visit-log.csv,4007,V04006,Visit Date,coerced,'25/07/2026' parsed as %d/%m/%Y
visit-log.csv,4007,V04006,Remarks,blank,Outcome not logged
visit-log.csv,4009,V04008,Visit Date,coerced,'23/06/2026' parsed as %d/%m/%Y
visit-log.csv,4011,V04010,Visit Date,coerced,'14/07/2026' parsed as %d/%m/%Y
visit-log.csv,4012,V04011,Visit Date,coerced,'16/05/2026' parsed as %d/%m/%Y
visit-log.csv,4013,V04012,Visit Date,coerced,'25/05/2026' parsed as %d/%m/%Y
visit-log.csv,4013,V04012,Purpose,blank,Purpose not logged
visit-log.csv,4014,V04013,Visit Date,coerced,'02/07/2026' parsed as %d/%m/%Y
visit-log.csv,4016,V04015,Duration (mins),blank,Duration not recorded
visit-log.csv,4016,V04015,Purpose,blank,Purpose not logged
visit-log.csv,4017,V04016,Visit Date,coerced,'04/05/2026' parsed as %d/%m/%Y
visit-log.csv,4017,V04016,Duration (mins),blank,Duration not recorded
visit-log.csv,4018,V04017,Visit Date,coerced,'25/06/2026' parsed as %d/%m/%Y
visit-log.csv,4018,V04017,Remarks,blank,Outcome not logged
visit-log.csv,4019,V04018,Visit Date,coerced,'18/06/2026' parsed as %d/%m/%Y
visit-log.csv,4019,V04018,Remarks,blank,Outcome not logged
visit-log.csv,4020,V04019,Visit Date,coerced,'13/05/2026' parsed as %d/%m/%Y
visit-log.csv,4020,V04019,Remarks,blank,Outcome not logged
visit-log.csv,4021,V04020,Visit Date,coerced,'18/05/2026' parsed as %d/%m/%Y
visit-log.csv,4021,V04020,Remarks,blank,Outcome not logged
visit-log.csv,4022,V04021,Visit Date,coerced,'31/05/2026' parsed as %d/%m/%Y
visit-log.csv,4022,V04021,Purpose,blank,Purpose not logged
visit-log.csv,4023,V04022,Visit Date,coerced,'16/07/2026' parsed as %d/%m/%Y
visit-log.csv,4023,V04022,Remarks,blank,Outcome not logged
visit-log.csv,4024,V04023,Visit Date,coerced,'05/05/2026' parsed as %d/%m/%Y
visit-log.csv,4025,V04024,Visit Date,coerced,'06/05/2026' parsed as %d/%m/%Y
visit-log.csv,4025,V04024,Purpose,blank,Purpose not logged
visit-log.csv,4025,V04024,Remarks,blank,Outcome not logged
visit-log.csv,4026,V04025,Visit Date,coerced,'09/06/2026' parsed as %d/%m/%Y
visit-log.csv,4026,V04025,Purpose,blank,Purpose not logged
visit-log.csv,4027,V04026,Visit Date,coerced,'15/07/2026' parsed as %d/%m/%Y
visit-log.csv,4028,V04027,Visit Date,coerced,'25/07/2026' parsed as %d/%m/%Y
visit-log.csv,4028,V04027,Purpose,coerced,'routine' -> Routine visit
visit-log.csv,4028,V04027,Remarks,blank,Outcome not logged
visit-log.csv,4029,V04028,Duration (mins),blank,Duration not recorded
visit-log.csv,4029,V04028,Purpose,coerced,'followup' -> Follow up
visit-log.csv,4030,V04029,Visit Date,coerced,'13/06/2026' parsed as %d/%m/%Y
visit-log.csv,4031,V04030,Visit Date,coerced,'11/05/2026' parsed as %d/%m/%Y
visit-log.csv,4031,V04030,Purpose,coerced,'routine' -> Routine visit
visit-log.csv,4032,V04031,Visit Date,coerced,'26/05/2026' parsed as %d/%m/%Y
visit-log.csv,4032,V04031,Purpose,coerced,'routine' -> Routine visit
visit-log.csv,4032,V04031,Remarks,blank,Outcome not logged
visit-log.csv,4035,V04034,Visit Date,coerced,'15/05/2026' parsed as %d/%m/%Y
visit-log.csv,4035,V04034,Purpose,coerced,'routine' -> Routine visit
visit-log.csv,4035,V04034,Remarks,blank,Outcome not logged
visit-log.csv,4036,V04035,Visit Date,coerced,'28/05/2026' parsed as %d/%m/%Y
visit-log.csv,4036,V04035,Purpose,coerced,'routine' -> Routine visit
visit-log.csv,4036,V04035,Remarks,blank,Outcome not logged
visit-log.csv,4037,V04036,Visit Date,coerced,'11/06/2026' parsed as %d/%m/%Y
visit-log.csv,4037,V04036,Purpose,blank,Purpose not logged
visit-log.csv,4037,V04036,Remarks,blank,Outcome not logged
visit-log.csv,4040,V04039,Visit Date,coerced,'12/05/2026' parsed as %d/%m/%Y
visit-log.csv,4040,V04039,Purpose,coerced,'followup' -> Follow up
visit-log.csv,4041,V04040,Visit Date,coerced,'09/05/2026' parsed as %d/%m/%Y
visit-log.csv,4042,V04041,Visit Date,coerced,'02/07/2026' parsed as %d/%m/%Y
visit-log.csv,4042,V04041,Duration (mins),blank,Duration not recorded
visit-log.csv,4043,V04042,Visit Date,coerced,'21/05/2026' parsed as %d/%m/%Y
visit-log.csv,4043,V04042,Remarks,blank,Outcome not logged
visit-log.csv,4045,V04044,Duration (mins),blank,Duration not recorded
visit-log.csv,4045,V04044,Purpose,coerced,'followup' -> Follow up
visit-log.csv,4046,V04045,Purpose,blank,Purpose not logged
visit-log.csv,4047,V04046,Visit Date,coerced,'03/07/2026' parsed as %d/%m/%Y
visit-log.csv,4047,V04046,Remarks,blank,Outcome not logged
visit-log.csv,4048,V04047,Visit Date,coerced,'20/05/2026' parsed as %d/%m/%Y
visit-log.csv,4049,V04048,Visit Date,coerced,'17/07/2026' parsed as %d/%m/%Y
visit-log.csv,4050,V04049,Visit Date,coerced,'21/05/2026' parsed as %d/%m/%Y
visit-log.csv,4050,V04049,Remarks,blank,Outcome not logged
visit-log.csv,4051,V04050,Visit Date,coerced,'06/06/2026' parsed as %d/%m/%Y
visit-log.csv,4051,V04050,Duration (mins),blank,Duration not recorded
visit-log.csv,4051,V04050,Purpose,coerced,'followup' -> Follow up
visit-log.csv,4052,V04051,Purpose,coerced,'followup' -> Follow up
visit-log.csv,4052,V04051,Remarks,blank,Outcome not logged
visit-log.csv,4053,V04052,Remarks,blank,Outcome not logged
visit-log.csv,4054,V04053,Visit Date,coerced,'16/05/2026' parsed as %d/%m/%Y
visit-log.csv,4054,V04053,Purpose,blank,Purpose not logged
visit-log.csv,4054,V04053,Remarks,blank,Outcome not logged
visit-log.csv,4055,V04054,Visit Date,coerced,'10/07/2026' parsed as %d/%m/%Y
visit-log.csv,4056,V04055,Visit Date,coerced,'07/05/2026' parsed as %d/%m/%Y
visit-log.csv,4057,V04056,Visit Date,coerced,'13/05/2026' parsed as %d/%m/%Y
visit-log.csv,4058,V04057,Visit Date,coerced,'06/07/2026' parsed as %d/%m/%Y
visit-log.csv,4059,V04058,Visit Date,coerced,'13/07/2026' parsed as %d/%m/%Y
visit-log.csv,4059,V04058,Purpose,coerced,'followup' -> Follow up
visit-log.csv,4059,V04058,Remarks,blank,Outcome not logged
visit-log.csv,4060,V04059,Visit Date,coerced,'04/07/2026' parsed as %d/%m/%Y
visit-log.csv,4060,V04059,Remarks,blank,Outcome not logged
visit-log.csv,4062,V04061,Visit Date,coerced,'13/05/2026' parsed as %d/%m/%Y
visit-log.csv,4062,V04061,Remarks,blank,Outcome not logged
visit-log.csv,4063,V04062,Visit Date,coerced,'12/06/2026' parsed as %d/%m/%Y
visit-log.csv,4064,V04063,Visit Date,coerced,'24/07/2026' parsed as %d/%m/%Y
visit-log.csv,4064,V04063,Duration (mins),blank,Duration not recorded
visit-log.csv,4065,V04064,Visit Date,coerced,'25/06/2026' parsed as %d/%m/%Y
visit-log.csv,4065,V04064,Remarks,blank,Outcome not logged
visit-log.csv,4066,V04065,Visit Date,coerced,'11/06/2026' parsed as %d/%m/%Y
visit-log.csv,4066,V04065,Duration (mins),blank,Duration not recorded
visit-log.csv,4066,V04065,Purpose,blank,Purpose not logged
visit-log.csv,4066,V04065,Remarks,blank,Outcome not logged
visit-log.csv,4067,V04066,Visit Date,coerced,'22/06/2026' parsed as %d/%m/%Y
visit-log.csv,4068,V04067,Visit Date,coerced,'07/05/2026' parsed as %d/%m/%Y
visit-log.csv,4068,V04067,Remarks,blank,Outcome not logged
visit-log.csv,4069,V04068,Visit Date,coerced,'11/06/2026' parsed as %d/%m/%Y
visit-log.csv,4070,V04069,Visit Date,coerced,'11/06/2026' parsed as %d/%m/%Y
visit-log.csv,4070,V04069,Remarks,blank,Outcome not logged
visit-log.csv,4071,V04070,Visit Date,coerced,'06/06/2026' parsed as %d/%m/%Y
visit-log.csv,4072,V04071,Duration (mins),blank,Duration not recorded
visit-log.csv,4073,V04072,Visit Date,coerced,'03/07/2026' parsed as %d/%m/%Y
visit-log.csv,4074,V04073,Visit Date,coerced,'29/07/2026' parsed as %d/%m/%Y
visit-log.csv,4074,V04073,Purpose,blank,Purpose not logged
visit-log.csv,4075,V04074,Visit Date,coerced,'25/06/2026' parsed as %d/%m/%Y
visit-log.csv,4075,V04074,Remarks,blank,Outcome not logged
visit-log.csv,4076,V04075,Visit Date,coerced,'18/06/2026' parsed as %d/%m/%Y
visit-log.csv,4077,V04076,Visit Date,coerced,'22/07/2026' parsed as %d/%m/%Y
visit-log.csv,4078,V04077,Visit Date,coerced,'11/06/2026' parsed as %d/%m/%Y
visit-log.csv,4079,V04078,Visit Date,coerced,'18/07/2026' parsed as %d/%m/%Y
visit-log.csv,4079,V04078,Remarks,blank,Outcome not logged
visit-log.csv,4080,V04079,Remarks,blank,Outcome not logged
visit-log.csv,4081,V04080,Purpose,coerced,'routine' -> Routine visit
visit-log.csv,4081,V04080,Remarks,blank,Outcome not logged
visit-log.csv,4083,V04082,Visit Date,coerced,'12/05/2026' parsed as %d/%m/%Y
visit-log.csv,4083,V04082,Purpose,blank,Purpose not logged
visit-log.csv,4083,V04082,Remarks,blank,Outcome not logged
visit-log.csv,4084,V04083,Visit Date,coerced,'09/06/2026' parsed as %d/%m/%Y
visit-log.csv,4084,V04083,Purpose,blank,Purpose not logged
visit-log.csv,4085,V04084,Visit Date,coerced,'26/05/2026' parsed as %d/%m/%Y
visit-log.csv,4086,V04085,Visit Date,coerced,'30/06/2026' parsed as %d/%m/%Y
visit-log.csv,4087,V04086,Visit Date,coerced,'20/05/2026' parsed as %d/%m/%Y
visit-log.csv,4088,V04087,Visit Date,coerced,'12/05/2026' parsed as %d/%m/%Y
visit-log.csv,4089,V04088,Visit Date,coerced,'20/07/2026' parsed as %d/%m/%Y
visit-log.csv,4089,V04088,Duration (mins),blank,Duration not recorded
visit-log.csv,4089,V04088,Purpose,blank,Purpose not logged
visit-log.csv,4090,V04089,Visit Date,coerced,'30/06/2026' parsed as %d/%m/%Y
visit-log.csv,4091,V04090,Duration (mins),blank,Duration not recorded
visit-log.csv,4092,V04091,Purpose,coerced,'followup' -> Follow up
visit-log.csv,4092,V04091,Remarks,blank,Outcome not logged
visit-log.csv,4093,V04092,Visit Date,coerced,'18/07/2026' parsed as %d/%m/%Y
visit-log.csv,4093,V04092,Remarks,blank,Outcome not logged
visit-log.csv,4094,V04093,Visit Date,coerced,'10/06/2026' parsed as %d/%m/%Y
visit-log.csv,4094,V04093,Remarks,blank,Outcome not logged
visit-log.csv,4095,V04094,Visit Date,coerced,'12/05/2026' parsed as %d/%m/%Y
visit-log.csv,4095,V04094,Remarks,blank,Outcome not logged
visit-log.csv,4096,V04095,Visit Date,coerced,'15/07/2026' parsed as %d/%m/%Y
visit-log.csv,4097,V04096,Visit Date,coerced,'10/07/2026' parsed as %d/%m/%Y
visit-log.csv,4098,V04097,Duration (mins),blank,Duration not recorded
visit-log.csv,4099,V04098,Visit Date,coerced,'30/07/2026' parsed as %d/%m/%Y
visit-log.csv,4099,V04098,Purpose,coerced,'followup' -> Follow up
visit-log.csv,4099,V04098,Remarks,blank,Outcome not logged
visit-log.csv,4100,V04099,Visit Date,coerced,'08/06/2026' parsed as %d/%m/%Y
visit-log.csv,4101,V04100,Visit Date,coerced,'07/05/2026' parsed as %d/%m/%Y
visit-log.csv,4101,V04100,Purpose,coerced,'followup' -> Follow up
visit-log.csv,4102,V04101,Purpose,coerced,'routine' -> Routine visit
visit-log.csv,4104,V04103,Visit Date,coerced,'10/07/2026' parsed as %d/%m/%Y
visit-log.csv,4104,V04103,Remarks,blank,Outcome not logged
visit-log.csv,4105,V04104,Purpose,coerced,'routine' -> Routine visit
visit-log.csv,4105,V04104,Remarks,blank,Outcome not logged
visit-log.csv,4106,V04105,Visit Date,coerced,'22/07/2026' parsed as %d/%m/%Y
visit-log.csv,4106,V04105,Remarks,blank,Outcome not logged
visit-log.csv,4107,V04106,Visit Date,coerced,'27/06/2026' parsed as %d/%m/%Y
visit-log.csv,4107,V04106,Duration (mins),blank,Duration not recorded
visit-log.csv,4107,V04106,Remarks,blank,Outcome not logged
visit-log.csv,4108,V04107,Visit Date,coerced,'06/05/2026' parsed as %d/%m/%Y
visit-log.csv,4108,V04107,Remarks,blank,Outcome not logged
visit-log.csv,4109,V04108,Visit Date,coerced,'17/06/2026' parsed as %d/%m/%Y
visit-log.csv,4109,V04108,Remarks,blank,Outcome not logged
visit-log.csv,4110,V04109,Remarks,blank,Outcome not logged
visit-log.csv,4111,V04110,Visit Date,coerced,'13/05/2026' parsed as %d/%m/%Y
visit-log.csv,4112,V04111,Visit Date,coerced,'29/07/2026' parsed as %d/%m/%Y
visit-log.csv,4113,V04112,Visit Date,coerced,'31/07/2026' parsed as %d/%m/%Y
visit-log.csv,4114,V04113,Visit Date,coerced,'17/07/2026' parsed as %d/%m/%Y
visit-log.csv,4114,V04113,Remarks,blank,Outcome not logged
visit-log.csv,4117,V04116,Visit Date,coerced,'08/05/2026' parsed as %d/%m/%Y
visit-log.csv,4117,V04116,Purpose,blank,Purpose not logged
visit-log.csv,4118,V04117,Visit Date,coerced,'29/07/2026' parsed as %d/%m/%Y
visit-log.csv,4119,V04118,Visit Date,coerced,'01/06/2026' parsed as %d/%m/%Y
visit-log.csv,4119,V04118,Remarks,blank,Outcome not logged
visit-log.csv,4120,V04119,Visit Date,coerced,'12/06/2026' parsed as %d/%m/%Y
visit-log.csv,4120,V04119,Remarks,blank,Outcome not logged
visit-log.csv,4122,V04121,Purpose,coerced,'routine' -> Routine visit
visit-log.csv,4123,V04122,Visit Date,coerced,'08/06/2026' parsed as %d/%m/%Y
visit-log.csv,4123,V04122,Purpose,blank,Purpose not logged
visit-log.csv,4124,V04123,Visit Date,coerced,'24/06/2026' parsed as %d/%m/%Y
visit-log.csv,4124,V04123,Remarks,blank,Outcome not logged
visit-log.csv,4125,V04124,Visit Date,coerced,'07/07/2026' parsed as %d/%m/%Y
visit-log.csv,4125,V04124,Remarks,blank,Outcome not logged
visit-log.csv,4126,V04125,Visit Date,coerced,'23/07/2026' parsed as %d/%m/%Y
visit-log.csv,4126,V04125,Remarks,blank,Outcome not logged
visit-log.csv,4127,V04126,Visit Date,coerced,'23/07/2026' parsed as %d/%m/%Y
visit-log.csv,4127,V04126,Purpose,coerced,'routine' -> Routine visit
visit-log.csv,4127,V04126,Remarks,blank,Outcome not logged
visit-log.csv,4128,V04127,Duration (mins),blank,Duration not recorded
visit-log.csv,4130,V04129,Remarks,blank,Outcome not logged
visit-log.csv,4131,V04130,Purpose,coerced,'followup' -> Follow up
visit-log.csv,4132,V04131,Visit Date,coerced,'08/05/2026' parsed as %d/%m/%Y
visit-log.csv,4132,V04131,Purpose,coerced,'followup' -> Follow up
visit-log.csv,4132,V04131,Remarks,blank,Outcome not logged
visit-log.csv,4133,V04132,Visit Date,coerced,'07/05/2026' parsed as %d/%m/%Y
visit-log.csv,4133,V04132,Purpose,coerced,'routine' -> Routine visit
visit-log.csv,4133,V04132,Remarks,blank,Outcome not logged
visit-log.csv,4135,V04134,Visit Date,coerced,'07/05/2026' parsed as %d/%m/%Y
visit-log.csv,4135,V04134,Purpose,coerced,'routine' -> Routine visit
visit-log.csv,4135,V04134,Remarks,blank,Outcome not logged
visit-log.csv,4137,V04136,Visit Date,coerced,'24/06/2026' parsed as %d/%m/%Y
visit-log.csv,4137,V04136,Remarks,blank,Outcome not logged
visit-log.csv,4138,V04137,Remarks,blank,Outcome not logged
visit-log.csv,4139,V04138,Remarks,blank,Outcome not logged
visit-log.csv,4140,V04139,Visit Date,coerced,'07/07/2026' parsed as %d/%m/%Y
visit-log.csv,4140,V04139,Duration (mins),blank,Duration not recorded
visit-log.csv,4140,V04139,Purpose,blank,Purpose not logged
visit-log.csv,4141,V04140,Visit Date,coerced,'29/05/2026' parsed as %d/%m/%Y
visit-log.csv,4142,V04141,Visit Date,coerced,'27/05/2026' parsed as %d/%m/%Y
visit-log.csv,4143,V04142,Visit Date,coerced,'06/06/2026' parsed as %d/%m/%Y
visit-log.csv,4143,V04142,Duration (mins),blank,Duration not recorded
visit-log.csv,4144,V04143,Purpose,coerced,'followup' -> Follow up
visit-log.csv,4145,V04144,Visit Date,coerced,'03/07/2026' parsed as %d/%m/%Y
visit-log.csv,4146,V04145,Visit Date,coerced,'12/06/2026' parsed as %d/%m/%Y
visit-log.csv,4147,V04146,Visit Date,coerced,'03/06/2026' parsed as %d/%m/%Y
visit-log.csv,4148,V04147,Remarks,blank,Outcome not logged
visit-log.csv,4149,V04148,Duration (mins),blank,Duration not recorded
visit-log.csv,4150,V04149,Purpose,coerced,'routine' -> Routine visit
visit-log.csv,4151,V04150,Visit Date,coerced,'07/07/2026' parsed as %d/%m/%Y
visit-log.csv,4152,V04151,Remarks,blank,Outcome not logged
visit-log.csv,4153,V04152,Visit Date,coerced,'09/07/2026' parsed as %d/%m/%Y
visit-log.csv,4153,V04152,Duration (mins),blank,Duration not recorded
visit-log.csv,4153,V04152,Purpose,coerced,'routine' -> Routine visit
visit-log.csv,4154,V04153,Visit Date,coerced,'13/06/2026' parsed as %d/%m/%Y
visit-log.csv,4155,V04154,Visit Date,coerced,'05/06/2026' parsed as %d/%m/%Y
visit-log.csv,4156,V04155,Visit Date,coerced,'21/07/2026' parsed as %d/%m/%Y
visit-log.csv,4156,V04155,Remarks,blank,Outcome not logged
visit-log.csv,4157,V04156,Visit Date,coerced,'19/06/2026' parsed as %d/%m/%Y
visit-log.csv,4157,V04156,Remarks,blank,Outcome not logged
visit-log.csv,4158,V04157,Visit Date,coerced,'16/06/2026' parsed as %d/%m/%Y
visit-log.csv,4158,V04157,Duration (mins),blank,Duration not recorded
visit-log.csv,4158,V04157,Remarks,blank,Outcome not logged
visit-log.csv,4159,V04158,Remarks,blank,Outcome not logged
visit-log.csv,4160,V04159,Visit Date,coerced,'15/05/2026' parsed as %d/%m/%Y
visit-log.csv,4161,V04160,Visit Date,coerced,'03/05/2026' parsed as %d/%m/%Y
visit-log.csv,4161,V04160,Purpose,blank,Purpose not logged
visit-log.csv,4161,V04160,Remarks,blank,Outcome not logged
visit-log.csv,4162,V04161,Visit Date,coerced,'26/05/2026' parsed as %d/%m/%Y
visit-log.csv,4163,V04162,Purpose,coerced,'followup' -> Follow up
visit-log.csv,4164,V04163,Remarks,blank,Outcome not logged
visit-log.csv,4165,V04164,Purpose,coerced,'routine' -> Routine visit
visit-log.csv,4166,V04165,Visit Date,coerced,'07/07/2026' parsed as %d/%m/%Y
visit-log.csv,4167,V04166,Visit Date,coerced,'14/07/2026' parsed as %d/%m/%Y
visit-log.csv,4168,V04167,Visit Date,coerced,'12/05/2026' parsed as %d/%m/%Y
visit-log.csv,4169,V04168,Visit Date,coerced,'17/06/2026' parsed as %d/%m/%Y
visit-log.csv,4170,V04169,Visit Date,coerced,'18/05/2026' parsed as %d/%m/%Y
visit-log.csv,4170,V04169,Purpose,coerced,'followup' -> Follow up
visit-log.csv,4170,V04169,Remarks,blank,Outcome not logged
visit-log.csv,4171,V04170,Visit Date,coerced,'21/07/2026' parsed as %d/%m/%Y
visit-log.csv,4172,V04171,Purpose,blank,Purpose not logged
visit-log.csv,4172,V04171,Remarks,blank,Outcome not logged
visit-log.csv,4173,V04172,Visit Date,coerced,'19/07/2026' parsed as %d/%m/%Y
visit-log.csv,4174,V04173,Remarks,blank,Outcome not logged
visit-log.csv,4175,V04174,Visit Date,coerced,'26/06/2026' parsed as %d/%m/%Y
visit-log.csv,4175,V04174,Duration (mins),blank,Duration not recorded
visit-log.csv,4175,V04174,Purpose,coerced,'followup' -> Follow up
visit-log.csv,4177,V04176,Visit Date,coerced,'16/07/2026' parsed as %d/%m/%Y
visit-log.csv,4178,V04177,Visit Date,coerced,'03/07/2026' parsed as %d/%m/%Y
visit-log.csv,4179,V04178,Visit Date,coerced,'30/06/2026' parsed as %d/%m/%Y
visit-log.csv,4179,V04178,Remarks,blank,Outcome not logged
visit-log.csv,4180,V04179,Visit Date,coerced,'25/05/2026' parsed as %d/%m/%Y
visit-log.csv,4180,V04179,Duration (mins),blank,Duration not recorded
visit-log.csv,4180,V04179,Purpose,coerced,'routine' -> Routine visit
visit-log.csv,4181,V04180,Visit Date,coerced,'05/06/2026' parsed as %d/%m/%Y
visit-log.csv,4181,V04180,Remarks,blank,Outcome not logged
visit-log.csv,4182,V04181,Visit Date,coerced,'16/05/2026' parsed as %d/%m/%Y
visit-log.csv,4182,V04181,Remarks,blank,Outcome not logged
visit-log.csv,4183,V04182,Visit Date,coerced,'25/07/2026' parsed as %d/%m/%Y
visit-log.csv,4183,V04182,Purpose,blank,Purpose not logged
visit-log.csv,4183,V04182,Remarks,blank,Outcome not logged
visit-log.csv,4184,V04183,Visit Date,coerced,'12/05/2026' parsed as %d/%m/%Y
visit-log.csv,4185,V04184,Visit Date,coerced,'03/07/2026' parsed as %d/%m/%Y
visit-log.csv,4185,V04184,Remarks,blank,Outcome not logged
visit-log.csv,4186,V04185,Visit Date,coerced,'04/06/2026' parsed as %d/%m/%Y
visit-log.csv,4186,V04185,Remarks,blank,Outcome not logged
visit-log.csv,4187,V04186,Visit Date,coerced,'18/06/2026' parsed as %d/%m/%Y
visit-log.csv,4188,V04187,Visit Date,coerced,'20/07/2026' parsed as %d/%m/%Y
visit-log.csv,4188,V04187,Purpose,blank,Purpose not logged
visit-log.csv,4189,V04188,Visit Date,coerced,'29/07/2026' parsed as %d/%m/%Y
visit-log.csv,4189,V04188,Remarks,blank,Outcome not logged
visit-log.csv,4192,V04191,Visit Date,coerced,'30/07/2026' parsed as %d/%m/%Y
visit-log.csv,4193,V04192,Visit Date,coerced,'21/07/2026' parsed as %d/%m/%Y
visit-log.csv,4193,V04192,Purpose,coerced,'routine' -> Routine visit
visit-log.csv,4194,V04193,Visit Date,coerced,'28/06/2026' parsed as %d/%m/%Y
visit-log.csv,4195,V04194,Visit Date,coerced,'01/07/2026' parsed as %d/%m/%Y
visit-log.csv,4196,V04195,Visit Date,coerced,'12/05/2026' parsed as %d/%m/%Y
visit-log.csv,4196,V04195,Duration (mins),blank,Duration not recorded
visit-log.csv,4197,V04196,Visit Date,coerced,'19/07/2026' parsed as %d/%m/%Y
visit-log.csv,4197,V04196,Purpose,coerced,'followup' -> Follow up
visit-log.csv,4197,V04196,Remarks,blank,Outcome not logged
visit-log.csv,4199,V04198,Remarks,blank,Outcome not logged
visit-log.csv,4201,V04200,Visit Date,coerced,'11/07/2026' parsed as %d/%m/%Y
visit-log.csv,4202,V04201,Purpose,coerced,'followup' -> Follow up
visit-log.csv,4202,V04201,Remarks,blank,Outcome not logged
visit-log.csv,4203,V04202,Visit Date,coerced,'17/07/2026' parsed as %d/%m/%Y
visit-log.csv,4203,V04202,Purpose,coerced,'routine' -> Routine visit
visit-log.csv,4204,V04203,Visit Date,coerced,'20/05/2026' parsed as %d/%m/%Y
visit-log.csv,4207,V04206,Visit Date,coerced,'25/05/2026' parsed as %d/%m/%Y
visit-log.csv,4208,V04207,Purpose,coerced,'routine' -> Routine visit
visit-log.csv,4208,V04207,Remarks,blank,Outcome not logged
visit-log.csv,4209,V04208,Visit Date,coerced,'11/07/2026' parsed as %d/%m/%Y
visit-log.csv,4209,V04208,Remarks,blank,Outcome not logged
visit-log.csv,4210,V04209,Visit Date,coerced,'29/05/2026' parsed as %d/%m/%Y
visit-log.csv,4210,V04209,Duration (mins),blank,Duration not recorded
visit-log.csv,4210,V04209,Remarks,blank,Outcome not logged
visit-log.csv,4211,V04210,Visit Date,coerced,'13/07/2026' parsed as %d/%m/%Y
visit-log.csv,4211,V04210,Remarks,blank,Outcome not logged
visit-log.csv,4212,V04211,Visit Date,coerced,'21/07/2026' parsed as %d/%m/%Y
visit-log.csv,4213,V04212,Remarks,blank,Outcome not logged
visit-log.csv,4214,V04213,Visit Date,coerced,'09/06/2026' parsed as %d/%m/%Y
visit-log.csv,4214,V04213,Purpose,blank,Purpose not logged
visit-log.csv,4215,V04214,Visit Date,coerced,'15/06/2026' parsed as %d/%m/%Y
visit-log.csv,4216,V04215,Visit Date,coerced,'18/05/2026' parsed as %d/%m/%Y
visit-log.csv,4216,V04215,Purpose,blank,Purpose not logged
visit-log.csv,4216,V04215,Remarks,blank,Outcome not logged
visit-log.csv,4217,V04216,Remarks,blank,Outcome not logged
visit-log.csv,4218,V04217,Visit Date,coerced,'27/05/2026' parsed as %d/%m/%Y
visit-log.csv,4218,V04217,Purpose,coerced,'routine' -> Routine visit
visit-log.csv,4219,V04218,Visit Date,coerced,'06/05/2026' parsed as %d/%m/%Y
visit-log.csv,4220,V04219,Duration (mins),blank,Duration not recorded
visit-log.csv,4220,V04219,Purpose,blank,Purpose not logged
visit-log.csv,4221,V04220,Visit Date,coerced,'18/06/2026' parsed as %d/%m/%Y
visit-log.csv,4221,V04220,Remarks,blank,Outcome not logged
visit-log.csv,4222,V04221,Remarks,blank,Outcome not logged
visit-log.csv,4223,V04222,Visit Date,coerced,'15/06/2026' parsed as %d/%m/%Y
visit-log.csv,4223,V04222,Remarks,blank,Outcome not logged
visit-log.csv,4224,V04223,Visit Date,coerced,'04/06/2026' parsed as %d/%m/%Y
visit-log.csv,4224,V04223,Purpose,coerced,'followup' -> Follow up
visit-log.csv,4225,V04224,Visit Date,coerced,'14/07/2026' parsed as %d/%m/%Y
visit-log.csv,4226,V04225,Visit Date,coerced,'16/06/2026' parsed as %d/%m/%Y
visit-log.csv,4226,V04225,Remarks,blank,Outcome not logged
visit-log.csv,4228,V04227,Visit Date,coerced,'13/07/2026' parsed as %d/%m/%Y
visit-log.csv,4228,V04227,Purpose,coerced,'routine' -> Routine visit
visit-log.csv,4229,V04228,Remarks,blank,Outcome not logged
visit-log.csv,4231,V04230,Visit Date,coerced,'30/07/2026' parsed as %d/%m/%Y
visit-log.csv,4232,V04231,Visit Date,coerced,'13/05/2026' parsed as %d/%m/%Y
visit-log.csv,4232,V04231,Purpose,coerced,'routine' -> Routine visit
visit-log.csv,4233,V04232,Visit Date,coerced,'14/07/2026' parsed as %d/%m/%Y
visit-log.csv,4233,V04232,Duration (mins),blank,Duration not recorded
visit-log.csv,4234,V04233,Visit Date,coerced,'29/07/2026' parsed as %d/%m/%Y
visit-log.csv,4234,V04233,Remarks,blank,Outcome not logged
visit-log.csv,4236,V04235,Visit Date,coerced,'03/07/2026' parsed as %d/%m/%Y
visit-log.csv,4237,V04236,Visit Date,coerced,'15/06/2026' parsed as %d/%m/%Y
visit-log.csv,4238,V04237,Visit Date,coerced,'09/06/2026' parsed as %d/%m/%Y
visit-log.csv,4239,V04238,Remarks,blank,Outcome not logged
visit-log.csv,4240,V04239,Visit Date,coerced,'17/06/2026' parsed as %d/%m/%Y
visit-log.csv,4240,V04239,Remarks,blank,Outcome not logged
visit-log.csv,4241,V04240,Visit Date,coerced,'01/07/2026' parsed as %d/%m/%Y
visit-log.csv,4242,V04241,Duration (mins),blank,Duration not recorded
visit-log.csv,4243,V04242,Duration (mins),blank,Duration not recorded
visit-log.csv,4243,V04242,Purpose,coerced,'followup' -> Follow up
visit-log.csv,4244,V04243,Visit Date,coerced,'07/07/2026' parsed as %d/%m/%Y
visit-log.csv,4244,V04243,Purpose,coerced,'routine' -> Routine visit
visit-log.csv,4245,V04244,Visit Date,coerced,'24/06/2026' parsed as %d/%m/%Y
visit-log.csv,4245,V04244,Remarks,blank,Outcome not logged
visit-log.csv,4246,V04245,Visit Date,coerced,'21/05/2026' parsed as %d/%m/%Y
visit-log.csv,4246,V04245,Purpose,blank,Purpose not logged
visit-log.csv,4246,V04245,Remarks,blank,Outcome not logged
visit-log.csv,4248,V04247,Visit Date,coerced,'21/07/2026' parsed as %d/%m/%Y
visit-log.csv,4248,V04247,Duration (mins),blank,Duration not recorded
visit-log.csv,4249,V04248,Visit Date,coerced,'21/05/2026' parsed as %d/%m/%Y
visit-log.csv,4249,V04248,Purpose,coerced,'routine' -> Routine visit
visit-log.csv,4250,V04249,Visit Date,coerced,'10/07/2026' parsed as %d/%m/%Y
visit-log.csv,4252,V04251,Visit Date,coerced,'28/07/2026' parsed as %d/%m/%Y
visit-log.csv,4252,V04251,Duration (mins),blank,Duration not recorded
visit-log.csv,4253,V04252,Remarks,blank,Outcome not logged
visit-log.csv,4254,V04253,Visit Date,coerced,'02/05/2026' parsed as %d/%m/%Y
visit-log.csv,4254,V04253,Remarks,blank,Outcome not logged
visit-log.csv,4256,V04255,Purpose,coerced,'routine' -> Routine visit
visit-log.csv,4256,V04255,Remarks,blank,Outcome not logged
visit-log.csv,4257,V04256,Visit Date,coerced,'19/05/2026' parsed as %d/%m/%Y
visit-log.csv,4258,V04257,Visit Date,coerced,'29/06/2026' parsed as %d/%m/%Y
visit-log.csv,4259,V04258,Visit Date,coerced,'03/07/2026' parsed as %d/%m/%Y
visit-log.csv,4259,V04258,Duration (mins),blank,Duration not recorded
visit-log.csv,4259,V04258,Purpose,coerced,'followup' -> Follow up
visit-log.csv,4260,V04259,Visit Date,coerced,'23/07/2026' parsed as %d/%m/%Y
visit-log.csv,4261,V04260,Visit Date,coerced,'07/07/2026' parsed as %d/%m/%Y
visit-log.csv,4261,V04260,Duration (mins),blank,Duration not recorded
visit-log.csv,4262,V04261,Purpose,blank,Purpose not logged
visit-log.csv,4262,V04261,Remarks,blank,Outcome not logged
visit-log.csv,4263,V04262,Purpose,coerced,'followup' -> Follow up
visit-log.csv,4264,V04263,Remarks,blank,Outcome not logged
visit-log.csv,4265,V04264,Visit Date,coerced,'02/06/2026' parsed as %d/%m/%Y
visit-log.csv,4265,V04264,Purpose,blank,Purpose not logged
visit-log.csv,4265,V04264,Remarks,blank,Outcome not logged
visit-log.csv,4267,V04266,Visit Date,coerced,'03/07/2026' parsed as %d/%m/%Y
visit-log.csv,4267,V04266,Remarks,blank,Outcome not logged
visit-log.csv,4268,V04267,Visit Date,coerced,'22/06/2026' parsed as %d/%m/%Y
visit-log.csv,4268,V04267,Remarks,blank,Outcome not logged
visit-log.csv,4270,V04269,Visit Date,coerced,'12/07/2026' parsed as %d/%m/%Y
visit-log.csv,4270,V04269,Purpose,coerced,'routine' -> Routine visit
visit-log.csv,4271,V04270,Visit Date,coerced,'27/06/2026' parsed as %d/%m/%Y
visit-log.csv,4271,V04270,Duration (mins),blank,Duration not recorded
visit-log.csv,4272,V04271,Visit Date,coerced,'28/05/2026' parsed as %d/%m/%Y
visit-log.csv,4272,V04271,Purpose,coerced,'followup' -> Follow up
visit-log.csv,4273,V04272,Visit Date,coerced,'09/06/2026' parsed as %d/%m/%Y
visit-log.csv,4273,V04272,Remarks,blank,Outcome not logged
visit-log.csv,4274,V04273,Visit Date,coerced,'27/07/2026' parsed as %d/%m/%Y
visit-log.csv,4275,V04274,Visit Date,coerced,'30/07/2026' parsed as %d/%m/%Y
visit-log.csv,4275,V04274,Remarks,blank,Outcome not logged
visit-log.csv,4276,V04275,Remarks,blank,Outcome not logged
visit-log.csv,4277,V04276,Visit Date,coerced,'23/07/2026' parsed as %d/%m/%Y
visit-log.csv,4278,V04277,Visit Date,coerced,'12/05/2026' parsed as %d/%m/%Y
visit-log.csv,4278,V04277,Duration (mins),blank,Duration not recorded
visit-log.csv,4279,V04278,Remarks,blank,Outcome not logged
visit-log.csv,4280,V04279,Visit Date,coerced,'08/06/2026' parsed as %d/%m/%Y
visit-log.csv,4280,V04279,Remarks,blank,Outcome not logged
visit-log.csv,4282,V04281,Remarks,blank,Outcome not logged
visit-log.csv,4283,V04282,Remarks,blank,Outcome not logged
visit-log.csv,4284,V04283,Visit Date,coerced,'25/07/2026' parsed as %d/%m/%Y
visit-log.csv,4284,V04283,Duration (mins),blank,Duration not recorded
visit-log.csv,4284,V04283,Purpose,coerced,'routine' -> Routine visit
visit-log.csv,4285,V04284,Visit Date,coerced,'06/07/2026' parsed as %d/%m/%Y
visit-log.csv,4286,V04285,Visit Date,coerced,'30/05/2026' parsed as %d/%m/%Y
visit-log.csv,4287,V04286,Visit Date,coerced,'15/07/2026' parsed as %d/%m/%Y
visit-log.csv,4287,V04286,Remarks,blank,Outcome not logged
visit-log.csv,4288,V04287,Remarks,blank,Outcome not logged
visit-log.csv,4289,V04288,Visit Date,coerced,'18/06/2026' parsed as %d/%m/%Y
visit-log.csv,4289,V04288,Duration (mins),blank,Duration not recorded
visit-log.csv,4289,V04288,Purpose,coerced,'routine' -> Routine visit
visit-log.csv,4289,V04288,Remarks,blank,Outcome not logged
visit-log.csv,4290,V04289,Visit Date,coerced,'11/05/2026' parsed as %d/%m/%Y
visit-log.csv,4291,V04290,Remarks,blank,Outcome not logged
visit-log.csv,4292,V04291,Visit Date,coerced,'29/05/2026' parsed as %d/%m/%Y
visit-log.csv,4292,V04291,Purpose,coerced,'followup' -> Follow up
visit-log.csv,4292,V04291,Remarks,blank,Outcome not logged
visit-log.csv,4293,V04292,Visit Date,coerced,'15/06/2026' parsed as %d/%m/%Y
visit-log.csv,4294,V04293,Visit Date,coerced,'17/07/2026' parsed as %d/%m/%Y
visit-log.csv,4295,V04294,Visit Date,coerced,'27/06/2026' parsed as %d/%m/%Y
visit-log.csv,4295,V04294,Remarks,blank,Outcome not logged
visit-log.csv,4296,V04295,Remarks,blank,Outcome not logged
visit-log.csv,4297,V04296,Visit Date,coerced,'22/06/2026' parsed as %d/%m/%Y
visit-log.csv,4297,V04296,Remarks,blank,Outcome not logged
visit-log.csv,4298,V04297,Remarks,blank,Outcome not logged
visit-log.csv,4299,V04298,Visit Date,coerced,'08/05/2026' parsed as %d/%m/%Y
visit-log.csv,4299,V04298,Duration (mins),blank,Duration not recorded
visit-log.csv,4300,V04299,Remarks,blank,Outcome not logged
visit-log.csv,4301,V04300,Visit Date,coerced,'11/05/2026' parsed as %d/%m/%Y
visit-log.csv,4301,V04300,Duration (mins),blank,Duration not recorded
visit-log.csv,4301,V04300,Purpose,coerced,'routine' -> Routine visit
visit-log.csv,4301,V04300,Remarks,blank,Outcome not logged
visit-log.csv,4302,V04301,Visit Date,coerced,'25/07/2026' parsed as %d/%m/%Y
visit-log.csv,4303,V04302,Visit Date,coerced,'03/07/2026' parsed as %d/%m/%Y
visit-log.csv,4305,V04304,Purpose,coerced,'followup' -> Follow up
visit-log.csv,4306,V04305,Visit Date,coerced,'23/06/2026' parsed as %d/%m/%Y
visit-log.csv,4307,V04306,Visit Date,coerced,'23/07/2026' parsed as %d/%m/%Y
visit-log.csv,4308,V04307,Visit Date,coerced,'12/06/2026' parsed as %d/%m/%Y
visit-log.csv,4308,V04307,Duration (mins),blank,Duration not recorded
visit-log.csv,4308,V04307,Purpose,coerced,'routine' -> Routine visit
visit-log.csv,4311,V04310,Visit Date,coerced,'06/05/2026' parsed as %d/%m/%Y
visit-log.csv,4312,V04311,Visit Date,coerced,'23/07/2026' parsed as %d/%m/%Y
visit-log.csv,4312,V04311,Remarks,blank,Outcome not logged
visit-log.csv,4313,V04312,Visit Date,coerced,'05/05/2026' parsed as %d/%m/%Y
visit-log.csv,4313,V04312,Remarks,blank,Outcome not logged
visit-log.csv,4315,V04314,Visit Date,coerced,'14/07/2026' parsed as %d/%m/%Y
visit-log.csv,4315,V04314,Duration (mins),blank,Duration not recorded
visit-log.csv,4316,V04315,Visit Date,coerced,'12/06/2026' parsed as %d/%m/%Y
visit-log.csv,4316,V04315,Remarks,blank,Outcome not logged
visit-log.csv,4317,V04316,Visit Date,coerced,'05/06/2026' parsed as %d/%m/%Y
visit-log.csv,4318,V04317,Visit Date,coerced,'27/07/2026' parsed as %d/%m/%Y
visit-log.csv,4318,V04317,Duration (mins),blank,Duration not recorded
visit-log.csv,4319,V04318,Visit Date,coerced,'25/05/2026' parsed as %d/%m/%Y
visit-log.csv,4319,V04318,Duration (mins),blank,Duration not recorded
visit-log.csv,4320,V04319,Purpose,coerced,'followup' -> Follow up
visit-log.csv,4321,V04320,Visit Date,coerced,'18/05/2026' parsed as %d/%m/%Y
visit-log.csv,4322,V04321,Visit Date,coerced,'16/05/2026' parsed as %d/%m/%Y
visit-log.csv,4322,V04321,Purpose,coerced,'followup' -> Follow up
visit-log.csv,4322,V04321,Remarks,blank,Outcome not logged
visit-log.csv,4323,V04322,Visit Date,coerced,'12/06/2026' parsed as %d/%m/%Y
visit-log.csv,4324,V04323,Purpose,blank,Purpose not logged
visit-log.csv,4324,V04323,Remarks,blank,Outcome not logged
visit-log.csv,4325,V04324,Visit Date,coerced,'20/06/2026' parsed as %d/%m/%Y
visit-log.csv,4326,V04325,Visit Date,coerced,'17/06/2026' parsed as %d/%m/%Y
visit-log.csv,4327,V04326,Remarks,blank,Outcome not logged
visit-log.csv,4328,V04327,Visit Date,coerced,'11/07/2026' parsed as %d/%m/%Y
visit-log.csv,4329,V04328,Remarks,blank,Outcome not logged
visit-log.csv,4330,V04329,Visit Date,coerced,'12/05/2026' parsed as %d/%m/%Y
visit-log.csv,4330,V04329,Remarks,blank,Outcome not logged
visit-log.csv,4332,V04331,Purpose,blank,Purpose not logged
visit-log.csv,4333,V04332,Visit Date,coerced,'07/06/2026' parsed as %d/%m/%Y
visit-log.csv,4333,V04332,Remarks,blank,Outcome not logged
visit-log.csv,4334,V04333,Visit Date,coerced,'27/05/2026' parsed as %d/%m/%Y
visit-log.csv,4334,V04333,Duration (mins),blank,Duration not recorded
visit-log.csv,4334,V04333,Purpose,blank,Purpose not logged
visit-log.csv,4335,V04334,Visit Date,coerced,'21/05/2026' parsed as %d/%m/%Y
visit-log.csv,4335,V04334,Purpose,coerced,'followup' -> Follow up
visit-log.csv,4336,V04335,Purpose,blank,Purpose not logged
visit-log.csv,4337,V04336,Visit Date,coerced,'26/06/2026' parsed as %d/%m/%Y
visit-log.csv,4337,V04336,Remarks,blank,Outcome not logged
visit-log.csv,4338,V04337,Duration (mins),blank,Duration not recorded
visit-log.csv,4340,V04339,Visit Date,coerced,'28/05/2026' parsed as %d/%m/%Y
visit-log.csv,4340,V04339,Remarks,blank,Outcome not logged
visit-log.csv,4341,V04340,Remarks,blank,Outcome not logged
visit-log.csv,4342,V04341,Visit Date,coerced,'10/06/2026' parsed as %d/%m/%Y
visit-log.csv,4342,V04341,Duration (mins),blank,Duration not recorded
visit-log.csv,4342,V04341,Purpose,blank,Purpose not logged
visit-log.csv,4342,V04341,Remarks,blank,Outcome not logged
visit-log.csv,4344,V04343,Visit Date,coerced,'21/05/2026' parsed as %d/%m/%Y
visit-log.csv,4346,V04345,Visit Date,coerced,'29/06/2026' parsed as %d/%m/%Y
visit-log.csv,4346,V04345,Purpose,coerced,'followup' -> Follow up
visit-log.csv,4347,V04346,Remarks,blank,Outcome not logged
visit-log.csv,4348,V04347,Visit Date,coerced,'21/05/2026' parsed as %d/%m/%Y
visit-log.csv,4348,V04347,Purpose,coerced,'routine' -> Routine visit
visit-log.csv,4349,V04348,Visit Date,coerced,'15/07/2026' parsed as %d/%m/%Y
visit-log.csv,4350,V04349,Visit Date,coerced,'27/05/2026' parsed as %d/%m/%Y
visit-log.csv,4351,V04350,Visit Date,coerced,'05/05/2026' parsed as %d/%m/%Y
visit-log.csv,4352,V04351,Visit Date,coerced,'29/05/2026' parsed as %d/%m/%Y
visit-log.csv,4352,V04351,Remarks,blank,Outcome not logged
visit-log.csv,4353,V04352,Visit Date,coerced,'26/06/2026' parsed as %d/%m/%Y
visit-log.csv,4353,V04352,Purpose,coerced,'routine' -> Routine visit
visit-log.csv,4354,V04353,Visit Date,coerced,'28/05/2026' parsed as %d/%m/%Y
visit-log.csv,4355,V04354,Visit Date,coerced,'07/05/2026' parsed as %d/%m/%Y
visit-log.csv,4356,V04355,Visit Date,coerced,'25/07/2026' parsed as %d/%m/%Y
visit-log.csv,4356,V04355,Remarks,blank,Outcome not logged
visit-log.csv,4357,V04356,Visit Date,coerced,'21/05/2026' parsed as %d/%m/%Y
visit-log.csv,4358,V04357,Purpose,coerced,'routine' -> Routine visit
visit-log.csv,4359,V04358,Visit Date,coerced,'25/06/2026' parsed as %d/%m/%Y
visit-log.csv,4360,V04359,Visit Date,coerced,'20/07/2026' parsed as %d/%m/%Y
visit-log.csv,4360,V04359,Remarks,blank,Outcome not logged
visit-log.csv,4361,V04360,Visit Date,coerced,'24/07/2026' parsed as %d/%m/%Y
visit-log.csv,4361,V04360,Purpose,coerced,'routine' -> Routine visit
visit-log.csv,4362,V04361,Visit Date,coerced,'13/06/2026' parsed as %d/%m/%Y
visit-log.csv,4362,V04361,Purpose,coerced,'routine' -> Routine visit
visit-log.csv,4363,V04362,Visit Date,coerced,'15/05/2026' parsed as %d/%m/%Y
visit-log.csv,4364,V04363,Visit Date,coerced,'01/05/2026' parsed as %d/%m/%Y
visit-log.csv,4364,V04363,Remarks,blank,Outcome not logged
visit-log.csv,4365,V04364,Visit Date,coerced,'15/07/2026' parsed as %d/%m/%Y
visit-log.csv,4365,V04364,Remarks,blank,Outcome not logged
visit-log.csv,4366,V04365,Duration (mins),blank,Duration not recorded
visit-log.csv,4367,V04366,Visit Date,coerced,'02/07/2026' parsed as %d/%m/%Y
visit-log.csv,4367,V04366,Purpose,coerced,'followup' -> Follow up
visit-log.csv,4368,V04367,Purpose,blank,Purpose not logged
visit-log.csv,4368,V04367,Remarks,blank,Outcome not logged
visit-log.csv,4369,V04368,Remarks,blank,Outcome not logged
visit-log.csv,4370,V04369,Visit Date,coerced,'08/06/2026' parsed as %d/%m/%Y
visit-log.csv,4370,V04369,Purpose,blank,Purpose not logged
visit-log.csv,4371,V04370,Visit Date,coerced,'24/05/2026' parsed as %d/%m/%Y
visit-log.csv,4372,V04371,Visit Date,coerced,'01/05/2026' parsed as %d/%m/%Y
visit-log.csv,4372,V04371,Purpose,coerced,'routine' -> Routine visit
visit-log.csv,4373,V04372,Visit Date,coerced,'17/06/2026' parsed as %d/%m/%Y
visit-log.csv,4373,V04372,Remarks,blank,Outcome not logged
visit-log.csv,4374,V04373,Visit Date,coerced,'23/05/2026' parsed as %d/%m/%Y
visit-log.csv,4374,V04373,Purpose,coerced,'followup' -> Follow up
visit-log.csv,4374,V04373,Remarks,blank,Outcome not logged
visit-log.csv,4375,V04374,Visit Date,coerced,'25/06/2026' parsed as %d/%m/%Y
visit-log.csv,4375,V04374,Purpose,coerced,'routine' -> Routine visit
visit-log.csv,4375,V04374,Remarks,blank,Outcome not logged
visit-log.csv,4376,V04375,Visit Date,coerced,'23/05/2026' parsed as %d/%m/%Y
visit-log.csv,4376,V04375,Remarks,blank,Outcome not logged
visit-log.csv,4377,V04376,Purpose,coerced,'followup' -> Follow up
visit-log.csv,4377,V04376,Remarks,blank,Outcome not logged
visit-log.csv,4378,V04377,Visit Date,coerced,'02/05/2026' parsed as %d/%m/%Y
visit-log.csv,4378,V04377,Remarks,blank,Outcome not logged
visit-log.csv,4379,V04378,Visit Date,coerced,'09/06/2026' parsed as %d/%m/%Y
visit-log.csv,4380,V04379,Visit Date,coerced,'02/05/2026' parsed as %d/%m/%Y
visit-log.csv,4380,V04379,Purpose,blank,Purpose not logged
visit-log.csv,4380,V04379,Remarks,blank,Outcome not logged
visit-log.csv,4381,V04380,Visit Date,coerced,'01/07/2026' parsed as %d/%m/%Y
visit-log.csv,4383,V04382,Visit Date,coerced,'08/05/2026' parsed as %d/%m/%Y
visit-log.csv,4383,V04382,Purpose,coerced,'routine' -> Routine visit
visit-log.csv,4383,V04382,Remarks,blank,Outcome not logged
visit-log.csv,4385,V04384,Visit Date,coerced,'15/07/2026' parsed as %d/%m/%Y
visit-log.csv,4385,V04384,Purpose,blank,Purpose not logged
visit-log.csv,4386,V04385,Visit Date,coerced,'29/06/2026' parsed as %d/%m/%Y
visit-log.csv,4386,V04385,Purpose,coerced,'routine' -> Routine visit
visit-log.csv,4387,V04386,Visit Date,coerced,'15/07/2026' parsed as %d/%m/%Y
visit-log.csv,4387,V04386,Purpose,coerced,'routine' -> Routine visit
visit-log.csv,4387,V04386,Remarks,blank,Outcome not logged
visit-log.csv,4388,V04387,Duration (mins),blank,Duration not recorded
visit-log.csv,4388,V04387,Remarks,blank,Outcome not logged
visit-log.csv,4391,V04390,Visit Date,coerced,'04/07/2026' parsed as %d/%m/%Y
visit-log.csv,4392,V04391,Purpose,blank,Purpose not logged
visit-log.csv,4392,V04391,Remarks,blank,Outcome not logged
visit-log.csv,4394,V04393,Remarks,blank,Outcome not logged
visit-log.csv,4395,V04394,Purpose,blank,Purpose not logged
visit-log.csv,4395,V04394,Remarks,blank,Outcome not logged
visit-log.csv,4396,V04395,Duration (mins),blank,Duration not recorded
visit-log.csv,4397,V04396,Visit Date,coerced,'11/07/2026' parsed as %d/%m/%Y
visit-log.csv,4397,V04396,Purpose,blank,Purpose not logged
visit-log.csv,4398,V04397,Visit Date,coerced,'27/05/2026' parsed as %d/%m/%Y
visit-log.csv,4398,V04397,Purpose,coerced,'followup' -> Follow up
visit-log.csv,4398,V04397,Remarks,blank,Outcome not logged
visit-log.csv,4399,V04398,Purpose,blank,Purpose not logged
visit-log.csv,4399,V04398,Remarks,blank,Outcome not logged
visit-log.csv,4400,V04399,Visit Date,coerced,'05/06/2026' parsed as %d/%m/%Y
visit-log.csv,4402,V04401,Remarks,blank,Outcome not logged
visit-log.csv,4403,V04402,Visit Date,coerced,'09/06/2026' parsed as %d/%m/%Y
visit-log.csv,4404,V04403,Visit Date,coerced,'30/05/2026' parsed as %d/%m/%Y
visit-log.csv,4404,V04403,Duration (mins),blank,Duration not recorded
visit-log.csv,4404,V04403,Purpose,blank,Purpose not logged
visit-log.csv,4404,V04403,Remarks,blank,Outcome not logged
visit-log.csv,4405,V04404,Visit Date,coerced,'12/05/2026' parsed as %d/%m/%Y
visit-log.csv,4405,V04404,Duration (mins),blank,Duration not recorded
visit-log.csv,4405,V04404,Remarks,blank,Outcome not logged
visit-log.csv,4406,V04405,Visit Date,coerced,'30/05/2026' parsed as %d/%m/%Y
visit-log.csv,4406,V04405,Remarks,blank,Outcome not logged
visit-log.csv,4407,V04406,Remarks,blank,Outcome not logged
visit-log.csv,4408,V04407,Visit Date,coerced,'05/06/2026' parsed as %d/%m/%Y
visit-log.csv,4409,V04408,Visit Date,coerced,'11/05/2026' parsed as %d/%m/%Y
visit-log.csv,4409,V04408,Purpose,coerced,'routine' -> Routine visit
visit-log.csv,4409,V04408,Remarks,blank,Outcome not logged
visit-log.csv,4410,V04409,Visit Date,coerced,'05/06/2026' parsed as %d/%m/%Y
visit-log.csv,4413,V04412,Visit Date,coerced,'18/06/2026' parsed as %d/%m/%Y
visit-log.csv,4413,V04412,Remarks,blank,Outcome not logged
visit-log.csv,4414,V04413,Visit Date,coerced,'09/06/2026' parsed as %d/%m/%Y
visit-log.csv,4414,V04413,Remarks,blank,Outcome not logged
visit-log.csv,4415,V04414,Visit Date,coerced,'16/07/2026' parsed as %d/%m/%Y
visit-log.csv,4415,V04414,Remarks,blank,Outcome not logged
visit-log.csv,4417,V04416,Visit Date,coerced,'30/06/2026' parsed as %d/%m/%Y
visit-log.csv,4417,V04416,Purpose,coerced,'followup' -> Follow up
visit-log.csv,4417,V04416,Remarks,blank,Outcome not logged
visit-log.csv,4418,V04417,Visit Date,coerced,'11/07/2026' parsed as %d/%m/%Y
visit-log.csv,4420,V04419,Visit Date,coerced,'01/06/2026' parsed as %d/%m/%Y
visit-log.csv,4420,V04419,Remarks,blank,Outcome not logged
visit-log.csv,4421,V04420,Duration (mins),blank,Duration not recorded
visit-log.csv,4421,V04420,Purpose,coerced,'routine' -> Routine visit
visit-log.csv,4422,V04421,Purpose,coerced,'followup' -> Follow up
visit-log.csv,4423,V04422,Visit Date,coerced,'04/06/2026' parsed as %d/%m/%Y
visit-log.csv,4424,V04423,Visit Date,coerced,'01/06/2026' parsed as %d/%m/%Y
visit-log.csv,4425,V04424,Visit Date,coerced,'06/06/2026' parsed as %d/%m/%Y
visit-log.csv,4426,V04425,Visit Date,coerced,'25/07/2026' parsed as %d/%m/%Y
visit-log.csv,4426,V04425,Purpose,coerced,'routine' -> Routine visit
visit-log.csv,4427,V04426,Visit Date,coerced,'25/05/2026' parsed as %d/%m/%Y
visit-log.csv,4428,V04427,Duration (mins),blank,Duration not recorded
visit-log.csv,4429,V04428,Visit Date,coerced,'27/05/2026' parsed as %d/%m/%Y
visit-log.csv,4430,V04429,Purpose,blank,Purpose not logged
visit-log.csv,4430,V04429,Remarks,blank,Outcome not logged
visit-log.csv,4432,V04431,Visit Date,coerced,'20/07/2026' parsed as %d/%m/%Y
visit-log.csv,4432,V04431,Purpose,coerced,'routine' -> Routine visit
visit-log.csv,4432,V04431,Remarks,blank,Outcome not logged
visit-log.csv,4433,V04432,Remarks,blank,Outcome not logged
visit-log.csv,4434,V04433,Visit Date,coerced,'19/05/2026' parsed as %d/%m/%Y
visit-log.csv,4434,V04433,Duration (mins),blank,Duration not recorded
visit-log.csv,4434,V04433,Remarks,blank,Outcome not logged
visit-log.csv,4435,V04434,Visit Date,coerced,'11/06/2026' parsed as %d/%m/%Y
visit-log.csv,4435,V04434,Purpose,coerced,'followup' -> Follow up
visit-log.csv,4436,V04435,Visit Date,coerced,'15/05/2026' parsed as %d/%m/%Y
visit-log.csv,4436,V04435,Duration (mins),blank,Duration not recorded
visit-log.csv,4436,V04435,Purpose,blank,Purpose not logged
visit-log.csv,4436,V04435,Remarks,blank,Outcome not logged
visit-log.csv,4437,V04436,Visit Date,coerced,'21/05/2026' parsed as %d/%m/%Y
visit-log.csv,4437,V04436,Duration (mins),blank,Duration not recorded
visit-log.csv,4438,V04437,Visit Date,coerced,'08/06/2026' parsed as %d/%m/%Y
visit-log.csv,4438,V04437,Duration (mins),blank,Duration not recorded
visit-log.csv,4438,V04437,Purpose,coerced,'followup' -> Follow up
visit-log.csv,4439,V04438,Visit Date,coerced,'01/05/2026' parsed as %d/%m/%Y
visit-log.csv,4439,V04438,Remarks,blank,Outcome not logged
visit-log.csv,4440,V04439,Visit Date,coerced,'12/06/2026' parsed as %d/%m/%Y
visit-log.csv,4440,V04439,Duration (mins),blank,Duration not recorded
visit-log.csv,4441,V04440,Remarks,blank,Outcome not logged
visit-log.csv,4442,V04441,Duration (mins),blank,Duration not recorded
visit-log.csv,4443,V04442,Visit Date,coerced,'28/07/2026' parsed as %d/%m/%Y
visit-log.csv,4444,V04443,Visit Date,coerced,'18/05/2026' parsed as %d/%m/%Y
visit-log.csv,4445,V04444,Visit Date,coerced,'30/05/2026' parsed as %d/%m/%Y
visit-log.csv,4445,V04444,Remarks,blank,Outcome not logged
visit-log.csv,4446,V04445,Visit Date,coerced,'17/06/2026' parsed as %d/%m/%Y
visit-log.csv,4447,V04446,Visit Date,coerced,'05/06/2026' parsed as %d/%m/%Y
visit-log.csv,4447,V04446,Remarks,blank,Outcome not logged
visit-log.csv,4448,V04447,Visit Date,coerced,'12/06/2026' parsed as %d/%m/%Y
visit-log.csv,4448,V04447,Remarks,blank,Outcome not logged
visit-log.csv,4449,V04448,Visit Date,coerced,'30/05/2026' parsed as %d/%m/%Y
visit-log.csv,4449,V04448,Duration (mins),blank,Duration not recorded
visit-log.csv,4450,V04449,Visit Date,coerced,'25/05/2026' parsed as %d/%m/%Y
visit-log.csv,4450,V04449,Remarks,blank,Outcome not logged
visit-log.csv,4451,V04450,Purpose,coerced,'routine' -> Routine visit
visit-log.csv,4451,V04450,Remarks,blank,Outcome not logged
visit-log.csv,4452,V04451,Visit Date,coerced,'27/06/2026' parsed as %d/%m/%Y
visit-log.csv,4452,V04451,Purpose,blank,Purpose not logged
visit-log.csv,4454,V04453,Visit Date,coerced,'06/07/2026' parsed as %d/%m/%Y
visit-log.csv,4454,V04453,Duration (mins),blank,Duration not recorded
visit-log.csv,4454,V04453,Remarks,blank,Outcome not logged
visit-log.csv,4455,V04454,Visit Date,coerced,'15/06/2026' parsed as %d/%m/%Y
visit-log.csv,4455,V04454,Purpose,coerced,'routine' -> Routine visit
visit-log.csv,4455,V04454,Remarks,blank,Outcome not logged
visit-log.csv,4456,V04455,Visit Date,coerced,'14/05/2026' parsed as %d/%m/%Y
visit-log.csv,4456,V04455,Remarks,blank,Outcome not logged
visit-log.csv,4458,V04457,Visit Date,coerced,'05/06/2026' parsed as %d/%m/%Y
visit-log.csv,4458,V04457,Remarks,blank,Outcome not logged
visit-log.csv,4459,V04458,Visit Date,coerced,'23/06/2026' parsed as %d/%m/%Y
visit-log.csv,4460,V04459,Visit Date,coerced,'18/07/2026' parsed as %d/%m/%Y
visit-log.csv,4461,V04460,Purpose,coerced,'followup' -> Follow up
visit-log.csv,4462,V04461,Visit Date,coerced,'02/06/2026' parsed as %d/%m/%Y
visit-log.csv,4463,V04462,Remarks,blank,Outcome not logged
visit-log.csv,4464,V04463,Duration (mins),blank,Duration not recorded
visit-log.csv,4464,V04463,Purpose,blank,Purpose not logged
visit-log.csv,4465,V04464,Visit Date,coerced,'05/05/2026' parsed as %d/%m/%Y
visit-log.csv,4466,V04465,Visit Date,coerced,'23/05/2026' parsed as %d/%m/%Y
visit-log.csv,4467,V04466,Visit Date,coerced,'30/06/2026' parsed as %d/%m/%Y
visit-log.csv,4468,V04467,Visit Date,coerced,'17/07/2026' parsed as %d/%m/%Y
visit-log.csv,4469,V04468,Duration (mins),blank,Duration not recorded
visit-log.csv,4469,V04468,Purpose,coerced,'followup' -> Follow up
visit-log.csv,4469,V04468,Remarks,blank,Outcome not logged
visit-log.csv,4470,V04469,Remarks,blank,Outcome not logged
visit-log.csv,4471,V04470,Remarks,blank,Outcome not logged
visit-log.csv,4472,V04471,Purpose,coerced,'followup' -> Follow up
visit-log.csv,4473,V04472,Visit Date,coerced,'29/07/2026' parsed as %d/%m/%Y
visit-log.csv,4473,V04472,Remarks,blank,Outcome not logged
visit-log.csv,4474,V04473,Visit Date,coerced,'01/07/2026' parsed as %d/%m/%Y
visit-log.csv,4474,V04473,Duration (mins),blank,Duration not recorded
visit-log.csv,4474,V04473,Remarks,blank,Outcome not logged
visit-log.csv,4475,V04474,Visit Date,coerced,'04/06/2026' parsed as %d/%m/%Y
visit-log.csv,4477,V04476,Visit Date,coerced,'13/07/2026' parsed as %d/%m/%Y
visit-log.csv,4477,V04476,Duration (mins),blank,Duration not recorded
visit-log.csv,4477,V04476,Remarks,blank,Outcome not logged
visit-log.csv,4478,V04477,Remarks,blank,Outcome not logged
visit-log.csv,4479,V04478,Purpose,coerced,'routine' -> Routine visit
visit-log.csv,4479,V04478,Remarks,blank,Outcome not logged
visit-log.csv,4480,V04479,Remarks,blank,Outcome not logged
visit-log.csv,4481,V04480,Remarks,blank,Outcome not logged
visit-log.csv,4482,V04481,Visit Date,coerced,'23/07/2026' parsed as %d/%m/%Y
visit-log.csv,4483,V04482,Visit Date,coerced,'25/06/2026' parsed as %d/%m/%Y
visit-log.csv,4485,V04484,Visit Date,coerced,'20/07/2026' parsed as %d/%m/%Y
visit-log.csv,4485,V04484,Purpose,blank,Purpose not logged
visit-log.csv,4486,V04485,Visit Date,coerced,'09/07/2026' parsed as %d/%m/%Y
visit-log.csv,4486,V04485,Remarks,blank,Outcome not logged
visit-log.csv,4487,V04486,Visit Date,coerced,'30/06/2026' parsed as %d/%m/%Y
visit-log.csv,4487,V04486,Purpose,blank,Purpose not logged
visit-log.csv,4487,V04486,Remarks,blank,Outcome not logged
visit-log.csv,4488,V04487,Visit Date,coerced,'08/06/2026' parsed as %d/%m/%Y
visit-log.csv,4488,V04487,Purpose,coerced,'followup' -> Follow up
visit-log.csv,4488,V04487,Remarks,blank,Outcome not logged
visit-log.csv,4489,V04488,Visit Date,coerced,'29/07/2026' parsed as %d/%m/%Y
visit-log.csv,4490,V04489,Visit Date,coerced,'11/06/2026' parsed as %d/%m/%Y
visit-log.csv,4490,V04489,Remarks,blank,Outcome not logged
visit-log.csv,4491,V04490,Purpose,coerced,'routine' -> Routine visit
visit-log.csv,4492,V04491,Visit Date,coerced,'08/07/2026' parsed as %d/%m/%Y
visit-log.csv,4492,V04491,Duration (mins),blank,Duration not recorded
visit-log.csv,4492,V04491,Remarks,blank,Outcome not logged
visit-log.csv,4493,V04492,Purpose,blank,Purpose not logged
visit-log.csv,4493,V04492,Remarks,blank,Outcome not logged
visit-log.csv,4494,V04493,Purpose,coerced,'routine' -> Routine visit
visit-log.csv,4495,V04494,Visit Date,coerced,'05/06/2026' parsed as %d/%m/%Y
visit-log.csv,4496,V04495,Visit Date,coerced,'24/07/2026' parsed as %d/%m/%Y
visit-log.csv,4496,V04495,Purpose,blank,Purpose not logged
visit-log.csv,4497,V04496,Remarks,blank,Outcome not logged
visit-log.csv,4498,V04497,Visit Date,coerced,'22/06/2026' parsed as %d/%m/%Y
visit-log.csv,4499,V04498,Visit Date,coerced,'27/05/2026' parsed as %d/%m/%Y
visit-log.csv,4500,V04499,Visit Date,coerced,'27/07/2026' parsed as %d/%m/%Y
visit-log.csv,4501,V04500,Visit Date,coerced,'28/07/2026' parsed as %d/%m/%Y
visit-log.csv,4501,V04500,Purpose,blank,Purpose not logged
visit-log.csv,4502,V04501,Visit Date,coerced,'21/06/2026' parsed as %d/%m/%Y
visit-log.csv,4502,V04501,Purpose,coerced,'followup' -> Follow up
visit-log.csv,4502,V04501,Remarks,blank,Outcome not logged
visit-log.csv,4503,V04502,Visit Date,coerced,'19/06/2026' parsed as %d/%m/%Y
visit-log.csv,4503,V04502,Purpose,coerced,'followup' -> Follow up
visit-log.csv,4503,V04502,Remarks,blank,Outcome not logged
visit-log.csv,4504,V04503,Duration (mins),blank,Duration not recorded
visit-log.csv,4505,V04504,Visit Date,coerced,'24/06/2026' parsed as %d/%m/%Y
visit-log.csv,4505,V04504,Purpose,blank,Purpose not logged
visit-log.csv,4506,V04505,Visit Date,coerced,'06/06/2026' parsed as %d/%m/%Y
visit-log.csv,4507,V04506,Purpose,blank,Purpose not logged
visit-log.csv,4508,V04507,Visit Date,coerced,'18/05/2026' parsed as %d/%m/%Y
visit-log.csv,4509,V04508,Visit Date,coerced,'16/07/2026' parsed as %d/%m/%Y
visit-log.csv,4509,V04508,Duration (mins),blank,Duration not recorded
visit-log.csv,4510,V04509,Visit Date,coerced,'27/06/2026' parsed as %d/%m/%Y
visit-log.csv,4510,V04509,Remarks,blank,Outcome not logged
visit-log.csv,4511,V04510,Visit Date,coerced,'28/07/2026' parsed as %d/%m/%Y
visit-log.csv,4512,V04511,Visit Date,coerced,'08/07/2026' parsed as %d/%m/%Y
visit-log.csv,4512,V04511,Remarks,blank,Outcome not logged
visit-log.csv,4513,V04512,Visit Date,coerced,'24/05/2026' parsed as %d/%m/%Y
visit-log.csv,4513,V04512,Purpose,coerced,'routine' -> Routine visit
visit-log.csv,4514,V04513,Visit Date,coerced,'27/05/2026' parsed as %d/%m/%Y
visit-log.csv,4514,V04513,Remarks,blank,Outcome not logged
visit-log.csv,4515,V04514,Visit Date,coerced,'21/07/2026' parsed as %d/%m/%Y
visit-log.csv,4515,V04514,Purpose,coerced,'routine' -> Routine visit
visit-log.csv,4516,V04515,Visit Date,coerced,'13/06/2026' parsed as %d/%m/%Y
visit-log.csv,4516,V04515,Remarks,blank,Outcome not logged
visit-log.csv,4517,V04516,Visit Date,coerced,'03/06/2026' parsed as %d/%m/%Y
visit-log.csv,4517,V04516,Remarks,blank,Outcome not logged
visit-log.csv,4518,V04517,Purpose,blank,Purpose not logged
visit-log.csv,4519,V04518,Visit Date,coerced,'18/06/2026' parsed as %d/%m/%Y
visit-log.csv,4519,V04518,Remarks,blank,Outcome not logged
visit-log.csv,4520,V04519,Visit Date,coerced,'24/06/2026' parsed as %d/%m/%Y
visit-log.csv,4521,V04520,Visit Date,coerced,'15/06/2026' parsed as %d/%m/%Y
visit-log.csv,4521,V04520,Remarks,blank,Outcome not logged
visit-log.csv,4522,V04521,Visit Date,coerced,'03/06/2026' parsed as %d/%m/%Y
visit-log.csv,4522,V04521,Purpose,coerced,'routine' -> Routine visit
visit-log.csv,4523,V04522,Purpose,coerced,'followup' -> Follow up
visit-log.csv,4524,V04523,Visit Date,coerced,'16/05/2026' parsed as %d/%m/%Y
visit-log.csv,4525,V04524,Visit Date,coerced,'08/06/2026' parsed as %d/%m/%Y
visit-log.csv,4526,V04525,Duration (mins),blank,Duration not recorded
visit-log.csv,4526,V04525,Remarks,blank,Outcome not logged
visit-log.csv,4527,V04526,Visit Date,coerced,'04/05/2026' parsed as %d/%m/%Y
visit-log.csv,4527,V04526,Purpose,blank,Purpose not logged
visit-log.csv,4528,V04527,Remarks,blank,Outcome not logged
visit-log.csv,4530,V04529,Visit Date,coerced,'12/07/2026' parsed as %d/%m/%Y
visit-log.csv,4530,V04529,Remarks,blank,Outcome not logged
visit-log.csv,4532,V04531,Visit Date,coerced,'09/05/2026' parsed as %d/%m/%Y
visit-log.csv,4532,V04531,Remarks,blank,Outcome not logged
visit-log.csv,4533,V04532,Visit Date,coerced,'24/05/2026' parsed as %d/%m/%Y
visit-log.csv,4534,V04533,Visit Date,coerced,'29/07/2026' parsed as %d/%m/%Y
visit-log.csv,4534,V04533,Purpose,coerced,'followup' -> Follow up
visit-log.csv,4535,V04534,Visit Date,coerced,'30/07/2026' parsed as %d/%m/%Y
visit-log.csv,4535,V04534,Purpose,coerced,'routine' -> Routine visit
visit-log.csv,4535,V04534,Remarks,blank,Outcome not logged
visit-log.csv,4536,V04535,Purpose,blank,Purpose not logged
visit-log.csv,4538,V04537,Visit Date,coerced,'22/06/2026' parsed as %d/%m/%Y
visit-log.csv,4538,V04537,Duration (mins),blank,Duration not recorded
visit-log.csv,4538,V04537,Purpose,blank,Purpose not logged
visit-log.csv,4539,V04538,Visit Date,coerced,'30/05/2026' parsed as %d/%m/%Y
visit-log.csv,4539,V04538,Duration (mins),blank,Duration not recorded
visit-log.csv,4540,V04539,Purpose,blank,Purpose not logged
visit-log.csv,4540,V04539,Remarks,blank,Outcome not logged
visit-log.csv,4541,V04540,Remarks,blank,Outcome not logged
visit-log.csv,4542,V04541,Visit Date,coerced,'04/05/2026' parsed as %d/%m/%Y
visit-log.csv,4542,V04541,Purpose,coerced,'followup' -> Follow up
visit-log.csv,4542,V04541,Remarks,blank,Outcome not logged
visit-log.csv,4543,V04542,Visit Date,coerced,'05/06/2026' parsed as %d/%m/%Y
visit-log.csv,4543,V04542,Purpose,blank,Purpose not logged
visit-log.csv,4544,V04543,Visit Date,coerced,'16/07/2026' parsed as %d/%m/%Y
visit-log.csv,4545,V04544,Visit Date,coerced,'16/05/2026' parsed as %d/%m/%Y
visit-log.csv,4545,V04544,Purpose,coerced,'followup' -> Follow up
visit-log.csv,4546,V04545,Visit Date,coerced,'01/06/2026' parsed as %d/%m/%Y
visit-log.csv,4546,V04545,Remarks,blank,Outcome not logged
visit-log.csv,4547,V04546,Visit Date,coerced,'11/05/2026' parsed as %d/%m/%Y
visit-log.csv,4548,V04547,Purpose,blank,Purpose not logged
visit-log.csv,4549,V04548,Remarks,blank,Outcome not logged
visit-log.csv,4550,V04549,Remarks,blank,Outcome not logged
visit-log.csv,4551,V04550,Purpose,coerced,'followup' -> Follow up
visit-log.csv,4552,V04551,Visit Date,coerced,'18/07/2026' parsed as %d/%m/%Y
visit-log.csv,4554,V04553,Visit Date,coerced,'02/05/2026' parsed as %d/%m/%Y
visit-log.csv,4554,V04553,Purpose,blank,Purpose not logged
visit-log.csv,4555,V04554,Visit Date,coerced,'01/05/2026' parsed as %d/%m/%Y
visit-log.csv,4557,V04556,Purpose,coerced,'followup' -> Follow up
visit-log.csv,4557,V04556,Remarks,blank,Outcome not logged
visit-log.csv,4558,V04557,Visit Date,coerced,'08/06/2026' parsed as %d/%m/%Y
visit-log.csv,4558,V04557,Remarks,blank,Outcome not logged
visit-log.csv,4559,V04558,Visit Date,coerced,'14/07/2026' parsed as %d/%m/%Y
visit-log.csv,4560,V04559,Visit Date,coerced,'25/06/2026' parsed as %d/%m/%Y
visit-log.csv,4560,V04559,Remarks,blank,Outcome not logged
visit-log.csv,4561,V04560,Purpose,coerced,'routine' -> Routine visit
visit-log.csv,4561,V04560,Remarks,blank,Outcome not logged
visit-log.csv,4562,V04561,Visit Date,coerced,'07/05/2026' parsed as %d/%m/%Y
visit-log.csv,4562,V04561,Purpose,coerced,'followup' -> Follow up
visit-log.csv,4562,V04561,Remarks,blank,Outcome not logged
visit-log.csv,4563,V04562,Purpose,coerced,'routine' -> Routine visit
visit-log.csv,4564,V04563,Purpose,coerced,'routine' -> Routine visit
visit-log.csv,4564,V04563,Remarks,blank,Outcome not logged
visit-log.csv,4565,V04564,Visit Date,coerced,'24/06/2026' parsed as %d/%m/%Y
visit-log.csv,4565,V04564,Purpose,blank,Purpose not logged
visit-log.csv,4566,V04565,Visit Date,coerced,'29/05/2026' parsed as %d/%m/%Y
visit-log.csv,4566,V04565,Purpose,blank,Purpose not logged
visit-log.csv,4566,V04565,Remarks,blank,Outcome not logged
visit-log.csv,4567,V04566,Visit Date,coerced,'27/05/2026' parsed as %d/%m/%Y
visit-log.csv,4568,V04567,Duration (mins),blank,Duration not recorded
visit-log.csv,4568,V04567,Purpose,blank,Purpose not logged
visit-log.csv,4569,V04568,Visit Date,coerced,'18/05/2026' parsed as %d/%m/%Y
visit-log.csv,4569,V04568,Remarks,blank,Outcome not logged
visit-log.csv,4570,V04569,Visit Date,coerced,'08/05/2026' parsed as %d/%m/%Y
visit-log.csv,4570,V04569,Remarks,blank,Outcome not logged
visit-log.csv,4571,V04570,Visit Date,coerced,'05/06/2026' parsed as %d/%m/%Y
visit-log.csv,4572,V04571,Remarks,blank,Outcome not logged
visit-log.csv,4573,V04572,Purpose,coerced,'followup' -> Follow up
visit-log.csv,4574,V04573,Visit Date,coerced,'07/05/2026' parsed as %d/%m/%Y
visit-log.csv,4574,V04573,Remarks,blank,Outcome not logged
visit-log.csv,4575,V04574,Visit Date,coerced,'27/07/2026' parsed as %d/%m/%Y
visit-log.csv,4576,V04575,Visit Date,coerced,'14/05/2026' parsed as %d/%m/%Y
visit-log.csv,4576,V04575,Purpose,blank,Purpose not logged
visit-log.csv,4576,V04575,Remarks,blank,Outcome not logged
visit-log.csv,4577,V04576,Visit Date,coerced,'23/05/2026' parsed as %d/%m/%Y
visit-log.csv,4578,V04577,Visit Date,coerced,'28/05/2026' parsed as %d/%m/%Y
visit-log.csv,4579,V04578,Visit Date,coerced,'15/07/2026' parsed as %d/%m/%Y
visit-log.csv,4579,V04578,Purpose,blank,Purpose not logged
visit-log.csv,4579,V04578,Check In,blank,Check-in time not logged
visit-log.csv,4580,V04579,Visit Date,coerced,'05/06/2026' parsed as %d/%m/%Y
visit-log.csv,4580,V04579,Duration (mins),blank,Duration not recorded
visit-log.csv,4580,V04579,Remarks,blank,Outcome not logged
visit-log.csv,4581,V04580,Visit Date,coerced,'23/06/2026' parsed as %d/%m/%Y
visit-log.csv,4581,V04580,Remarks,blank,Outcome not logged
visit-log.csv,4582,V04581,Visit Date,coerced,'11/06/2026' parsed as %d/%m/%Y
visit-log.csv,4582,V04581,Purpose,blank,Purpose not logged
visit-log.csv,4582,V04581,Remarks,blank,Outcome not logged
visit-log.csv,4584,V04583,Visit Date,coerced,'08/05/2026' parsed as %d/%m/%Y
visit-log.csv,4584,V04583,Duration (mins),blank,Duration not recorded
visit-log.csv,4584,V04583,Purpose,coerced,'routine' -> Routine visit
visit-log.csv,4585,V04584,Remarks,blank,Outcome not logged
visit-log.csv,4586,V04585,Visit Date,coerced,'18/07/2026' parsed as %d/%m/%Y
visit-log.csv,4587,V04586,Visit Date,coerced,'20/05/2026' parsed as %d/%m/%Y
visit-log.csv,4588,V04587,Visit Date,coerced,'11/07/2026' parsed as %d/%m/%Y
visit-log.csv,4589,V04588,Visit Date,coerced,'11/05/2026' parsed as %d/%m/%Y
visit-log.csv,4589,V04588,Remarks,blank,Outcome not logged
visit-log.csv,4591,V04590,Visit Date,coerced,'18/05/2026' parsed as %d/%m/%Y
visit-log.csv,4592,V04591,Visit Date,coerced,'28/05/2026' parsed as %d/%m/%Y
visit-log.csv,4593,V04592,Visit Date,coerced,'13/07/2026' parsed as %d/%m/%Y
visit-log.csv,4593,V04592,Purpose,coerced,'followup' -> Follow up
visit-log.csv,4593,V04592,Remarks,blank,Outcome not logged
visit-log.csv,4594,V04593,Visit Date,coerced,'02/05/2026' parsed as %d/%m/%Y
visit-log.csv,4594,V04593,Remarks,blank,Outcome not logged
visit-log.csv,4595,V04594,Visit Date,coerced,'04/06/2026' parsed as %d/%m/%Y
visit-log.csv,4595,V04594,Duration (mins),blank,Duration not recorded
visit-log.csv,4595,V04594,Purpose,coerced,'followup' -> Follow up
visit-log.csv,4595,V04594,Remarks,blank,Outcome not logged
visit-log.csv,4596,V04595,Visit Date,coerced,'25/07/2026' parsed as %d/%m/%Y
visit-log.csv,4596,V04595,Duration (mins),blank,Duration not recorded
visit-log.csv,4596,V04595,Purpose,blank,Purpose not logged
visit-log.csv,4597,V04596,Visit Date,coerced,'13/06/2026' parsed as %d/%m/%Y
visit-log.csv,4597,V04596,Purpose,coerced,'followup' -> Follow up
visit-log.csv,4597,V04596,Remarks,blank,Outcome not logged
visit-log.csv,4598,V04597,Visit Date,coerced,'24/06/2026' parsed as %d/%m/%Y
visit-log.csv,4598,V04597,Purpose,coerced,'followup' -> Follow up
visit-log.csv,4598,V04597,Remarks,blank,Outcome not logged
visit-log.csv,4599,V04598,Visit Date,coerced,'30/05/2026' parsed as %d/%m/%Y
visit-log.csv,4599,V04598,Purpose,coerced,'routine' -> Routine visit
visit-log.csv,4599,V04598,Remarks,blank,Outcome not logged
visit-log.csv,4600,V04599,Visit Date,coerced,'16/07/2026' parsed as %d/%m/%Y
visit-log.csv,4601,V04600,Duration (mins),blank,Duration not recorded
visit-log.csv,4602,V04601,Purpose,coerced,'followup' -> Follow up
visit-log.csv,4603,V04602,Visit Date,coerced,'21/07/2026' parsed as %d/%m/%Y
visit-log.csv,4603,V04602,Duration (mins),blank,Duration not recorded
visit-log.csv,4603,V04602,Purpose,coerced,'followup' -> Follow up
visit-log.csv,4603,V04602,Remarks,blank,Outcome not logged
visit-log.csv,4604,V04603,Visit Date,coerced,'13/07/2026' parsed as %d/%m/%Y
visit-log.csv,4604,V04603,Remarks,blank,Outcome not logged
visit-log.csv,4605,V04604,Visit Date,coerced,'10/06/2026' parsed as %d/%m/%Y
visit-log.csv,4605,V04604,Purpose,coerced,'routine' -> Routine visit
visit-log.csv,4605,V04604,Remarks,blank,Outcome not logged
visit-log.csv,4606,V04605,Duration (mins),blank,Duration not recorded
visit-log.csv,4606,V04605,Purpose,blank,Purpose not logged
visit-log.csv,4607,V04606,Remarks,blank,Outcome not logged
visit-log.csv,4608,V04607,Visit Date,coerced,'03/07/2026' parsed as %d/%m/%Y
visit-log.csv,4608,V04607,Purpose,coerced,'routine' -> Routine visit
visit-log.csv,4609,V04608,Visit Date,coerced,'02/06/2026' parsed as %d/%m/%Y
visit-log.csv,4609,V04608,Purpose,coerced,'followup' -> Follow up
visit-log.csv,4610,V04609,Visit Date,coerced,'01/05/2026' parsed as %d/%m/%Y
visit-log.csv,4610,V04609,Purpose,blank,Purpose not logged
visit-log.csv,4612,V04611,Visit Date,coerced,'05/05/2026' parsed as %d/%m/%Y
visit-log.csv,4613,V04612,Visit Date,coerced,'29/05/2026' parsed as %d/%m/%Y
visit-log.csv,4613,V04612,Duration (mins),blank,Duration not recorded
visit-log.csv,4613,V04612,Purpose,coerced,'followup' -> Follow up
visit-log.csv,4613,V04612,Remarks,blank,Outcome not logged
visit-log.csv,4614,V04613,Visit Date,coerced,'08/07/2026' parsed as %d/%m/%Y
visit-log.csv,4615,V04614,Visit Date,coerced,'07/05/2026' parsed as %d/%m/%Y
visit-log.csv,4616,V04615,Visit Date,coerced,'16/06/2026' parsed as %d/%m/%Y
visit-log.csv,4616,V04615,Purpose,coerced,'followup' -> Follow up
visit-log.csv,4617,V04616,Visit Date,coerced,'12/06/2026' parsed as %d/%m/%Y
visit-log.csv,4617,V04616,Purpose,coerced,'routine' -> Routine visit
visit-log.csv,4619,V04618,Visit Date,coerced,'23/06/2026' parsed as %d/%m/%Y
visit-log.csv,4620,V04619,Duration (mins),blank,Duration not recorded
visit-log.csv,4620,V04619,Remarks,blank,Outcome not logged
visit-log.csv,4621,V04620,Visit Date,coerced,'21/05/2026' parsed as %d/%m/%Y
visit-log.csv,4623,V04622,Visit Date,coerced,'20/07/2026' parsed as %d/%m/%Y
visit-log.csv,4623,V04622,Remarks,blank,Outcome not logged
visit-log.csv,4624,V04623,Visit Date,coerced,'25/06/2026' parsed as %d/%m/%Y
visit-log.csv,4624,V04623,Duration (mins),blank,Duration not recorded
visit-log.csv,4625,V04624,Purpose,blank,Purpose not logged
visit-log.csv,4626,V04625,Visit Date,coerced,'29/06/2026' parsed as %d/%m/%Y
visit-log.csv,4626,V04625,Remarks,blank,Outcome not logged
visit-log.csv,4627,V04626,Visit Date,coerced,'05/05/2026' parsed as %d/%m/%Y
visit-log.csv,4627,V04626,Remarks,blank,Outcome not logged
visit-log.csv,4628,V04627,Visit Date,coerced,'02/05/2026' parsed as %d/%m/%Y
visit-log.csv,4628,V04627,Remarks,blank,Outcome not logged
visit-log.csv,4629,V04628,Visit Date,coerced,'02/06/2026' parsed as %d/%m/%Y
visit-log.csv,4629,V04628,Remarks,blank,Outcome not logged
visit-log.csv,4630,V04629,Visit Date,coerced,'06/07/2026' parsed as %d/%m/%Y
visit-log.csv,4631,V04630,Visit Date,coerced,'04/06/2026' parsed as %d/%m/%Y
visit-log.csv,4632,V04631,Visit Date,coerced,'03/06/2026' parsed as %d/%m/%Y
visit-log.csv,4632,V04631,Remarks,blank,Outcome not logged
visit-log.csv,4633,V04632,Visit Date,coerced,'26/05/2026' parsed as %d/%m/%Y
visit-log.csv,4633,V04632,Purpose,coerced,'routine' -> Routine visit
visit-log.csv,4634,V04633,Visit Date,coerced,'10/07/2026' parsed as %d/%m/%Y
visit-log.csv,4634,V04633,Duration (mins),blank,Duration not recorded
visit-log.csv,4635,V04634,Visit Date,coerced,'25/07/2026' parsed as %d/%m/%Y
visit-log.csv,4635,V04634,Duration (mins),blank,Duration not recorded
visit-log.csv,4635,V04634,Purpose,coerced,'routine' -> Routine visit
visit-log.csv,4636,V04635,Visit Date,coerced,'14/07/2026' parsed as %d/%m/%Y
visit-log.csv,4636,V04635,Purpose,coerced,'routine' -> Routine visit
visit-log.csv,4636,V04635,Remarks,blank,Outcome not logged
visit-log.csv,4637,V04636,Visit Date,coerced,'15/05/2026' parsed as %d/%m/%Y
visit-log.csv,4638,V04637,Visit Date,coerced,'01/07/2026' parsed as %d/%m/%Y
visit-log.csv,4639,V04638,Remarks,blank,Outcome not logged
visit-log.csv,4640,V04639,Visit Date,coerced,'17/06/2026' parsed as %d/%m/%Y
visit-log.csv,4640,V04639,Remarks,blank,Outcome not logged
visit-log.csv,4641,V04640,Visit Date,coerced,'07/05/2026' parsed as %d/%m/%Y
visit-log.csv,4641,V04640,Remarks,blank,Outcome not logged
visit-log.csv,4642,V04641,Visit Date,coerced,'09/07/2026' parsed as %d/%m/%Y
visit-log.csv,4643,V04642,Visit Date,coerced,'16/05/2026' parsed as %d/%m/%Y
visit-log.csv,4643,V04642,Purpose,coerced,'routine' -> Routine visit
visit-log.csv,4643,V04642,Remarks,blank,Outcome not logged
visit-log.csv,4645,V04644,Visit Date,coerced,'15/06/2026' parsed as %d/%m/%Y
visit-log.csv,4645,V04644,Remarks,blank,Outcome not logged
visit-log.csv,4646,V04645,Duration (mins),blank,Duration not recorded
visit-log.csv,4646,V04645,Remarks,blank,Outcome not logged
visit-log.csv,4647,V04646,Visit Date,coerced,'07/07/2026' parsed as %d/%m/%Y
visit-log.csv,4647,V04646,Duration (mins),blank,Duration not recorded
visit-log.csv,4648,V04647,Duration (mins),blank,Duration not recorded
visit-log.csv,4648,V04647,Remarks,blank,Outcome not logged
visit-log.csv,4649,V04648,Visit Date,coerced,'03/07/2026' parsed as %d/%m/%Y
visit-log.csv,4649,V04648,Remarks,blank,Outcome not logged
visit-log.csv,4650,V04649,Visit Date,coerced,'12/05/2026' parsed as %d/%m/%Y
visit-log.csv,4651,V04650,Remarks,blank,Outcome not logged
visit-log.csv,4652,V04651,Visit Date,coerced,'17/06/2026' parsed as %d/%m/%Y
visit-log.csv,4652,V04651,Purpose,blank,Purpose not logged
visit-log.csv,4653,V04652,Visit Date,coerced,'22/05/2026' parsed as %d/%m/%Y
visit-log.csv,4654,V04653,Visit Date,coerced,'22/05/2026' parsed as %d/%m/%Y
visit-log.csv,4655,V04654,Visit Date,coerced,'11/06/2026' parsed as %d/%m/%Y
visit-log.csv,4655,V04654,Purpose,coerced,'routine' -> Routine visit
visit-log.csv,4656,V04655,Visit Date,coerced,'08/05/2026' parsed as %d/%m/%Y
visit-log.csv,4657,V04656,Visit Date,coerced,'28/06/2026' parsed as %d/%m/%Y
visit-log.csv,4658,V04657,Purpose,blank,Purpose not logged
visit-log.csv,4659,V04658,Visit Date,coerced,'23/06/2026' parsed as %d/%m/%Y
visit-log.csv,4659,V04658,Purpose,coerced,'routine' -> Routine visit
visit-log.csv,4659,V04658,Remarks,blank,Outcome not logged
visit-log.csv,4660,V04659,Visit Date,coerced,'17/06/2026' parsed as %d/%m/%Y
visit-log.csv,4660,V04659,Purpose,coerced,'routine' -> Routine visit
visit-log.csv,4661,V04660,Visit Date,coerced,'30/06/2026' parsed as %d/%m/%Y
visit-log.csv,4661,V04660,Remarks,blank,Outcome not logged
visit-log.csv,4662,V04661,Visit Date,coerced,'07/05/2026' parsed as %d/%m/%Y
visit-log.csv,4662,V04661,Remarks,blank,Outcome not logged
visit-log.csv,4663,V04662,Visit Date,coerced,'13/07/2026' parsed as %d/%m/%Y
visit-log.csv,4663,V04662,Purpose,blank,Purpose not logged
visit-log.csv,4663,V04662,Remarks,blank,Outcome not logged
visit-log.csv,4664,V04663,Visit Date,coerced,'11/05/2026' parsed as %d/%m/%Y
visit-log.csv,4665,V04664,Visit Date,coerced,'15/05/2026' parsed as %d/%m/%Y
visit-log.csv,4665,V04664,Remarks,blank,Outcome not logged
visit-log.csv,4666,V04665,Visit Date,coerced,'06/05/2026' parsed as %d/%m/%Y
visit-log.csv,4666,V04665,Remarks,blank,Outcome not logged
visit-log.csv,4667,V04666,Visit Date,coerced,'18/05/2026' parsed as %d/%m/%Y
visit-log.csv,4667,V04666,Purpose,coerced,'followup' -> Follow up
visit-log.csv,4668,V04667,Visit Date,coerced,'23/07/2026' parsed as %d/%m/%Y
visit-log.csv,4669,V04668,Visit Date,coerced,'24/05/2026' parsed as %d/%m/%Y
visit-log.csv,4669,V04668,Purpose,coerced,'routine' -> Routine visit
visit-log.csv,4669,V04668,Remarks,blank,Outcome not logged
visit-log.csv,4670,V04669,Visit Date,coerced,'04/05/2026' parsed as %d/%m/%Y
visit-log.csv,4671,V04670,Visit Date,coerced,'10/06/2026' parsed as %d/%m/%Y
visit-log.csv,4671,V04670,Duration (mins),blank,Duration not recorded
visit-log.csv,4671,V04670,Remarks,blank,Outcome not logged
visit-log.csv,4672,V04671,Visit Date,coerced,'15/06/2026' parsed as %d/%m/%Y
visit-log.csv,4673,V04672,Visit Date,coerced,'15/07/2026' parsed as %d/%m/%Y
visit-log.csv,4673,V04672,Duration (mins),blank,Duration not recorded
visit-log.csv,4673,V04672,Purpose,blank,Purpose not logged
visit-log.csv,4675,V04674,Purpose,blank,Purpose not logged
visit-log.csv,4675,V04674,Remarks,blank,Outcome not logged
visit-log.csv,4676,V04675,Visit Date,coerced,'11/05/2026' parsed as %d/%m/%Y
visit-log.csv,4676,V04675,Remarks,blank,Outcome not logged
visit-log.csv,4677,V04676,Visit Date,coerced,'08/05/2026' parsed as %d/%m/%Y
visit-log.csv,4678,V04677,Visit Date,coerced,'08/05/2026' parsed as %d/%m/%Y
visit-log.csv,4678,V04677,Duration (mins),blank,Duration not recorded
visit-log.csv,4678,V04677,Purpose,coerced,'routine' -> Routine visit
visit-log.csv,4679,V04678,Duration (mins),blank,Duration not recorded
visit-log.csv,4679,V04678,Remarks,blank,Outcome not logged
visit-log.csv,4680,V04679,Visit Date,coerced,'18/07/2026' parsed as %d/%m/%Y
visit-log.csv,4680,V04679,Remarks,blank,Outcome not logged
visit-log.csv,4682,V04681,Visit Date,coerced,'07/05/2026' parsed as %d/%m/%Y
visit-log.csv,4683,V04682,Visit Date,coerced,'08/06/2026' parsed as %d/%m/%Y
visit-log.csv,4684,V04683,Duration (mins),blank,Duration not recorded
visit-log.csv,4684,V04683,Remarks,blank,Outcome not logged
visit-log.csv,4685,V04684,Visit Date,coerced,'23/05/2026' parsed as %d/%m/%Y
visit-log.csv,4685,V04684,Purpose,coerced,'routine' -> Routine visit
visit-log.csv,4686,V04685,Visit Date,coerced,'25/06/2026' parsed as %d/%m/%Y
visit-log.csv,4686,V04685,Duration (mins),blank,Duration not recorded
visit-log.csv,4687,V04686,Remarks,blank,Outcome not logged
visit-log.csv,4689,V04688,Duration (mins),blank,Duration not recorded
visit-log.csv,4690,V04689,Visit Date,coerced,'14/05/2026' parsed as %d/%m/%Y
visit-log.csv,4690,V04689,Duration (mins),blank,Duration not recorded
visit-log.csv,4691,V04690,Visit Date,coerced,'16/07/2026' parsed as %d/%m/%Y
visit-log.csv,4691,V04690,Purpose,coerced,'followup' -> Follow up
visit-log.csv,4692,V04691,Remarks,blank,Outcome not logged
visit-log.csv,4693,V04692,Visit Date,coerced,'25/05/2026' parsed as %d/%m/%Y
visit-log.csv,4693,V04692,Remarks,blank,Outcome not logged
visit-log.csv,4694,V04693,Visit Date,coerced,'27/06/2026' parsed as %d/%m/%Y
visit-log.csv,4694,V04693,Remarks,blank,Outcome not logged
visit-log.csv,4695,V04694,Duration (mins),blank,Duration not recorded
visit-log.csv,4695,V04694,Remarks,blank,Outcome not logged
visit-log.csv,4698,V04697,Visit Date,coerced,'08/06/2026' parsed as %d/%m/%Y
visit-log.csv,4699,V04698,Visit Date,coerced,'05/06/2026' parsed as %d/%m/%Y
visit-log.csv,4700,V04699,Visit Date,coerced,'29/06/2026' parsed as %d/%m/%Y
visit-log.csv,4700,V04699,Remarks,blank,Outcome not logged
visit-log.csv,4701,V04700,Visit Date,coerced,'24/05/2026' parsed as %d/%m/%Y
visit-log.csv,4702,V04701,Purpose,coerced,'routine' -> Routine visit
visit-log.csv,4703,V04702,Visit Date,coerced,'24/07/2026' parsed as %d/%m/%Y
visit-log.csv,4704,V04703,Visit Date,coerced,'15/06/2026' parsed as %d/%m/%Y
visit-log.csv,4705,V04704,Remarks,blank,Outcome not logged
visit-log.csv,4706,V04705,Visit Date,coerced,'18/05/2026' parsed as %d/%m/%Y
visit-log.csv,4707,V04706,Remarks,blank,Outcome not logged
visit-log.csv,4710,V04709,Remarks,blank,Outcome not logged
visit-log.csv,4712,V04711,Purpose,blank,Purpose not logged
visit-log.csv,4713,V04712,Purpose,coerced,'followup' -> Follow up
visit-log.csv,4715,V04714,Purpose,coerced,'followup' -> Follow up
visit-log.csv,4715,V04714,Remarks,blank,Outcome not logged
visit-log.csv,4716,V04715,Visit Date,coerced,'25/07/2026' parsed as %d/%m/%Y
visit-log.csv,4716,V04715,Remarks,blank,Outcome not logged
visit-log.csv,4718,V04717,Visit Date,coerced,'29/05/2026' parsed as %d/%m/%Y
visit-log.csv,4718,V04717,Duration (mins),blank,Duration not recorded
visit-log.csv,4718,V04717,Purpose,coerced,'followup' -> Follow up
visit-log.csv,4718,V04717,Remarks,blank,Outcome not logged
visit-log.csv,4720,V04719,Visit Date,coerced,'28/07/2026' parsed as %d/%m/%Y
visit-log.csv,4720,V04719,Purpose,coerced,'followup' -> Follow up
visit-log.csv,4720,V04719,Remarks,blank,Outcome not logged
visit-log.csv,4721,V04720,Purpose,blank,Purpose not logged
visit-log.csv,4721,V04720,Remarks,blank,Outcome not logged
visit-log.csv,4722,V04721,Visit Date,coerced,'14/05/2026' parsed as %d/%m/%Y
visit-log.csv,4723,V04722,Visit Date,coerced,'15/06/2026' parsed as %d/%m/%Y
visit-log.csv,4724,V04723,Duration (mins),blank,Duration not recorded
visit-log.csv,4724,V04723,Remarks,blank,Outcome not logged
visit-log.csv,4725,V04724,Purpose,blank,Purpose not logged
visit-log.csv,4726,V04725,Visit Date,coerced,'06/07/2026' parsed as %d/%m/%Y
visit-log.csv,4727,V04726,Visit Date,coerced,'09/07/2026' parsed as %d/%m/%Y
visit-log.csv,4728,V04727,Visit Date,coerced,'18/07/2026' parsed as %d/%m/%Y
visit-log.csv,4728,V04727,Purpose,coerced,'routine' -> Routine visit
visit-log.csv,4729,V04728,Visit Date,coerced,'28/06/2026' parsed as %d/%m/%Y
visit-log.csv,4729,V04728,Remarks,blank,Outcome not logged
visit-log.csv,4731,V04730,Remarks,blank,Outcome not logged
visit-log.csv,4732,V04731,Visit Date,coerced,'15/06/2026' parsed as %d/%m/%Y
visit-log.csv,4732,V04731,Remarks,blank,Outcome not logged
visit-log.csv,4733,V04732,Duration (mins),blank,Duration not recorded
visit-log.csv,4733,V04732,Purpose,coerced,'followup' -> Follow up
visit-log.csv,4736,V04735,Visit Date,coerced,'06/07/2026' parsed as %d/%m/%Y
visit-log.csv,4736,V04735,Duration (mins),blank,Duration not recorded
visit-log.csv,4737,V04736,Visit Date,coerced,'23/06/2026' parsed as %d/%m/%Y
visit-log.csv,4737,V04736,Remarks,blank,Outcome not logged
visit-log.csv,4739,V04738,Visit Date,coerced,'04/07/2026' parsed as %d/%m/%Y
visit-log.csv,4739,V04738,Remarks,blank,Outcome not logged
visit-log.csv,4740,V04739,Visit Date,coerced,'03/06/2026' parsed as %d/%m/%Y
visit-log.csv,4741,V04740,Visit Date,coerced,'13/07/2026' parsed as %d/%m/%Y
visit-log.csv,4742,V04741,Visit Date,coerced,'06/07/2026' parsed as %d/%m/%Y
visit-log.csv,4742,V04741,Purpose,coerced,'followup' -> Follow up
visit-log.csv,4742,V04741,Remarks,blank,Outcome not logged
visit-log.csv,4743,V04742,Remarks,blank,Outcome not logged
visit-log.csv,4744,V04743,Visit Date,coerced,'11/05/2026' parsed as %d/%m/%Y
visit-log.csv,4744,V04743,Purpose,blank,Purpose not logged
visit-log.csv,4745,V04744,Visit Date,coerced,'25/07/2026' parsed as %d/%m/%Y
visit-log.csv,4745,V04744,Duration (mins),blank,Duration not recorded
visit-log.csv,4746,V04745,Visit Date,coerced,'24/06/2026' parsed as %d/%m/%Y
visit-log.csv,4747,V04746,Visit Date,coerced,'27/05/2026' parsed as %d/%m/%Y
visit-log.csv,4748,V04747,Visit Date,coerced,'01/07/2026' parsed as %d/%m/%Y
visit-log.csv,4748,V04747,Remarks,blank,Outcome not logged
visit-log.csv,4749,V04748,Visit Date,coerced,'29/05/2026' parsed as %d/%m/%Y
visit-log.csv,4750,V04749,Visit Date,coerced,'29/05/2026' parsed as %d/%m/%Y
visit-log.csv,4750,V04749,Purpose,coerced,'routine' -> Routine visit
visit-log.csv,4750,V04749,Remarks,blank,Outcome not logged
visit-log.csv,4751,V04750,Visit Date,coerced,'16/07/2026' parsed as %d/%m/%Y
visit-log.csv,4752,V04751,Visit Date,coerced,'10/07/2026' parsed as %d/%m/%Y
visit-log.csv,4752,V04751,Remarks,blank,Outcome not logged
visit-log.csv,4753,V04752,Visit Date,coerced,'25/07/2026' parsed as %d/%m/%Y
visit-log.csv,4754,V04753,Remarks,blank,Outcome not logged
visit-log.csv,4755,V04754,Visit Date,coerced,'19/05/2026' parsed as %d/%m/%Y
visit-log.csv,4755,V04754,Purpose,coerced,'followup' -> Follow up
visit-log.csv,4755,V04754,Remarks,blank,Outcome not logged
visit-log.csv,4756,V04755,Visit Date,coerced,'30/05/2026' parsed as %d/%m/%Y
visit-log.csv,4756,V04755,Remarks,blank,Outcome not logged
visit-log.csv,4757,V04756,Visit Date,coerced,'06/07/2026' parsed as %d/%m/%Y
visit-log.csv,4757,V04756,Remarks,blank,Outcome not logged
visit-log.csv,4758,V04757,Duration (mins),blank,Duration not recorded
visit-log.csv,4758,V04757,Remarks,blank,Outcome not logged
visit-log.csv,4760,V04759,Remarks,blank,Outcome not logged
visit-log.csv,4761,V04760,Visit Date,coerced,'20/05/2026' parsed as %d/%m/%Y
visit-log.csv,4761,V04760,Purpose,blank,Purpose not logged
visit-log.csv,4761,V04760,Remarks,blank,Outcome not logged
visit-log.csv,4762,V04761,Duration (mins),blank,Duration not recorded
visit-log.csv,4762,V04761,Remarks,blank,Outcome not logged
visit-log.csv,4763,V04762,Visit Date,coerced,'13/07/2026' parsed as %d/%m/%Y
visit-log.csv,4763,V04762,Remarks,blank,Outcome not logged
visit-log.csv,4764,V04763,Visit Date,coerced,'20/06/2026' parsed as %d/%m/%Y
visit-log.csv,4764,V04763,Purpose,coerced,'followup' -> Follow up
visit-log.csv,4766,V04765,Duration (mins),blank,Duration not recorded
visit-log.csv,4767,V04766,Visit Date,coerced,'23/05/2026' parsed as %d/%m/%Y
visit-log.csv,4768,V04767,Visit Date,coerced,'02/06/2026' parsed as %d/%m/%Y
visit-log.csv,4768,V04767,Duration (mins),blank,Duration not recorded
visit-log.csv,4768,V04767,Purpose,coerced,'followup' -> Follow up
visit-log.csv,4769,V04768,Visit Date,coerced,'05/06/2026' parsed as %d/%m/%Y
visit-log.csv,4769,V04768,Remarks,blank,Outcome not logged
visit-log.csv,4770,V04769,Visit Date,coerced,'01/05/2026' parsed as %d/%m/%Y
visit-log.csv,4770,V04769,Remarks,blank,Outcome not logged
visit-log.csv,4771,V04770,Visit Date,coerced,'20/05/2026' parsed as %d/%m/%Y
visit-log.csv,4771,V04770,Remarks,blank,Outcome not logged
visit-log.csv,4772,V04771,Visit Date,coerced,'11/05/2026' parsed as %d/%m/%Y
visit-log.csv,4772,V04771,Purpose,coerced,'routine' -> Routine visit
visit-log.csv,4772,V04771,Remarks,blank,Outcome not logged
visit-log.csv,4773,V04772,Visit Date,coerced,'21/05/2026' parsed as %d/%m/%Y
visit-log.csv,4774,V04773,Visit Date,coerced,'10/06/2026' parsed as %d/%m/%Y
visit-log.csv,4775,V04774,Visit Date,coerced,'11/05/2026' parsed as %d/%m/%Y
visit-log.csv,4775,V04774,Duration (mins),blank,Duration not recorded
visit-log.csv,4775,V04774,Purpose,coerced,'followup' -> Follow up
visit-log.csv,4776,V04775,Visit Date,coerced,'03/07/2026' parsed as %d/%m/%Y
visit-log.csv,4776,V04775,Duration (mins),blank,Duration not recorded
visit-log.csv,4777,V04776,Visit Date,coerced,'27/05/2026' parsed as %d/%m/%Y
visit-log.csv,4778,V04777,Visit Date,coerced,'26/07/2026' parsed as %d/%m/%Y
visit-log.csv,4778,V04777,Remarks,blank,Outcome not logged
visit-log.csv,4779,V04778,Visit Date,coerced,'28/07/2026' parsed as %d/%m/%Y
visit-log.csv,4779,V04778,Purpose,coerced,'followup' -> Follow up
visit-log.csv,4779,V04778,Remarks,blank,Outcome not logged
visit-log.csv,4780,V04779,Visit Date,coerced,'22/05/2026' parsed as %d/%m/%Y
visit-log.csv,4780,V04779,Remarks,blank,Outcome not logged
visit-log.csv,4781,V04780,Visit Date,coerced,'07/07/2026' parsed as %d/%m/%Y
visit-log.csv,4781,V04780,Purpose,coerced,'routine' -> Routine visit
visit-log.csv,4781,V04780,Remarks,blank,Outcome not logged
visit-log.csv,4782,V04781,Visit Date,coerced,'17/05/2026' parsed as %d/%m/%Y
visit-log.csv,4782,V04781,Purpose,coerced,'routine' -> Routine visit
visit-log.csv,4783,V04782,Visit Date,coerced,'20/06/2026' parsed as %d/%m/%Y
visit-log.csv,4784,V04783,Remarks,blank,Outcome not logged
visit-log.csv,4785,V04784,Remarks,blank,Outcome not logged
visit-log.csv,4786,V04785,Visit Date,coerced,'30/05/2026' parsed as %d/%m/%Y
visit-log.csv,4787,V04786,Visit Date,coerced,'25/05/2026' parsed as %d/%m/%Y
visit-log.csv,4787,V04786,Duration (mins),blank,Duration not recorded
visit-log.csv,4787,V04786,Purpose,coerced,'routine' -> Routine visit
visit-log.csv,4788,V04787,Remarks,blank,Outcome not logged
visit-log.csv,4790,V04789,Visit Date,coerced,'30/05/2026' parsed as %d/%m/%Y
visit-log.csv,4790,V04789,Purpose,coerced,'followup' -> Follow up
visit-log.csv,4790,V04789,Remarks,blank,Outcome not logged
visit-log.csv,4791,V04790,Remarks,blank,Outcome not logged
visit-log.csv,4792,V04791,Visit Date,coerced,'18/06/2026' parsed as %d/%m/%Y
visit-log.csv,4792,V04791,Purpose,coerced,'followup' -> Follow up
visit-log.csv,4793,V04792,Visit Date,coerced,'05/06/2026' parsed as %d/%m/%Y
visit-log.csv,4795,V04794,Visit Date,coerced,'29/07/2026' parsed as %d/%m/%Y
visit-log.csv,4795,V04794,Duration (mins),blank,Duration not recorded
visit-log.csv,4795,V04794,Purpose,blank,Purpose not logged
visit-log.csv,4796,V04795,Visit Date,coerced,'07/07/2026' parsed as %d/%m/%Y
visit-log.csv,4797,V04796,Remarks,blank,Outcome not logged
visit-log.csv,4798,V04797,Visit Date,coerced,'24/05/2026' parsed as %d/%m/%Y
visit-log.csv,4798,V04797,Remarks,blank,Outcome not logged
visit-log.csv,4799,V04798,Visit Date,coerced,'07/07/2026' parsed as %d/%m/%Y
visit-log.csv,4800,V04799,Visit Date,coerced,'04/05/2026' parsed as %d/%m/%Y
visit-log.csv,4801,V04800,Visit Date,coerced,'23/05/2026' parsed as %d/%m/%Y
visit-log.csv,4801,V04800,Remarks,blank,Outcome not logged
visit-log.csv,4802,V04801,Visit Date,coerced,'23/07/2026' parsed as %d/%m/%Y
visit-log.csv,4802,V04801,Duration (mins),blank,Duration not recorded
visit-log.csv,4802,V04801,Remarks,blank,Outcome not logged
visit-log.csv,4805,V04804,Visit Date,coerced,'20/06/2026' parsed as %d/%m/%Y
visit-log.csv,4806,V04805,Visit Date,coerced,'25/06/2026' parsed as %d/%m/%Y
visit-log.csv,4806,V04805,Purpose,coerced,'followup' -> Follow up
visit-log.csv,4806,V04805,Remarks,blank,Outcome not logged
visit-log.csv,4807,V04806,Visit Date,coerced,'10/07/2026' parsed as %d/%m/%Y
visit-log.csv,4807,V04806,Purpose,coerced,'routine' -> Routine visit
visit-log.csv,4808,V04807,Remarks,blank,Outcome not logged
visit-log.csv,4809,V04808,Visit Date,coerced,'05/05/2026' parsed as %d/%m/%Y
visit-log.csv,4809,V04808,Remarks,blank,Outcome not logged
visit-log.csv,4810,V04809,Remarks,blank,Outcome not logged
visit-log.csv,4811,V04810,Visit Date,coerced,'02/07/2026' parsed as %d/%m/%Y
visit-log.csv,4812,V04811,Visit Date,coerced,'21/07/2026' parsed as %d/%m/%Y
visit-log.csv,4812,V04811,Purpose,coerced,'routine' -> Routine visit
visit-log.csv,4812,V04811,Remarks,blank,Outcome not logged
visit-log.csv,4813,V04812,Visit Date,coerced,'04/06/2026' parsed as %d/%m/%Y
visit-log.csv,4813,V04812,Remarks,blank,Outcome not logged
visit-log.csv,4814,V04813,Visit Date,coerced,'27/05/2026' parsed as %d/%m/%Y
visit-log.csv,4814,V04813,Purpose,coerced,'followup' -> Follow up
visit-log.csv,4814,V04813,Remarks,blank,Outcome not logged
visit-log.csv,4815,V04814,Visit Date,coerced,'02/06/2026' parsed as %d/%m/%Y
visit-log.csv,4815,V04814,Purpose,coerced,'routine' -> Routine visit
visit-log.csv,4816,V04815,Remarks,blank,Outcome not logged
visit-log.csv,4817,V04816,Visit Date,coerced,'13/05/2026' parsed as %d/%m/%Y
visit-log.csv,4817,V04816,Purpose,coerced,'routine' -> Routine visit
visit-log.csv,4818,V04817,Purpose,coerced,'routine' -> Routine visit
visit-log.csv,4819,V04818,Purpose,coerced,'followup' -> Follow up
visit-log.csv,4819,V04818,Remarks,blank,Outcome not logged
visit-log.csv,4820,V04819,Purpose,coerced,'followup' -> Follow up
visit-log.csv,4820,V04819,Remarks,blank,Outcome not logged
visit-log.csv,4821,V04820,Visit Date,coerced,'06/07/2026' parsed as %d/%m/%Y
visit-log.csv,4822,V04821,Purpose,blank,Purpose not logged
visit-log.csv,4823,V04822,Remarks,blank,Outcome not logged
visit-log.csv,4824,V04823,Remarks,blank,Outcome not logged
visit-log.csv,4825,V04824,Visit Date,coerced,'11/06/2026' parsed as %d/%m/%Y
visit-log.csv,4826,V04825,Visit Date,coerced,'19/05/2026' parsed as %d/%m/%Y
visit-log.csv,4826,V04825,Purpose,coerced,'followup' -> Follow up
visit-log.csv,4826,V04825,Remarks,blank,Outcome not logged
visit-log.csv,4827,V04826,Visit Date,coerced,'14/07/2026' parsed as %d/%m/%Y
visit-log.csv,4827,V04826,Duration (mins),blank,Duration not recorded
visit-log.csv,4827,V04826,Purpose,blank,Purpose not logged
visit-log.csv,4828,V04827,Visit Date,coerced,'03/06/2026' parsed as %d/%m/%Y
visit-log.csv,4828,V04827,Duration (mins),blank,Duration not recorded
visit-log.csv,4828,V04827,Purpose,blank,Purpose not logged
visit-log.csv,4828,V04827,Remarks,blank,Outcome not logged
visit-log.csv,4829,V04828,Visit Date,coerced,'25/07/2026' parsed as %d/%m/%Y
visit-log.csv,4830,V04829,Visit Date,coerced,'23/06/2026' parsed as %d/%m/%Y
visit-log.csv,4830,V04829,Duration (mins),blank,Duration not recorded
visit-log.csv,4830,V04829,Remarks,blank,Outcome not logged
visit-log.csv,4832,V04831,Visit Date,coerced,'02/05/2026' parsed as %d/%m/%Y
visit-log.csv,4833,V04832,Visit Date,coerced,'22/05/2026' parsed as %d/%m/%Y
visit-log.csv,4833,V04832,Duration (mins),blank,Duration not recorded
visit-log.csv,4833,V04832,Purpose,coerced,'followup' -> Follow up
visit-log.csv,4834,V04833,Visit Date,coerced,'23/07/2026' parsed as %d/%m/%Y
visit-log.csv,4834,V04833,Remarks,blank,Outcome not logged
visit-log.csv,4835,V04834,Visit Date,coerced,'08/05/2026' parsed as %d/%m/%Y
visit-log.csv,4836,V04835,Visit Date,coerced,'21/07/2026' parsed as %d/%m/%Y
visit-log.csv,4836,V04835,Remarks,blank,Outcome not logged
visit-log.csv,4838,V04837,Visit Date,coerced,'16/05/2026' parsed as %d/%m/%Y
visit-log.csv,4839,V04838,Visit Date,coerced,'12/06/2026' parsed as %d/%m/%Y
visit-log.csv,4840,V04839,Visit Date,coerced,'01/06/2026' parsed as %d/%m/%Y
visit-log.csv,4840,V04839,Remarks,blank,Outcome not logged
visit-log.csv,4842,V04841,Visit Date,coerced,'12/06/2026' parsed as %d/%m/%Y
visit-log.csv,4844,V04843,Visit Date,coerced,'07/05/2026' parsed as %d/%m/%Y
visit-log.csv,4844,V04843,Remarks,blank,Outcome not logged
visit-log.csv,4846,V04845,Visit Date,coerced,'14/07/2026' parsed as %d/%m/%Y
visit-log.csv,4846,V04845,Purpose,blank,Purpose not logged
visit-log.csv,4846,V04845,Remarks,blank,Outcome not logged
visit-log.csv,4847,V04846,Visit Date,coerced,'06/05/2026' parsed as %d/%m/%Y
visit-log.csv,4847,V04846,Remarks,blank,Outcome not logged
visit-log.csv,4848,V04847,Visit Date,coerced,'15/05/2026' parsed as %d/%m/%Y
visit-log.csv,4848,V04847,Remarks,blank,Outcome not logged
visit-log.csv,4849,V04848,Visit Date,coerced,'03/06/2026' parsed as %d/%m/%Y
visit-log.csv,4850,V04849,Visit Date,coerced,'09/07/2026' parsed as %d/%m/%Y
visit-log.csv,4851,V04850,Visit Date,coerced,'12/06/2026' parsed as %d/%m/%Y
visit-log.csv,4852,V04851,Visit Date,coerced,'02/05/2026' parsed as %d/%m/%Y
visit-log.csv,4852,V04851,Remarks,blank,Outcome not logged
visit-log.csv,4853,V04852,Visit Date,coerced,'20/06/2026' parsed as %d/%m/%Y
visit-log.csv,4854,V04853,Visit Date,coerced,'23/05/2026' parsed as %d/%m/%Y
visit-log.csv,4854,V04853,Duration (mins),blank,Duration not recorded
visit-log.csv,4854,V04853,Remarks,blank,Outcome not logged
visit-log.csv,4855,V04854,Visit Date,coerced,'09/05/2026' parsed as %d/%m/%Y
visit-log.csv,4856,V04855,Visit Date,coerced,'13/05/2026' parsed as %d/%m/%Y
visit-log.csv,4856,V04855,Purpose,blank,Purpose not logged
visit-log.csv,4857,V04856,Visit Date,coerced,'08/06/2026' parsed as %d/%m/%Y
visit-log.csv,4857,V04856,Remarks,blank,Outcome not logged
visit-log.csv,4858,V04857,Visit Date,coerced,'07/06/2026' parsed as %d/%m/%Y
visit-log.csv,4859,V04858,Visit Date,coerced,'04/07/2026' parsed as %d/%m/%Y
visit-log.csv,4860,V04859,Visit Date,coerced,'12/06/2026' parsed as %d/%m/%Y
visit-log.csv,4860,V04859,Purpose,coerced,'followup' -> Follow up
visit-log.csv,4860,V04859,Remarks,blank,Outcome not logged
visit-log.csv,4861,V04860,Visit Date,coerced,'06/06/2026' parsed as %d/%m/%Y
visit-log.csv,4862,V04861,Visit Date,coerced,'13/05/2026' parsed as %d/%m/%Y
visit-log.csv,4863,V04862,Visit Date,coerced,'15/07/2026' parsed as %d/%m/%Y
visit-log.csv,4864,V04863,Visit Date,coerced,'30/06/2026' parsed as %d/%m/%Y
visit-log.csv,4865,V04864,Visit Date,coerced,'22/06/2026' parsed as %d/%m/%Y
visit-log.csv,4866,V04865,Visit Date,coerced,'22/07/2026' parsed as %d/%m/%Y
visit-log.csv,4866,V04865,Duration (mins),blank,Duration not recorded
visit-log.csv,4867,V04866,Visit Date,coerced,'08/06/2026' parsed as %d/%m/%Y
visit-log.csv,4867,V04866,Purpose,coerced,'followup' -> Follow up
visit-log.csv,4869,V04868,Visit Date,coerced,'18/07/2026' parsed as %d/%m/%Y
visit-log.csv,4870,V04869,Visit Date,coerced,'18/06/2026' parsed as %d/%m/%Y
visit-log.csv,4870,V04869,Purpose,coerced,'followup' -> Follow up
visit-log.csv,4870,V04869,Remarks,blank,Outcome not logged
visit-log.csv,4871,V04870,Visit Date,coerced,'26/05/2026' parsed as %d/%m/%Y
visit-log.csv,4871,V04870,Duration (mins),blank,Duration not recorded
visit-log.csv,4872,V04871,Visit Date,coerced,'28/06/2026' parsed as %d/%m/%Y
visit-log.csv,4873,V04872,Visit Date,coerced,'29/06/2026' parsed as %d/%m/%Y
visit-log.csv,4873,V04872,Purpose,blank,Purpose not logged
visit-log.csv,4873,V04872,Remarks,blank,Outcome not logged
visit-log.csv,4874,V04873,Remarks,blank,Outcome not logged
visit-log.csv,4875,V04874,Visit Date,coerced,'14/05/2026' parsed as %d/%m/%Y
visit-log.csv,4875,V04874,Duration (mins),blank,Duration not recorded
visit-log.csv,4875,V04874,Purpose,coerced,'followup' -> Follow up
visit-log.csv,4875,V04874,Remarks,blank,Outcome not logged
visit-log.csv,4876,V04875,Visit Date,coerced,'06/07/2026' parsed as %d/%m/%Y
visit-log.csv,4876,V04875,Purpose,blank,Purpose not logged
visit-log.csv,4876,V04875,Remarks,blank,Outcome not logged
visit-log.csv,4877,V04876,Purpose,coerced,'routine' -> Routine visit
visit-log.csv,4878,V04877,Remarks,blank,Outcome not logged
visit-log.csv,4879,V04878,Visit Date,coerced,'23/07/2026' parsed as %d/%m/%Y
visit-log.csv,4879,V04878,Remarks,blank,Outcome not logged
visit-log.csv,4880,V04879,Visit Date,coerced,'29/06/2026' parsed as %d/%m/%Y
visit-log.csv,4880,V04879,Purpose,coerced,'routine' -> Routine visit
visit-log.csv,4880,V04879,Remarks,blank,Outcome not logged
visit-log.csv,4882,V04881,Visit Date,coerced,'30/07/2026' parsed as %d/%m/%Y
visit-log.csv,4883,V04882,Visit Date,coerced,'23/06/2026' parsed as %d/%m/%Y
visit-log.csv,4883,V04882,Remarks,blank,Outcome not logged
visit-log.csv,4884,V04883,Visit Date,coerced,'09/06/2026' parsed as %d/%m/%Y
visit-log.csv,4885,V04884,Remarks,blank,Outcome not logged
visit-log.csv,4886,V04885,Visit Date,coerced,'08/06/2026' parsed as %d/%m/%Y
visit-log.csv,4887,V04886,Visit Date,coerced,'28/05/2026' parsed as %d/%m/%Y
visit-log.csv,4887,V04886,Remarks,blank,Outcome not logged
visit-log.csv,4889,V04888,Visit Date,coerced,'30/07/2026' parsed as %d/%m/%Y
visit-log.csv,4889,V04888,Duration (mins),blank,Duration not recorded
visit-log.csv,4890,V04889,Visit Date,coerced,'15/05/2026' parsed as %d/%m/%Y
visit-log.csv,4890,V04889,Remarks,blank,Outcome not logged
visit-log.csv,4891,V04890,Visit Date,coerced,'08/06/2026' parsed as %d/%m/%Y
visit-log.csv,4891,V04890,Purpose,blank,Purpose not logged
visit-log.csv,4892,V04891,Visit Date,coerced,'18/06/2026' parsed as %d/%m/%Y
visit-log.csv,4893,V04892,Visit Date,coerced,'18/07/2026' parsed as %d/%m/%Y
visit-log.csv,4893,V04892,Purpose,coerced,'followup' -> Follow up
visit-log.csv,4893,V04892,Remarks,blank,Outcome not logged
visit-log.csv,4894,V04893,Visit Date,coerced,'10/07/2026' parsed as %d/%m/%Y
visit-log.csv,4894,V04893,Duration (mins),blank,Duration not recorded
visit-log.csv,4894,V04893,Remarks,blank,Outcome not logged
visit-log.csv,4896,V04895,Visit Date,coerced,'07/05/2026' parsed as %d/%m/%Y
visit-log.csv,4896,V04895,Remarks,blank,Outcome not logged
visit-log.csv,4897,V04896,Visit Date,coerced,'15/06/2026' parsed as %d/%m/%Y
visit-log.csv,4898,V04897,Visit Date,coerced,'08/07/2026' parsed as %d/%m/%Y
visit-log.csv,4899,V04898,Visit Date,coerced,'20/07/2026' parsed as %d/%m/%Y
visit-log.csv,4901,V04900,Visit Date,coerced,'09/05/2026' parsed as %d/%m/%Y
visit-log.csv,4901,V04900,Remarks,blank,Outcome not logged
visit-log.csv,4903,V04902,Remarks,blank,Outcome not logged
visit-log.csv,4904,V04903,Visit Date,coerced,'25/07/2026' parsed as %d/%m/%Y
visit-log.csv,4904,V04903,Remarks,blank,Outcome not logged
visit-log.csv,4905,V04904,Visit Date,coerced,'13/05/2026' parsed as %d/%m/%Y
visit-log.csv,4905,V04904,Purpose,coerced,'followup' -> Follow up
visit-log.csv,4905,V04904,Remarks,blank,Outcome not logged
visit-log.csv,4906,V04905,Visit Date,coerced,'21/05/2026' parsed as %d/%m/%Y
visit-log.csv,4906,V04905,Remarks,blank,Outcome not logged
visit-log.csv,4907,V04906,Visit Date,coerced,'02/07/2026' parsed as %d/%m/%Y
visit-log.csv,4909,V04908,Purpose,coerced,'routine' -> Routine visit
visit-log.csv,4910,V04909,Visit Date,coerced,'01/07/2026' parsed as %d/%m/%Y
visit-log.csv,4910,V04909,Purpose,coerced,'followup' -> Follow up
visit-log.csv,4911,V04910,Visit Date,coerced,'13/06/2026' parsed as %d/%m/%Y
visit-log.csv,4912,V04911,Visit Date,coerced,'06/07/2026' parsed as %d/%m/%Y
visit-log.csv,4913,V04912,Visit Date,coerced,'05/05/2026' parsed as %d/%m/%Y
visit-log.csv,4913,V04912,Duration (mins),blank,Duration not recorded
visit-log.csv,4914,V04913,Visit Date,coerced,'09/07/2026' parsed as %d/%m/%Y
visit-log.csv,4914,V04913,Remarks,blank,Outcome not logged
visit-log.csv,4915,V04914,Visit Date,coerced,'27/05/2026' parsed as %d/%m/%Y
visit-log.csv,4915,V04914,Duration (mins),blank,Duration not recorded
visit-log.csv,4916,V04915,Visit Date,coerced,'15/06/2026' parsed as %d/%m/%Y
visit-log.csv,4918,V04917,Visit Date,coerced,'08/06/2026' parsed as %d/%m/%Y
visit-log.csv,4919,V04918,Visit Date,coerced,'11/07/2026' parsed as %d/%m/%Y
visit-log.csv,4920,V04919,Visit Date,coerced,'20/06/2026' parsed as %d/%m/%Y
visit-log.csv,4921,V04920,Visit Date,coerced,'22/05/2026' parsed as %d/%m/%Y
visit-log.csv,4921,V04920,Duration (mins),blank,Duration not recorded
visit-log.csv,4921,V04920,Purpose,blank,Purpose not logged
visit-log.csv,4921,V04920,Remarks,blank,Outcome not logged
visit-log.csv,4922,V04921,Visit Date,coerced,'13/05/2026' parsed as %d/%m/%Y
visit-log.csv,4922,V04921,Remarks,blank,Outcome not logged
visit-log.csv,4923,V04922,Remarks,blank,Outcome not logged
visit-log.csv,4924,V04923,Visit Date,coerced,'13/07/2026' parsed as %d/%m/%Y
visit-log.csv,4925,V04924,Visit Date,coerced,'02/05/2026' parsed as %d/%m/%Y
visit-log.csv,4926,V04925,Duration (mins),blank,Duration not recorded
visit-log.csv,4926,V04925,Purpose,blank,Purpose not logged
visit-log.csv,4927,V04926,Visit Date,coerced,'20/07/2026' parsed as %d/%m/%Y
visit-log.csv,4927,V04926,Remarks,blank,Outcome not logged
visit-log.csv,4928,V04927,Visit Date,coerced,'02/07/2026' parsed as %d/%m/%Y
visit-log.csv,4928,V04927,Duration (mins),blank,Duration not recorded
visit-log.csv,4928,V04927,Remarks,blank,Outcome not logged
visit-log.csv,4929,V04928,Visit Date,coerced,'15/07/2026' parsed as %d/%m/%Y
visit-log.csv,4929,V04928,Purpose,coerced,'followup' -> Follow up
visit-log.csv,4931,V04930,Visit Date,coerced,'23/06/2026' parsed as %d/%m/%Y
visit-log.csv,4931,V04930,Purpose,blank,Purpose not logged
visit-log.csv,4931,V04930,Remarks,blank,Outcome not logged
visit-log.csv,4932,V04931,Purpose,coerced,'routine' -> Routine visit
visit-log.csv,4932,V04931,Remarks,blank,Outcome not logged
visit-log.csv,4933,V04932,Visit Date,coerced,'16/05/2026' parsed as %d/%m/%Y
visit-log.csv,4935,V04934,Visit Date,coerced,'17/07/2026' parsed as %d/%m/%Y
visit-log.csv,4935,V04934,Remarks,blank,Outcome not logged
visit-log.csv,4936,V04935,Purpose,coerced,'routine' -> Routine visit
visit-log.csv,4937,V04936,Remarks,blank,Outcome not logged
visit-log.csv,4938,V04937,Visit Date,coerced,'22/07/2026' parsed as %d/%m/%Y
visit-log.csv,4938,V04937,Duration (mins),blank,Duration not recorded
visit-log.csv,4938,V04937,Remarks,blank,Outcome not logged
visit-log.csv,4939,V04938,Visit Date,coerced,'07/07/2026' parsed as %d/%m/%Y
visit-log.csv,4939,V04938,Remarks,blank,Outcome not logged
visit-log.csv,4940,V04939,Visit Date,coerced,'05/07/2026' parsed as %d/%m/%Y
visit-log.csv,4940,V04939,Remarks,blank,Outcome not logged
visit-log.csv,4941,V04940,Visit Date,coerced,'28/05/2026' parsed as %d/%m/%Y
visit-log.csv,4941,V04940,Duration (mins),blank,Duration not recorded
visit-log.csv,4942,V04941,Visit Date,coerced,'06/06/2026' parsed as %d/%m/%Y
visit-log.csv,4942,V04941,Remarks,blank,Outcome not logged
visit-log.csv,4943,V04942,Visit Date,coerced,'01/07/2026' parsed as %d/%m/%Y
visit-log.csv,4943,V04942,Remarks,blank,Outcome not logged
visit-log.csv,4944,V04943,Visit Date,coerced,'16/07/2026' parsed as %d/%m/%Y
visit-log.csv,4944,V04943,Purpose,coerced,'routine' -> Routine visit
visit-log.csv,4945,V04944,Visit Date,coerced,'25/07/2026' parsed as %d/%m/%Y
visit-log.csv,4946,V04945,Visit Date,coerced,'27/07/2026' parsed as %d/%m/%Y
visit-log.csv,4946,V04945,Remarks,blank,Outcome not logged
visit-log.csv,4947,V04946,Remarks,blank,Outcome not logged
visit-log.csv,4948,V04947,Remarks,blank,Outcome not logged
visit-log.csv,4949,V04948,Visit Date,coerced,'13/07/2026' parsed as %d/%m/%Y
visit-log.csv,4949,V04948,Remarks,blank,Outcome not logged
visit-log.csv,4950,V04949,Visit Date,coerced,'25/05/2026' parsed as %d/%m/%Y
visit-log.csv,4950,V04949,Remarks,blank,Outcome not logged
visit-log.csv,4951,V04950,Visit Date,coerced,'09/07/2026' parsed as %d/%m/%Y
visit-log.csv,4951,V04950,Purpose,blank,Purpose not logged
visit-log.csv,4951,V04950,Remarks,blank,Outcome not logged
visit-log.csv,4952,V04951,Visit Date,coerced,'31/05/2026' parsed as %d/%m/%Y
visit-log.csv,4953,V04952,Purpose,coerced,'followup' -> Follow up
visit-log.csv,4953,V04952,Remarks,blank,Outcome not logged
visit-log.csv,4954,V04953,Visit Date,coerced,'13/07/2026' parsed as %d/%m/%Y
visit-log.csv,4954,V04953,Purpose,coerced,'followup' -> Follow up
visit-log.csv,4955,V04954,Visit Date,coerced,'06/05/2026' parsed as %d/%m/%Y
visit-log.csv,4955,V04954,Purpose,coerced,'followup' -> Follow up
visit-log.csv,4956,V04955,Visit Date,coerced,'04/06/2026' parsed as %d/%m/%Y
visit-log.csv,4956,V04955,Remarks,blank,Outcome not logged
visit-log.csv,4957,V04956,Visit Date,coerced,'16/07/2026' parsed as %d/%m/%Y
visit-log.csv,4958,V04957,Remarks,blank,Outcome not logged
visit-log.csv,4959,V04958,Visit Date,coerced,'13/07/2026' parsed as %d/%m/%Y
visit-log.csv,4960,V04959,Duration (mins),blank,Duration not recorded
visit-log.csv,4960,V04959,Remarks,blank,Outcome not logged
visit-log.csv,4961,V04960,Purpose,coerced,'routine' -> Routine visit
visit-log.csv,4961,V04960,Remarks,blank,Outcome not logged
visit-log.csv,4963,V04962,Visit Date,coerced,'03/05/2026' parsed as %d/%m/%Y
visit-log.csv,4964,V04963,Visit Date,coerced,'02/07/2026' parsed as %d/%m/%Y
visit-log.csv,4964,V04963,Purpose,blank,Purpose not logged
visit-log.csv,4965,V04964,Visit Date,coerced,'11/05/2026' parsed as %d/%m/%Y
visit-log.csv,4965,V04964,Purpose,coerced,'routine' -> Routine visit
visit-log.csv,4965,V04964,Remarks,blank,Outcome not logged
visit-log.csv,4966,V04965,Visit Date,coerced,'20/07/2026' parsed as %d/%m/%Y
visit-log.csv,4966,V04965,Duration (mins),blank,Duration not recorded
visit-log.csv,4966,V04965,Purpose,coerced,'followup' -> Follow up
visit-log.csv,4967,V04966,Visit Date,coerced,'22/07/2026' parsed as %d/%m/%Y
visit-log.csv,4968,V04967,Visit Date,coerced,'05/07/2026' parsed as %d/%m/%Y
visit-log.csv,4969,V04968,Visit Date,coerced,'21/07/2026' parsed as %d/%m/%Y
visit-log.csv,4969,V04968,Purpose,coerced,'routine' -> Routine visit
visit-log.csv,4969,V04968,Remarks,blank,Outcome not logged
visit-log.csv,4971,V04970,Visit Date,coerced,'02/07/2026' parsed as %d/%m/%Y
visit-log.csv,4971,V04970,Purpose,coerced,'followup' -> Follow up
visit-log.csv,4971,V04970,Remarks,blank,Outcome not logged
visit-log.csv,4972,V04971,Visit Date,coerced,'26/05/2026' parsed as %d/%m/%Y
visit-log.csv,4973,V04972,Purpose,coerced,'followup' -> Follow up
visit-log.csv,4973,V04972,Remarks,blank,Outcome not logged
visit-log.csv,4974,V04973,Remarks,blank,Outcome not logged
visit-log.csv,4975,V04974,Visit Date,coerced,'12/06/2026' parsed as %d/%m/%Y
visit-log.csv,4975,V04974,Remarks,blank,Outcome not logged
visit-log.csv,4976,V04975,Visit Date,coerced,'13/06/2026' parsed as %d/%m/%Y
visit-log.csv,4977,V04976,Visit Date,coerced,'03/06/2026' parsed as %d/%m/%Y
visit-log.csv,4977,V04976,Purpose,blank,Purpose not logged
visit-log.csv,4978,V04977,Duration (mins),blank,Duration not recorded
visit-log.csv,4978,V04977,Remarks,blank,Outcome not logged
visit-log.csv,4979,V04978,Visit Date,coerced,'23/07/2026' parsed as %d/%m/%Y
visit-log.csv,4979,V04978,Purpose,coerced,'routine' -> Routine visit
visit-log.csv,4980,V04979,Purpose,blank,Purpose not logged
visit-log.csv,4981,V04980,Visit Date,coerced,'17/07/2026' parsed as %d/%m/%Y
visit-log.csv,4982,V04981,Purpose,coerced,'followup' -> Follow up
visit-log.csv,4983,V04982,Visit Date,coerced,'17/07/2026' parsed as %d/%m/%Y
visit-log.csv,4984,V04983,Visit Date,coerced,'20/05/2026' parsed as %d/%m/%Y
visit-log.csv,4985,V04984,Visit Date,coerced,'06/07/2026' parsed as %d/%m/%Y
visit-log.csv,4985,V04984,Purpose,coerced,'followup' -> Follow up
visit-log.csv,4986,V04985,Visit Date,coerced,'29/05/2026' parsed as %d/%m/%Y
visit-log.csv,4986,V04985,Duration (mins),blank,Duration not recorded
visit-log.csv,4986,V04985,Purpose,coerced,'followup' -> Follow up
visit-log.csv,4986,V04985,Remarks,blank,Outcome not logged
visit-log.csv,4987,V04986,Visit Date,coerced,'21/05/2026' parsed as %d/%m/%Y
visit-log.csv,4987,V04986,Purpose,coerced,'followup' -> Follow up
visit-log.csv,4987,V04986,Remarks,blank,Outcome not logged
visit-log.csv,4988,V04987,Remarks,blank,Outcome not logged
visit-log.csv,4989,V04988,Visit Date,coerced,'24/05/2026' parsed as %d/%m/%Y
visit-log.csv,4991,V04990,Visit Date,coerced,'18/05/2026' parsed as %d/%m/%Y
visit-log.csv,4991,V04990,Duration (mins),blank,Duration not recorded
visit-log.csv,4992,V04991,Remarks,blank,Outcome not logged
visit-log.csv,4993,V04992,Visit Date,coerced,'19/06/2026' parsed as %d/%m/%Y
visit-log.csv,4993,V04992,Purpose,coerced,'followup' -> Follow up
visit-log.csv,4994,V04993,Visit Date,coerced,'11/06/2026' parsed as %d/%m/%Y
visit-log.csv,4994,V04993,Purpose,coerced,'followup' -> Follow up
visit-log.csv,4995,V04994,Visit Date,coerced,'18/07/2026' parsed as %d/%m/%Y
visit-log.csv,4995,V04994,Remarks,blank,Outcome not logged
visit-log.csv,4996,V04995,Visit Date,coerced,'15/06/2026' parsed as %d/%m/%Y
visit-log.csv,4996,V04995,Purpose,blank,Purpose not logged
visit-log.csv,4996,V04995,Remarks,blank,Outcome not logged
visit-log.csv,4997,V04996,Visit Date,coerced,'03/06/2026' parsed as %d/%m/%Y
visit-log.csv,4998,V04997,Remarks,blank,Outcome not logged
visit-log.csv,4999,V04998,Visit Date,coerced,'03/06/2026' parsed as %d/%m/%Y
visit-log.csv,4999,V04998,Duration (mins),blank,Duration not recorded
visit-log.csv,5000,V04999,Visit Date,coerced,'11/06/2026' parsed as %d/%m/%Y
visit-log.csv,5000,V04999,Remarks,blank,Outcome not logged
visit-log.csv,5001,V05000,Visit Date,coerced,'13/05/2026' parsed as %d/%m/%Y
visit-log.csv,5001,V05000,Remarks,blank,Outcome not logged
visit-log.csv,5002,V05001,Visit Date,coerced,'08/05/2026' parsed as %d/%m/%Y
visit-log.csv,5002,V05001,Remarks,blank,Outcome not logged
visit-log.csv,5003,V05002,Purpose,blank,Purpose not logged
visit-log.csv,5004,V05003,Visit Date,coerced,'19/06/2026' parsed as %d/%m/%Y
visit-log.csv,5004,V05003,Purpose,coerced,'followup' -> Follow up
visit-log.csv,5005,V05004,Visit Date,coerced,'14/07/2026' parsed as %d/%m/%Y
visit-log.csv,5005,V05004,Remarks,blank,Outcome not logged
visit-log.csv,5006,V05005,Visit Date,coerced,'21/06/2026' parsed as %d/%m/%Y
visit-log.csv,5006,V05005,Remarks,blank,Outcome not logged
visit-log.csv,5007,V05006,Visit Date,coerced,'28/05/2026' parsed as %d/%m/%Y
visit-log.csv,5008,V05007,Visit Date,coerced,'22/06/2026' parsed as %d/%m/%Y
visit-log.csv,5008,V05007,Purpose,coerced,'routine' -> Routine visit
visit-log.csv,5009,V05008,Visit Date,coerced,'29/05/2026' parsed as %d/%m/%Y
visit-log.csv,5009,V05008,Remarks,blank,Outcome not logged
visit-log.csv,5010,V05009,Duration (mins),blank,Duration not recorded
visit-log.csv,5011,V05010,Visit Date,coerced,'28/06/2026' parsed as %d/%m/%Y
visit-log.csv,5011,V05010,Purpose,coerced,'followup' -> Follow up
visit-log.csv,5012,V05011,Visit Date,coerced,'18/07/2026' parsed as %d/%m/%Y
visit-log.csv,5012,V05011,Duration (mins),blank,Duration not recorded
visit-log.csv,5012,V05011,Remarks,blank,Outcome not logged
visit-log.csv,5013,V05012,Visit Date,coerced,'11/06/2026' parsed as %d/%m/%Y
visit-log.csv,5014,V05013,Visit Date,coerced,'01/07/2026' parsed as %d/%m/%Y
visit-log.csv,5015,V05014,Visit Date,coerced,'24/05/2026' parsed as %d/%m/%Y
visit-log.csv,5015,V05014,Remarks,blank,Outcome not logged
visit-log.csv,5016,V05015,Visit Date,coerced,'21/05/2026' parsed as %d/%m/%Y
visit-log.csv,5017,V05016,Purpose,blank,Purpose not logged
visit-log.csv,5017,V05016,Remarks,blank,Outcome not logged
visit-log.csv,5018,V05017,Visit Date,coerced,'29/05/2026' parsed as %d/%m/%Y
visit-log.csv,5019,V05018,Visit Date,coerced,'20/05/2026' parsed as %d/%m/%Y
visit-log.csv,5020,V05019,Visit Date,coerced,'30/07/2026' parsed as %d/%m/%Y
visit-log.csv,5020,V05019,Purpose,blank,Purpose not logged
visit-log.csv,5020,V05019,Remarks,blank,Outcome not logged
visit-log.csv,5022,V05021,Visit Date,coerced,'06/06/2026' parsed as %d/%m/%Y
visit-log.csv,5023,V05022,Visit Date,coerced,'19/05/2026' parsed as %d/%m/%Y
visit-log.csv,5024,V05023,Visit Date,coerced,'01/07/2026' parsed as %d/%m/%Y
visit-log.csv,5024,V05023,Purpose,coerced,'routine' -> Routine visit
visit-log.csv,5025,V05024,Visit Date,coerced,'26/06/2026' parsed as %d/%m/%Y
visit-log.csv,5026,V05025,Visit Date,coerced,'08/07/2026' parsed as %d/%m/%Y
visit-log.csv,5027,V05026,Visit Date,coerced,'08/07/2026' parsed as %d/%m/%Y
visit-log.csv,5027,V05026,Purpose,blank,Purpose not logged
visit-log.csv,5028,V05027,Remarks,blank,Outcome not logged
visit-log.csv,5029,V05028,Visit Date,coerced,'24/05/2026' parsed as %d/%m/%Y
visit-log.csv,5029,V05028,Duration (mins),blank,Duration not recorded
visit-log.csv,5030,V05029,Visit Date,coerced,'08/06/2026' parsed as %d/%m/%Y
visit-log.csv,5031,V05030,Visit Date,coerced,'13/06/2026' parsed as %d/%m/%Y
visit-log.csv,5031,V05030,Remarks,blank,Outcome not logged
visit-log.csv,5032,V05031,Visit Date,coerced,'05/06/2026' parsed as %d/%m/%Y
visit-log.csv,5032,V05031,Duration (mins),blank,Duration not recorded
visit-log.csv,5032,V05031,Remarks,blank,Outcome not logged
visit-log.csv,5033,V05032,Duration (mins),blank,Duration not recorded
visit-log.csv,5033,V05032,Remarks,blank,Outcome not logged
visit-log.csv,5034,V05033,Duration (mins),blank,Duration not recorded
visit-log.csv,5034,V05033,Remarks,blank,Outcome not logged
visit-log.csv,5035,V05034,Visit Date,coerced,'06/06/2026' parsed as %d/%m/%Y
visit-log.csv,5036,V05035,Visit Date,coerced,'22/06/2026' parsed as %d/%m/%Y
visit-log.csv,5036,V05035,Purpose,blank,Purpose not logged
visit-log.csv,5037,V05036,Visit Date,coerced,'18/07/2026' parsed as %d/%m/%Y
visit-log.csv,5038,V05037,Purpose,coerced,'followup' -> Follow up
visit-log.csv,5039,V05038,Visit Date,coerced,'13/07/2026' parsed as %d/%m/%Y
visit-log.csv,5039,V05038,Remarks,blank,Outcome not logged
visit-log.csv,5040,V05039,Visit Date,coerced,'03/06/2026' parsed as %d/%m/%Y
visit-log.csv,5040,V05039,Duration (mins),blank,Duration not recorded
visit-log.csv,5040,V05039,Purpose,coerced,'routine' -> Routine visit
visit-log.csv,5041,V05040,Visit Date,coerced,'29/07/2026' parsed as %d/%m/%Y
visit-log.csv,5042,V05041,Visit Date,coerced,'29/06/2026' parsed as %d/%m/%Y
visit-log.csv,5043,V05042,Visit Date,coerced,'30/06/2026' parsed as %d/%m/%Y
visit-log.csv,5043,V05042,Duration (mins),blank,Duration not recorded
visit-log.csv,5045,V05044,Visit Date,coerced,'20/07/2026' parsed as %d/%m/%Y
visit-log.csv,5046,V05045,Visit Date,coerced,'20/05/2026' parsed as %d/%m/%Y
visit-log.csv,5048,V05047,Visit Date,coerced,'18/06/2026' parsed as %d/%m/%Y
visit-log.csv,5049,V05048,Visit Date,coerced,'29/05/2026' parsed as %d/%m/%Y
visit-log.csv,5051,V05050,Visit Date,coerced,'11/05/2026' parsed as %d/%m/%Y
visit-log.csv,5051,V05050,Remarks,blank,Outcome not logged
visit-log.csv,5052,V05051,Visit Date,coerced,'15/05/2026' parsed as %d/%m/%Y
visit-log.csv,5052,V05051,Duration (mins),blank,Duration not recorded
visit-log.csv,5052,V05051,Remarks,blank,Outcome not logged
visit-log.csv,5053,V05052,Visit Date,coerced,'02/06/2026' parsed as %d/%m/%Y
visit-log.csv,5054,V05053,Visit Date,coerced,'24/07/2026' parsed as %d/%m/%Y
visit-log.csv,5054,V05053,Purpose,coerced,'routine' -> Routine visit
visit-log.csv,5055,V05054,Visit Date,coerced,'21/06/2026' parsed as %d/%m/%Y
visit-log.csv,5055,V05054,Remarks,blank,Outcome not logged
visit-log.csv,5056,V05055,Purpose,coerced,'followup' -> Follow up
visit-log.csv,5058,V05057,Visit Date,coerced,'29/06/2026' parsed as %d/%m/%Y
visit-log.csv,5058,V05057,Remarks,blank,Outcome not logged
visit-log.csv,5059,V05058,Visit Date,coerced,'25/05/2026' parsed as %d/%m/%Y
visit-log.csv,5059,V05058,Purpose,coerced,'followup' -> Follow up
visit-log.csv,5060,V05059,Visit Date,coerced,'02/07/2026' parsed as %d/%m/%Y
visit-log.csv,5060,V05059,Remarks,blank,Outcome not logged
visit-log.csv,5061,V05060,Visit Date,coerced,'27/07/2026' parsed as %d/%m/%Y
visit-log.csv,5062,V05061,Visit Date,coerced,'14/05/2026' parsed as %d/%m/%Y
visit-log.csv,5063,V05062,Purpose,coerced,'followup' -> Follow up
visit-log.csv,5064,V05063,Visit Date,coerced,'13/05/2026' parsed as %d/%m/%Y
visit-log.csv,5065,V05064,Visit Date,coerced,'13/06/2026' parsed as %d/%m/%Y
visit-log.csv,5066,V05065,Visit Date,coerced,'25/06/2026' parsed as %d/%m/%Y
visit-log.csv,5066,V05065,Purpose,coerced,'followup' -> Follow up
visit-log.csv,5066,V05065,Remarks,blank,Outcome not logged
visit-log.csv,5067,V05066,Visit Date,coerced,'29/05/2026' parsed as %d/%m/%Y
visit-log.csv,5068,V05067,Visit Date,coerced,'27/06/2026' parsed as %d/%m/%Y
visit-log.csv,5069,V05068,Visit Date,coerced,'28/06/2026' parsed as %d/%m/%Y
visit-log.csv,5069,V05068,Remarks,blank,Outcome not logged
visit-log.csv,5070,V05069,Remarks,blank,Outcome not logged
visit-log.csv,5071,V05070,Visit Date,coerced,'07/07/2026' parsed as %d/%m/%Y
visit-log.csv,5071,V05070,Duration (mins),blank,Duration not recorded
visit-log.csv,5071,V05070,Remarks,blank,Outcome not logged
visit-log.csv,5072,V05071,Visit Date,coerced,'29/06/2026' parsed as %d/%m/%Y
visit-log.csv,5074,V05073,Purpose,coerced,'routine' -> Routine visit
visit-log.csv,5074,V05073,Remarks,blank,Outcome not logged
visit-log.csv,5075,V05074,Visit Date,coerced,'02/07/2026' parsed as %d/%m/%Y
visit-log.csv,5076,V05075,Purpose,coerced,'followup' -> Follow up
visit-log.csv,5078,V05077,Visit Date,coerced,'19/05/2026' parsed as %d/%m/%Y
visit-log.csv,5078,V05077,Purpose,coerced,'routine' -> Routine visit
visit-log.csv,5079,V05078,Visit Date,coerced,'29/07/2026' parsed as %d/%m/%Y
visit-log.csv,5079,V05078,Remarks,blank,Outcome not logged
visit-log.csv,5080,V05079,Visit Date,coerced,'30/05/2026' parsed as %d/%m/%Y
visit-log.csv,5080,V05079,Purpose,coerced,'routine' -> Routine visit
visit-log.csv,5081,V05080,Visit Date,coerced,'26/06/2026' parsed as %d/%m/%Y
visit-log.csv,5082,V05081,Remarks,blank,Outcome not logged
visit-log.csv,5083,V05082,Remarks,blank,Outcome not logged
visit-log.csv,5084,V05083,Purpose,blank,Purpose not logged
visit-log.csv,5086,V05085,Visit Date,coerced,'06/05/2026' parsed as %d/%m/%Y
visit-log.csv,5087,V05086,Visit Date,coerced,'02/05/2026' parsed as %d/%m/%Y
visit-log.csv,5087,V05086,Purpose,coerced,'followup' -> Follow up
visit-log.csv,5088,V05087,Visit Date,coerced,'05/06/2026' parsed as %d/%m/%Y
visit-log.csv,5088,V05087,Purpose,blank,Purpose not logged
visit-log.csv,5089,V05088,Duration (mins),blank,Duration not recorded
visit-log.csv,5089,V05088,Remarks,blank,Outcome not logged
visit-log.csv,5090,V05089,Visit Date,coerced,'26/05/2026' parsed as %d/%m/%Y
visit-log.csv,5091,V05090,Visit Date,coerced,'12/06/2026' parsed as %d/%m/%Y
visit-log.csv,5092,V05091,Visit Date,coerced,'26/05/2026' parsed as %d/%m/%Y
visit-log.csv,5093,V05092,Remarks,blank,Outcome not logged
visit-log.csv,5094,V05093,Visit Date,coerced,'01/06/2026' parsed as %d/%m/%Y
visit-log.csv,5094,V05093,Remarks,blank,Outcome not logged
visit-log.csv,5095,V05094,Visit Date,coerced,'09/06/2026' parsed as %d/%m/%Y
visit-log.csv,5096,V05095,Visit Date,coerced,'02/07/2026' parsed as %d/%m/%Y
visit-log.csv,5096,V05095,Purpose,coerced,'followup' -> Follow up
visit-log.csv,5097,V05096,Visit Date,coerced,'06/06/2026' parsed as %d/%m/%Y
visit-log.csv,5097,V05096,Purpose,coerced,'followup' -> Follow up
visit-log.csv,5098,V05097,Remarks,blank,Outcome not logged
visit-log.csv,5099,V05098,Visit Date,coerced,'05/05/2026' parsed as %d/%m/%Y
visit-log.csv,5100,V05099,Visit Date,coerced,'03/07/2026' parsed as %d/%m/%Y
visit-log.csv,5100,V05099,Purpose,coerced,'routine' -> Routine visit
visit-log.csv,5101,V05100,Visit Date,coerced,'18/07/2026' parsed as %d/%m/%Y
visit-log.csv,5102,V05101,Duration (mins),blank,Duration not recorded
visit-log.csv,5102,V05101,Purpose,blank,Purpose not logged
visit-log.csv,5103,V05102,Visit Date,coerced,'03/07/2026' parsed as %d/%m/%Y
visit-log.csv,5104,V05103,Remarks,blank,Outcome not logged
visit-log.csv,5105,V05104,Remarks,blank,Outcome not logged
visit-log.csv,5106,V05105,Visit Date,coerced,'07/05/2026' parsed as %d/%m/%Y
visit-log.csv,5106,V05105,Duration (mins),blank,Duration not recorded
visit-log.csv,5106,V05105,Purpose,blank,Purpose not logged
visit-log.csv,5106,V05105,Remarks,blank,Outcome not logged
visit-log.csv,5107,V05106,Visit Date,coerced,'12/06/2026' parsed as %d/%m/%Y
visit-log.csv,5107,V05106,Remarks,blank,Outcome not logged
visit-log.csv,5108,V05107,Visit Date,coerced,'02/05/2026' parsed as %d/%m/%Y
visit-log.csv,5108,V05107,Remarks,blank,Outcome not logged
visit-log.csv,5109,V05108,Visit Date,coerced,'30/07/2026' parsed as %d/%m/%Y
visit-log.csv,5109,V05108,Purpose,coerced,'routine' -> Routine visit
visit-log.csv,5109,V05108,Remarks,blank,Outcome not logged
visit-log.csv,5110,V05109,Visit Date,coerced,'13/07/2026' parsed as %d/%m/%Y
visit-log.csv,5110,V05109,Remarks,blank,Outcome not logged
visit-log.csv,5112,V05111,Visit Date,coerced,'18/05/2026' parsed as %d/%m/%Y
visit-log.csv,5113,V05112,Visit Date,coerced,'20/07/2026' parsed as %d/%m/%Y
visit-log.csv,5113,V05112,Remarks,blank,Outcome not logged
visit-log.csv,5114,V05113,Visit Date,coerced,'16/07/2026' parsed as %d/%m/%Y
visit-log.csv,5115,V05114,Visit Date,coerced,'25/05/2026' parsed as %d/%m/%Y
visit-log.csv,5115,V05114,Duration (mins),blank,Duration not recorded
visit-log.csv,5116,V05115,Visit Date,coerced,'17/06/2026' parsed as %d/%m/%Y
visit-log.csv,5116,V05115,Duration (mins),blank,Duration not recorded
visit-log.csv,5117,V05116,Purpose,coerced,'followup' -> Follow up
visit-log.csv,5118,V05117,Visit Date,coerced,'02/05/2026' parsed as %d/%m/%Y
visit-log.csv,5119,V05118,Visit Date,coerced,'10/06/2026' parsed as %d/%m/%Y
visit-log.csv,5119,V05118,Remarks,blank,Outcome not logged
visit-log.csv,5120,V05119,Visit Date,coerced,'17/05/2026' parsed as %d/%m/%Y
visit-log.csv,5122,V05121,Visit Date,coerced,'22/06/2026' parsed as %d/%m/%Y
visit-log.csv,5122,V05121,Purpose,blank,Purpose not logged
visit-log.csv,5122,V05121,Remarks,blank,Outcome not logged
visit-log.csv,5123,V05122,Visit Date,coerced,'09/06/2026' parsed as %d/%m/%Y
visit-log.csv,5123,V05122,Purpose,coerced,'routine' -> Routine visit
visit-log.csv,5124,V05123,Visit Date,coerced,'23/07/2026' parsed as %d/%m/%Y
visit-log.csv,5124,V05123,Remarks,blank,Outcome not logged
visit-log.csv,5125,V05124,Visit Date,coerced,'02/05/2026' parsed as %d/%m/%Y
visit-log.csv,5126,V05125,Visit Date,coerced,'13/07/2026' parsed as %d/%m/%Y
visit-log.csv,5127,V05126,Visit Date,coerced,'27/06/2026' parsed as %d/%m/%Y
visit-log.csv,5127,V05126,Remarks,blank,Outcome not logged
visit-log.csv,5128,V05127,Visit Date,coerced,'21/07/2026' parsed as %d/%m/%Y
visit-log.csv,5128,V05127,Remarks,blank,Outcome not logged
visit-log.csv,5129,V05128,Visit Date,coerced,'18/06/2026' parsed as %d/%m/%Y
visit-log.csv,5129,V05128,Purpose,coerced,'followup' -> Follow up
visit-log.csv,5130,V05129,Visit Date,coerced,'03/06/2026' parsed as %d/%m/%Y
visit-log.csv,5131,V05130,Visit Date,coerced,'15/07/2026' parsed as %d/%m/%Y
visit-log.csv,5131,V05130,Remarks,blank,Outcome not logged
visit-log.csv,5132,V05131,Visit Date,coerced,'28/05/2026' parsed as %d/%m/%Y
visit-log.csv,5132,V05131,Duration (mins),blank,Duration not recorded
visit-log.csv,5133,V05132,Visit Date,coerced,'10/07/2026' parsed as %d/%m/%Y
visit-log.csv,5133,V05132,Remarks,blank,Outcome not logged
visit-log.csv,5134,V05133,Visit Date,coerced,'09/05/2026' parsed as %d/%m/%Y
visit-log.csv,5134,V05133,Purpose,coerced,'routine' -> Routine visit
visit-log.csv,5135,V05134,Visit Date,coerced,'23/05/2026' parsed as %d/%m/%Y
visit-log.csv,5136,V05135,Duration (mins),blank,Duration not recorded
visit-log.csv,5136,V05135,Purpose,coerced,'followup' -> Follow up
visit-log.csv,5137,V05136,Visit Date,coerced,'03/06/2026' parsed as %d/%m/%Y
visit-log.csv,5137,V05136,Purpose,blank,Purpose not logged
visit-log.csv,5137,V05136,Remarks,blank,Outcome not logged
visit-log.csv,5138,V05137,Visit Date,coerced,'14/05/2026' parsed as %d/%m/%Y
visit-log.csv,5138,V05137,Purpose,coerced,'routine' -> Routine visit
visit-log.csv,5139,V05138,Visit Date,coerced,'04/05/2026' parsed as %d/%m/%Y
visit-log.csv,5140,V05139,Visit Date,coerced,'23/05/2026' parsed as %d/%m/%Y
visit-log.csv,5141,V05140,Visit Date,coerced,'08/05/2026' parsed as %d/%m/%Y
visit-log.csv,5141,V05140,Duration (mins),blank,Duration not recorded
visit-log.csv,5141,V05140,Remarks,blank,Outcome not logged
visit-log.csv,5143,V05142,Visit Date,coerced,'17/07/2026' parsed as %d/%m/%Y
visit-log.csv,5143,V05142,Remarks,blank,Outcome not logged
visit-log.csv,5144,V05143,Duration (mins),blank,Duration not recorded
visit-log.csv,5144,V05143,Remarks,blank,Outcome not logged
visit-log.csv,5145,V05144,Visit Date,coerced,'09/07/2026' parsed as %d/%m/%Y
visit-log.csv,5146,V05145,Visit Date,coerced,'27/07/2026' parsed as %d/%m/%Y
visit-log.csv,5146,V05145,Remarks,blank,Outcome not logged
visit-log.csv,5148,V05147,Visit Date,coerced,'23/06/2026' parsed as %d/%m/%Y
visit-log.csv,5149,V05148,Visit Date,coerced,'06/05/2026' parsed as %d/%m/%Y
visit-log.csv,5150,V05149,Visit Date,coerced,'26/06/2026' parsed as %d/%m/%Y
visit-log.csv,5150,V05149,Duration (mins),blank,Duration not recorded
visit-log.csv,5151,V05150,Visit Date,coerced,'28/07/2026' parsed as %d/%m/%Y
visit-log.csv,5151,V05150,Purpose,blank,Purpose not logged
visit-log.csv,5152,V05151,Remarks,blank,Outcome not logged
visit-log.csv,5153,V05152,Visit Date,coerced,'09/06/2026' parsed as %d/%m/%Y
visit-log.csv,5153,V05152,Purpose,coerced,'routine' -> Routine visit
visit-log.csv,5154,V05153,Visit Date,coerced,'07/05/2026' parsed as %d/%m/%Y
visit-log.csv,5155,V05154,Visit Date,coerced,'22/06/2026' parsed as %d/%m/%Y
visit-log.csv,5155,V05154,Duration (mins),blank,Duration not recorded
visit-log.csv,5156,V05155,Remarks,blank,Outcome not logged
visit-log.csv,5157,V05156,Visit Date,coerced,'27/07/2026' parsed as %d/%m/%Y
visit-log.csv,5157,V05156,Purpose,blank,Purpose not logged
visit-log.csv,5157,V05156,Remarks,blank,Outcome not logged
visit-log.csv,5158,V05157,Duration (mins),blank,Duration not recorded
visit-log.csv,5158,V05157,Purpose,blank,Purpose not logged
visit-log.csv,5159,V05158,Visit Date,coerced,'05/06/2026' parsed as %d/%m/%Y
visit-log.csv,5159,V05158,Purpose,blank,Purpose not logged
visit-log.csv,5159,V05158,Remarks,blank,Outcome not logged
visit-log.csv,5162,V05161,Visit Date,coerced,'27/05/2026' parsed as %d/%m/%Y
visit-log.csv,5162,V05161,Purpose,blank,Purpose not logged
visit-log.csv,5163,V05162,Purpose,blank,Purpose not logged
visit-log.csv,5164,V05163,Visit Date,coerced,'23/07/2026' parsed as %d/%m/%Y
visit-log.csv,5165,V05164,Visit Date,coerced,'12/06/2026' parsed as %d/%m/%Y
visit-log.csv,5165,V05164,Remarks,blank,Outcome not logged
visit-log.csv,5166,V05165,Remarks,blank,Outcome not logged
visit-log.csv,5167,V05166,Purpose,coerced,'routine' -> Routine visit
visit-log.csv,5168,V05167,Visit Date,coerced,'13/06/2026' parsed as %d/%m/%Y
visit-log.csv,5169,V05168,Visit Date,coerced,'23/06/2026' parsed as %d/%m/%Y
visit-log.csv,5169,V05168,Purpose,coerced,'followup' -> Follow up
visit-log.csv,5170,V05169,Visit Date,coerced,'11/07/2026' parsed as %d/%m/%Y
visit-log.csv,5170,V05169,Duration (mins),blank,Duration not recorded
visit-log.csv,5171,V05170,Visit Date,coerced,'20/07/2026' parsed as %d/%m/%Y
visit-log.csv,5172,V05171,Visit Date,coerced,'19/05/2026' parsed as %d/%m/%Y
visit-log.csv,5172,V05171,Purpose,coerced,'routine' -> Routine visit
visit-log.csv,5173,V05172,Visit Date,coerced,'29/06/2026' parsed as %d/%m/%Y
visit-log.csv,5173,V05172,Duration (mins),blank,Duration not recorded
visit-log.csv,5173,V05172,Remarks,blank,Outcome not logged
visit-log.csv,5174,V05173,Visit Date,coerced,'06/07/2026' parsed as %d/%m/%Y
visit-log.csv,5175,V05174,Visit Date,coerced,'21/07/2026' parsed as %d/%m/%Y
visit-log.csv,5176,V05175,Visit Date,coerced,'12/05/2026' parsed as %d/%m/%Y
visit-log.csv,5176,V05175,Remarks,blank,Outcome not logged
visit-log.csv,5177,V05176,Remarks,blank,Outcome not logged
visit-log.csv,5178,V05177,Visit Date,coerced,'07/07/2026' parsed as %d/%m/%Y
visit-log.csv,5179,V05178,Purpose,coerced,'routine' -> Routine visit
visit-log.csv,5180,V05179,Visit Date,coerced,'29/06/2026' parsed as %d/%m/%Y
visit-log.csv,5180,V05179,Duration (mins),blank,Duration not recorded
visit-log.csv,5181,V05180,Visit Date,coerced,'04/05/2026' parsed as %d/%m/%Y
visit-log.csv,5182,V05181,Visit Date,coerced,'20/06/2026' parsed as %d/%m/%Y
visit-log.csv,5183,V05182,Duration (mins),blank,Duration not recorded
visit-log.csv,5184,V05183,Visit Date,coerced,'28/05/2026' parsed as %d/%m/%Y
visit-log.csv,5184,V05183,Duration (mins),blank,Duration not recorded
visit-log.csv,5184,V05183,Purpose,coerced,'followup' -> Follow up
visit-log.csv,5184,V05183,Remarks,blank,Outcome not logged
visit-log.csv,5185,V05184,Visit Date,coerced,'12/05/2026' parsed as %d/%m/%Y
visit-log.csv,5185,V05184,Duration (mins),blank,Duration not recorded
visit-log.csv,5186,V05185,Visit Date,coerced,'01/06/2026' parsed as %d/%m/%Y
visit-log.csv,5187,V05186,Duration (mins),blank,Duration not recorded
visit-log.csv,5187,V05186,Purpose,blank,Purpose not logged
visit-log.csv,5188,V05187,Visit Date,coerced,'27/07/2026' parsed as %d/%m/%Y
visit-log.csv,5189,V05188,Visit Date,coerced,'21/07/2026' parsed as %d/%m/%Y
visit-log.csv,5190,V05189,Duration (mins),blank,Duration not recorded
visit-log.csv,5191,V05190,Remarks,blank,Outcome not logged
visit-log.csv,5192,V05191,Visit Date,coerced,'26/06/2026' parsed as %d/%m/%Y
visit-log.csv,5192,V05191,Remarks,blank,Outcome not logged
visit-log.csv,5193,V05192,Visit Date,coerced,'16/05/2026' parsed as %d/%m/%Y
visit-log.csv,5195,V05194,Visit Date,coerced,'24/06/2026' parsed as %d/%m/%Y
visit-log.csv,5195,V05194,Purpose,coerced,'routine' -> Routine visit
visit-log.csv,5197,V05196,Visit Date,coerced,'06/05/2026' parsed as %d/%m/%Y
visit-log.csv,5198,V05197,Visit Date,coerced,'19/06/2026' parsed as %d/%m/%Y
visit-log.csv,5198,V05197,Remarks,blank,Outcome not logged
visit-log.csv,5199,V05198,Visit Date,coerced,'05/05/2026' parsed as %d/%m/%Y
visit-log.csv,5199,V05198,Remarks,blank,Outcome not logged
visit-log.csv,5200,V05199,Visit Date,coerced,'10/06/2026' parsed as %d/%m/%Y
visit-log.csv,5200,V05199,Purpose,coerced,'routine' -> Routine visit
visit-log.csv,5201,V05200,Visit Date,coerced,'06/07/2026' parsed as %d/%m/%Y
visit-log.csv,5202,V05201,Visit Date,coerced,'16/06/2026' parsed as %d/%m/%Y
visit-log.csv,5202,V05201,Duration (mins),blank,Duration not recorded
visit-log.csv,5203,V05202,Visit Date,coerced,'27/05/2026' parsed as %d/%m/%Y
visit-log.csv,5204,V05203,Visit Date,coerced,'18/07/2026' parsed as %d/%m/%Y
visit-log.csv,5204,V05203,Remarks,blank,Outcome not logged
visit-log.csv,5205,V05204,Visit Date,coerced,'09/07/2026' parsed as %d/%m/%Y
visit-log.csv,5206,V05205,Visit Date,coerced,'21/05/2026' parsed as %d/%m/%Y
visit-log.csv,5207,V05206,Visit Date,coerced,'25/06/2026' parsed as %d/%m/%Y
visit-log.csv,5207,V05206,Purpose,blank,Purpose not logged
visit-log.csv,5208,V05207,Duration (mins),blank,Duration not recorded
visit-log.csv,5208,V05207,Purpose,coerced,'followup' -> Follow up
visit-log.csv,5209,V05208,Visit Date,coerced,'20/07/2026' parsed as %d/%m/%Y
visit-log.csv,5210,V05209,Visit Date,coerced,'24/06/2026' parsed as %d/%m/%Y
visit-log.csv,5212,V05211,Visit Date,coerced,'08/06/2026' parsed as %d/%m/%Y
visit-log.csv,5212,V05211,Remarks,blank,Outcome not logged
visit-log.csv,5213,V05212,Purpose,blank,Purpose not logged
visit-log.csv,5213,V05212,Remarks,blank,Outcome not logged
visit-log.csv,5214,V05213,Visit Date,coerced,'06/07/2026' parsed as %d/%m/%Y
visit-log.csv,5215,V05214,Visit Date,coerced,'18/07/2026' parsed as %d/%m/%Y
visit-log.csv,5215,V05214,Purpose,coerced,'followup' -> Follow up
visit-log.csv,5216,V05215,Visit Date,coerced,'23/07/2026' parsed as %d/%m/%Y
visit-log.csv,5216,V05215,Remarks,blank,Outcome not logged
visit-log.csv,5217,V05216,Visit Date,coerced,'30/07/2026' parsed as %d/%m/%Y
visit-log.csv,5217,V05216,Remarks,blank,Outcome not logged
visit-log.csv,5219,V05218,Visit Date,coerced,'02/07/2026' parsed as %d/%m/%Y
visit-log.csv,5219,V05218,Remarks,blank,Outcome not logged
visit-log.csv,5220,V05219,Remarks,blank,Outcome not logged
visit-log.csv,5222,V05221,Visit Date,coerced,'18/06/2026' parsed as %d/%m/%Y
visit-log.csv,5222,V05221,Duration (mins),blank,Duration not recorded
visit-log.csv,5223,V05222,Visit Date,coerced,'05/05/2026' parsed as %d/%m/%Y
visit-log.csv,5223,V05222,Duration (mins),blank,Duration not recorded
visit-log.csv,5223,V05222,Remarks,blank,Outcome not logged
visit-log.csv,5224,V05223,Visit Date,coerced,'23/05/2026' parsed as %d/%m/%Y
visit-log.csv,5224,V05223,Purpose,blank,Purpose not logged
visit-log.csv,5224,V05223,Remarks,blank,Outcome not logged
visit-log.csv,5225,V05224,Visit Date,coerced,'03/07/2026' parsed as %d/%m/%Y
visit-log.csv,5226,V05225,Duration (mins),blank,Duration not recorded
visit-log.csv,5227,V05226,Visit Date,coerced,'23/07/2026' parsed as %d/%m/%Y
visit-log.csv,5228,V05227,Visit Date,coerced,'14/05/2026' parsed as %d/%m/%Y
visit-log.csv,5228,V05227,Purpose,coerced,'routine' -> Routine visit
visit-log.csv,5229,V05228,Visit Date,coerced,'20/07/2026' parsed as %d/%m/%Y
visit-log.csv,5229,V05228,Duration (mins),blank,Duration not recorded
visit-log.csv,5229,V05228,Purpose,blank,Purpose not logged
visit-log.csv,5230,V05229,Visit Date,coerced,'15/05/2026' parsed as %d/%m/%Y
visit-log.csv,5230,V05229,Duration (mins),blank,Duration not recorded
visit-log.csv,5230,V05229,Purpose,coerced,'followup' -> Follow up
visit-log.csv,5231,V05230,Purpose,coerced,'followup' -> Follow up
visit-log.csv,5232,V05231,Visit Date,coerced,'10/06/2026' parsed as %d/%m/%Y
visit-log.csv,5232,V05231,Purpose,coerced,'followup' -> Follow up
visit-log.csv,5232,V05231,Remarks,blank,Outcome not logged
visit-log.csv,5233,V05232,Visit Date,coerced,'23/06/2026' parsed as %d/%m/%Y
visit-log.csv,5234,V05233,Remarks,blank,Outcome not logged
visit-log.csv,5235,V05234,Visit Date,coerced,'27/06/2026' parsed as %d/%m/%Y
visit-log.csv,5235,V05234,Remarks,blank,Outcome not logged
visit-log.csv,5236,V05235,Visit Date,coerced,'20/07/2026' parsed as %d/%m/%Y
visit-log.csv,5236,V05235,Purpose,coerced,'routine' -> Routine visit
visit-log.csv,5237,V05236,Visit Date,coerced,'18/05/2026' parsed as %d/%m/%Y
visit-log.csv,5238,V05237,Visit Date,coerced,'11/07/2026' parsed as %d/%m/%Y
visit-log.csv,5239,V05238,Visit Date,coerced,'10/07/2026' parsed as %d/%m/%Y
visit-log.csv,5240,V05239,Remarks,blank,Outcome not logged
visit-log.csv,5241,V05240,Visit Date,coerced,'08/05/2026' parsed as %d/%m/%Y
visit-log.csv,5242,V05241,Visit Date,coerced,'17/07/2026' parsed as %d/%m/%Y
visit-log.csv,5242,V05241,Purpose,blank,Purpose not logged
visit-log.csv,5243,V05242,Visit Date,coerced,'24/06/2026' parsed as %d/%m/%Y
visit-log.csv,5244,V05243,Visit Date,coerced,'28/07/2026' parsed as %d/%m/%Y
visit-log.csv,5244,V05243,Purpose,blank,Purpose not logged
visit-log.csv,5245,V05244,Purpose,coerced,'routine' -> Routine visit
visit-log.csv,5245,V05244,Remarks,blank,Outcome not logged
visit-log.csv,5246,V05245,Visit Date,coerced,'08/05/2026' parsed as %d/%m/%Y
visit-log.csv,5246,V05245,Purpose,blank,Purpose not logged
visit-log.csv,5247,V05246,Purpose,blank,Purpose not logged
visit-log.csv,5247,V05246,Remarks,blank,Outcome not logged
visit-log.csv,5248,V05247,Purpose,coerced,'followup' -> Follow up
visit-log.csv,5249,V05248,Visit Date,coerced,'14/05/2026' parsed as %d/%m/%Y
visit-log.csv,5250,V05249,Visit Date,coerced,'13/07/2026' parsed as %d/%m/%Y
visit-log.csv,5250,V05249,Purpose,blank,Purpose not logged
visit-log.csv,5250,V05249,Remarks,blank,Outcome not logged
visit-log.csv,5251,V05250,Visit Date,coerced,'05/05/2026' parsed as %d/%m/%Y
visit-log.csv,5252,V05251,Remarks,blank,Outcome not logged
visit-log.csv,5253,V05252,Remarks,blank,Outcome not logged
visit-log.csv,5254,V05253,Visit Date,coerced,'02/07/2026' parsed as %d/%m/%Y
visit-log.csv,5254,V05253,Purpose,coerced,'followup' -> Follow up
visit-log.csv,5254,V05253,Remarks,blank,Outcome not logged
visit-log.csv,5255,V05254,Remarks,blank,Outcome not logged
visit-log.csv,5256,V05255,Visit Date,coerced,'05/06/2026' parsed as %d/%m/%Y
visit-log.csv,5256,V05255,Remarks,blank,Outcome not logged
visit-log.csv,5257,V05256,Visit Date,coerced,'09/06/2026' parsed as %d/%m/%Y
visit-log.csv,5258,V05257,Visit Date,coerced,'30/05/2026' parsed as %d/%m/%Y
visit-log.csv,5258,V05257,Duration (mins),blank,Duration not recorded
visit-log.csv,5258,V05257,Remarks,blank,Outcome not logged
visit-log.csv,5259,V05258,Visit Date,coerced,'25/07/2026' parsed as %d/%m/%Y
visit-log.csv,5259,V05258,Purpose,coerced,'followup' -> Follow up
visit-log.csv,5259,V05258,Remarks,blank,Outcome not logged
visit-log.csv,5261,V05260,Visit Date,coerced,'01/06/2026' parsed as %d/%m/%Y
visit-log.csv,5262,V05261,Visit Date,coerced,'29/05/2026' parsed as %d/%m/%Y
visit-log.csv,5262,V05261,Remarks,blank,Outcome not logged
visit-log.csv,5263,V05262,Visit Date,coerced,'26/05/2026' parsed as %d/%m/%Y
visit-log.csv,5263,V05262,Purpose,blank,Purpose not logged
visit-log.csv,5263,V05262,Remarks,blank,Outcome not logged
visit-log.csv,5264,V05263,Visit Date,coerced,'15/07/2026' parsed as %d/%m/%Y
visit-log.csv,5265,V05264,Remarks,blank,Outcome not logged
visit-log.csv,5266,V05265,Visit Date,coerced,'05/06/2026' parsed as %d/%m/%Y
visit-log.csv,5267,V05266,Visit Date,coerced,'01/07/2026' parsed as %d/%m/%Y
visit-log.csv,5267,V05266,Purpose,blank,Purpose not logged
visit-log.csv,5267,V05266,Remarks,blank,Outcome not logged
visit-log.csv,5268,V05267,Visit Date,coerced,'20/07/2026' parsed as %d/%m/%Y
visit-log.csv,5270,V05269,Visit Date,coerced,'04/07/2026' parsed as %d/%m/%Y
visit-log.csv,5272,V05271,Visit Date,coerced,'09/06/2026' parsed as %d/%m/%Y
visit-log.csv,5272,V05271,Remarks,blank,Outcome not logged
visit-log.csv,5273,V05272,Visit Date,coerced,'05/06/2026' parsed as %d/%m/%Y
visit-log.csv,5274,V05273,Visit Date,coerced,'16/05/2026' parsed as %d/%m/%Y
visit-log.csv,5274,V05273,Duration (mins),blank,Duration not recorded
visit-log.csv,5274,V05273,Purpose,coerced,'routine' -> Routine visit
visit-log.csv,5274,V05273,Remarks,blank,Outcome not logged
visit-log.csv,5275,V05274,Visit Date,coerced,'14/07/2026' parsed as %d/%m/%Y
visit-log.csv,5275,V05274,Remarks,blank,Outcome not logged
visit-log.csv,5276,V05275,Visit Date,coerced,'05/07/2026' parsed as %d/%m/%Y
visit-log.csv,5276,V05275,Remarks,blank,Outcome not logged
visit-log.csv,5277,V05276,Visit Date,coerced,'13/07/2026' parsed as %d/%m/%Y
visit-log.csv,5277,V05276,Purpose,coerced,'routine' -> Routine visit
visit-log.csv,5278,V05277,Visit Date,coerced,'16/06/2026' parsed as %d/%m/%Y
visit-log.csv,5279,V05278,Visit Date,coerced,'25/05/2026' parsed as %d/%m/%Y
visit-log.csv,5279,V05278,Remarks,blank,Outcome not logged
visit-log.csv,5280,V05279,Visit Date,coerced,'26/06/2026' parsed as %d/%m/%Y
visit-log.csv,5280,V05279,Duration (mins),blank,Duration not recorded
visit-log.csv,5280,V05279,Remarks,blank,Outcome not logged
visit-log.csv,5281,V05280,Visit Date,coerced,'04/07/2026' parsed as %d/%m/%Y
visit-log.csv,5282,V05281,Visit Date,coerced,'20/05/2026' parsed as %d/%m/%Y
visit-log.csv,5284,V05283,Visit Date,coerced,'20/05/2026' parsed as %d/%m/%Y
visit-log.csv,5284,V05283,Remarks,blank,Outcome not logged
visit-log.csv,5285,V05284,Visit Date,coerced,'29/06/2026' parsed as %d/%m/%Y
visit-log.csv,5285,V05284,Purpose,blank,Purpose not logged
visit-log.csv,5285,V05284,Remarks,blank,Outcome not logged
visit-log.csv,5286,V05285,Remarks,blank,Outcome not logged
visit-log.csv,5287,V05286,Visit Date,coerced,'11/07/2026' parsed as %d/%m/%Y
visit-log.csv,5289,V05288,Visit Date,coerced,'23/06/2026' parsed as %d/%m/%Y
visit-log.csv,5289,V05288,Remarks,blank,Outcome not logged
visit-log.csv,5290,V05289,Visit Date,coerced,'06/07/2026' parsed as %d/%m/%Y
visit-log.csv,5292,V05291,Visit Date,coerced,'16/05/2026' parsed as %d/%m/%Y
visit-log.csv,5293,V05292,Visit Date,coerced,'12/05/2026' parsed as %d/%m/%Y
visit-log.csv,5293,V05292,Remarks,blank,Outcome not logged
visit-log.csv,5294,V05293,Visit Date,coerced,'10/05/2026' parsed as %d/%m/%Y
visit-log.csv,5294,V05293,Remarks,blank,Outcome not logged
visit-log.csv,5295,V05294,Duration (mins),blank,Duration not recorded
visit-log.csv,5296,V05295,Visit Date,coerced,'16/05/2026' parsed as %d/%m/%Y
visit-log.csv,5296,V05295,Purpose,coerced,'followup' -> Follow up
visit-log.csv,5296,V05295,Remarks,blank,Outcome not logged
visit-log.csv,5297,V05296,Remarks,blank,Outcome not logged
visit-log.csv,5298,V05297,Purpose,blank,Purpose not logged
visit-log.csv,5299,V05298,Visit Date,coerced,'08/05/2026' parsed as %d/%m/%Y
visit-log.csv,5299,V05298,Remarks,blank,Outcome not logged
visit-log.csv,5300,V05299,Purpose,blank,Purpose not logged
visit-log.csv,5302,V05301,Visit Date,coerced,'28/05/2026' parsed as %d/%m/%Y
visit-log.csv,5302,V05301,Duration (mins),blank,Duration not recorded
visit-log.csv,5302,V05301,Remarks,blank,Outcome not logged
visit-log.csv,5303,V05302,Visit Date,coerced,'03/07/2026' parsed as %d/%m/%Y
visit-log.csv,5303,V05302,Remarks,blank,Outcome not logged
visit-log.csv,5304,V05303,Visit Date,coerced,'19/05/2026' parsed as %d/%m/%Y
visit-log.csv,5305,V05304,Purpose,coerced,'routine' -> Routine visit
visit-log.csv,5306,V05305,Purpose,coerced,'routine' -> Routine visit
visit-log.csv,5307,V05306,Visit Date,coerced,'27/07/2026' parsed as %d/%m/%Y
visit-log.csv,5308,V05307,Duration (mins),blank,Duration not recorded
visit-log.csv,5310,V05309,Visit Date,coerced,'23/06/2026' parsed as %d/%m/%Y
visit-log.csv,5310,V05309,Purpose,coerced,'routine' -> Routine visit
visit-log.csv,5310,V05309,Remarks,blank,Outcome not logged
visit-log.csv,5311,V05310,Duration (mins),blank,Duration not recorded
visit-log.csv,5311,V05310,Remarks,blank,Outcome not logged
visit-log.csv,5312,V05311,Remarks,blank,Outcome not logged
visit-log.csv,5313,V05312,Visit Date,coerced,'06/05/2026' parsed as %d/%m/%Y
visit-log.csv,5314,V05313,Visit Date,coerced,'27/05/2026' parsed as %d/%m/%Y
visit-log.csv,5314,V05313,Duration (mins),blank,Duration not recorded
visit-log.csv,5314,V05313,Purpose,blank,Purpose not logged
visit-log.csv,5316,V05315,Visit Date,coerced,'07/07/2026' parsed as %d/%m/%Y
visit-log.csv,5317,V05316,Purpose,coerced,'routine' -> Routine visit
visit-log.csv,5317,V05316,Remarks,blank,Outcome not logged
visit-log.csv,5318,V05317,Visit Date,coerced,'18/06/2026' parsed as %d/%m/%Y
visit-log.csv,5318,V05317,Remarks,blank,Outcome not logged
visit-log.csv,5319,V05318,Visit Date,coerced,'10/07/2026' parsed as %d/%m/%Y
visit-log.csv,5320,V05319,Remarks,blank,Outcome not logged
visit-log.csv,5321,V05320,Visit Date,coerced,'21/05/2026' parsed as %d/%m/%Y
visit-log.csv,5321,V05320,Remarks,blank,Outcome not logged
visit-log.csv,5322,V05321,Visit Date,coerced,'25/07/2026' parsed as %d/%m/%Y
visit-log.csv,5323,V05322,Visit Date,coerced,'14/07/2026' parsed as %d/%m/%Y
visit-log.csv,5323,V05322,Remarks,blank,Outcome not logged
visit-log.csv,5324,V05323,Remarks,blank,Outcome not logged
visit-log.csv,5326,V05325,Visit Date,coerced,'28/07/2026' parsed as %d/%m/%Y
visit-log.csv,5327,V05326,Visit Date,coerced,'23/07/2026' parsed as %d/%m/%Y
visit-log.csv,5327,V05326,Purpose,coerced,'routine' -> Routine visit
visit-log.csv,5327,V05326,Remarks,blank,Outcome not logged
visit-log.csv,5330,V05329,Visit Date,coerced,'16/07/2026' parsed as %d/%m/%Y
visit-log.csv,5330,V05329,Purpose,blank,Purpose not logged
visit-log.csv,5331,V05330,Visit Date,coerced,'29/06/2026' parsed as %d/%m/%Y
visit-log.csv,5331,V05330,Purpose,coerced,'routine' -> Routine visit
visit-log.csv,5331,V05330,Remarks,blank,Outcome not logged
visit-log.csv,5332,V05331,Visit Date,coerced,'15/06/2026' parsed as %d/%m/%Y
visit-log.csv,5332,V05331,Duration (mins),blank,Duration not recorded
visit-log.csv,5333,V05332,Visit Date,coerced,'10/05/2026' parsed as %d/%m/%Y
visit-log.csv,5333,V05332,Purpose,coerced,'routine' -> Routine visit
visit-log.csv,5333,V05332,Remarks,blank,Outcome not logged
visit-log.csv,5334,V05333,Remarks,blank,Outcome not logged
visit-log.csv,5335,V05334,Visit Date,coerced,'26/07/2026' parsed as %d/%m/%Y
visit-log.csv,5335,V05334,Purpose,coerced,'routine' -> Routine visit
visit-log.csv,5336,V05335,Duration (mins),blank,Duration not recorded
visit-log.csv,5339,V05338,Visit Date,coerced,'03/07/2026' parsed as %d/%m/%Y
visit-log.csv,5339,V05338,Remarks,blank,Outcome not logged
visit-log.csv,5340,V05339,Visit Date,coerced,'05/06/2026' parsed as %d/%m/%Y
visit-log.csv,5341,V05340,Visit Date,coerced,'08/05/2026' parsed as %d/%m/%Y
visit-log.csv,5341,V05340,Purpose,coerced,'followup' -> Follow up
visit-log.csv,5341,V05340,Remarks,blank,Outcome not logged
visit-log.csv,5342,V05341,Visit Date,coerced,'19/05/2026' parsed as %d/%m/%Y
visit-log.csv,5342,V05341,Duration (mins),blank,Duration not recorded
visit-log.csv,5343,V05342,Visit Date,coerced,'07/05/2026' parsed as %d/%m/%Y
visit-log.csv,5343,V05342,Remarks,blank,Outcome not logged
visit-log.csv,5344,V05343,Visit Date,coerced,'03/07/2026' parsed as %d/%m/%Y
visit-log.csv,5345,V05344,Visit Date,coerced,'20/05/2026' parsed as %d/%m/%Y
visit-log.csv,5345,V05344,Remarks,blank,Outcome not logged
visit-log.csv,5346,V05345,Visit Date,coerced,'30/06/2026' parsed as %d/%m/%Y
visit-log.csv,5347,V05346,Visit Date,coerced,'11/07/2026' parsed as %d/%m/%Y
visit-log.csv,5347,V05346,Remarks,blank,Outcome not logged
visit-log.csv,5348,V05347,Duration (mins),blank,Duration not recorded
visit-log.csv,5349,V05348,Visit Date,coerced,'15/07/2026' parsed as %d/%m/%Y
visit-log.csv,5349,V05348,Remarks,blank,Outcome not logged
visit-log.csv,5350,V05349,Visit Date,coerced,'12/05/2026' parsed as %d/%m/%Y
visit-log.csv,5351,V05350,Visit Date,coerced,'09/07/2026' parsed as %d/%m/%Y
visit-log.csv,5351,V05350,Purpose,coerced,'followup' -> Follow up
visit-log.csv,5351,V05350,Remarks,blank,Outcome not logged
visit-log.csv,5352,V05351,Remarks,blank,Outcome not logged
visit-log.csv,5353,V05352,Visit Date,coerced,'23/05/2026' parsed as %d/%m/%Y
visit-log.csv,5353,V05352,Purpose,coerced,'followup' -> Follow up
visit-log.csv,5354,V05353,Visit Date,coerced,'27/05/2026' parsed as %d/%m/%Y
visit-log.csv,5354,V05353,Duration (mins),blank,Duration not recorded
visit-log.csv,5354,V05353,Remarks,blank,Outcome not logged
visit-log.csv,5355,V05354,Visit Date,coerced,'12/06/2026' parsed as %d/%m/%Y
visit-log.csv,5356,V05355,Visit Date,coerced,'24/06/2026' parsed as %d/%m/%Y
visit-log.csv,5357,V05356,Duration (mins),blank,Duration not recorded
visit-log.csv,5357,V05356,Purpose,coerced,'routine' -> Routine visit
visit-log.csv,5357,V05356,Remarks,blank,Outcome not logged
visit-log.csv,5358,V05357,Visit Date,coerced,'11/05/2026' parsed as %d/%m/%Y
visit-log.csv,5358,V05357,Duration (mins),blank,Duration not recorded
visit-log.csv,5359,V05358,Visit Date,coerced,'01/07/2026' parsed as %d/%m/%Y
visit-log.csv,5359,V05358,Remarks,blank,Outcome not logged
visit-log.csv,5360,V05359,Visit Date,coerced,'02/05/2026' parsed as %d/%m/%Y
visit-log.csv,5360,V05359,Purpose,blank,Purpose not logged
visit-log.csv,5361,V05360,Duration (mins),blank,Duration not recorded
visit-log.csv,5362,V05361,Visit Date,coerced,'16/06/2026' parsed as %d/%m/%Y
visit-log.csv,5362,V05361,Purpose,blank,Purpose not logged
visit-log.csv,5362,V05361,Remarks,blank,Outcome not logged
visit-log.csv,5363,V05362,Visit Date,coerced,'21/05/2026' parsed as %d/%m/%Y
visit-log.csv,5364,V05363,Visit Date,coerced,'16/07/2026' parsed as %d/%m/%Y
visit-log.csv,5364,V05363,Purpose,blank,Purpose not logged
visit-log.csv,5365,V05364,Remarks,blank,Outcome not logged
visit-log.csv,5366,V05365,Visit Date,coerced,'12/06/2026' parsed as %d/%m/%Y
visit-log.csv,5366,V05365,Remarks,blank,Outcome not logged
visit-log.csv,5367,V05366,Visit Date,coerced,'07/07/2026' parsed as %d/%m/%Y
visit-log.csv,5367,V05366,Purpose,coerced,'routine' -> Routine visit
visit-log.csv,5368,V05367,Visit Date,coerced,'19/05/2026' parsed as %d/%m/%Y
visit-log.csv,5368,V05367,Remarks,blank,Outcome not logged
visit-log.csv,5370,V05369,Visit Date,coerced,'06/06/2026' parsed as %d/%m/%Y
visit-log.csv,5371,V05370,Visit Date,coerced,'12/06/2026' parsed as %d/%m/%Y
visit-log.csv,5371,V05370,Duration (mins),blank,Duration not recorded
visit-log.csv,5372,V05371,Visit Date,coerced,'23/05/2026' parsed as %d/%m/%Y
visit-log.csv,5373,V05372,Visit Date,coerced,'06/07/2026' parsed as %d/%m/%Y
visit-log.csv,5373,V05372,Purpose,coerced,'followup' -> Follow up
visit-log.csv,5373,V05372,Remarks,blank,Outcome not logged
visit-log.csv,5374,V05373,Visit Date,coerced,'27/05/2026' parsed as %d/%m/%Y
visit-log.csv,5374,V05373,Duration (mins),blank,Duration not recorded
visit-log.csv,5374,V05373,Remarks,blank,Outcome not logged
visit-log.csv,5375,V05374,Purpose,blank,Purpose not logged
visit-log.csv,5376,V05375,Visit Date,coerced,'07/05/2026' parsed as %d/%m/%Y
visit-log.csv,5377,V05376,Purpose,coerced,'routine' -> Routine visit
visit-log.csv,5378,V05377,Duration (mins),blank,Duration not recorded
visit-log.csv,5378,V05377,Purpose,coerced,'routine' -> Routine visit
visit-log.csv,5378,V05377,Remarks,blank,Outcome not logged
visit-log.csv,5379,V05378,Purpose,coerced,'followup' -> Follow up
visit-log.csv,5380,V05379,Visit Date,coerced,'24/06/2026' parsed as %d/%m/%Y
visit-log.csv,5380,V05379,Remarks,blank,Outcome not logged
visit-log.csv,5382,V05381,Visit Date,coerced,'27/06/2026' parsed as %d/%m/%Y
visit-log.csv,5382,V05381,Remarks,blank,Outcome not logged
visit-log.csv,5385,V05384,Visit Date,coerced,'08/06/2026' parsed as %d/%m/%Y
visit-log.csv,5385,V05384,Duration (mins),blank,Duration not recorded
visit-log.csv,5385,V05384,Remarks,blank,Outcome not logged
visit-log.csv,5386,V05385,Visit Date,coerced,'23/07/2026' parsed as %d/%m/%Y
visit-log.csv,5386,V05385,Remarks,blank,Outcome not logged
visit-log.csv,5387,V05386,Visit Date,coerced,'06/07/2026' parsed as %d/%m/%Y
visit-log.csv,5388,V05387,Visit Date,coerced,'10/06/2026' parsed as %d/%m/%Y
visit-log.csv,5388,V05387,Purpose,coerced,'routine' -> Routine visit
visit-log.csv,5389,V05388,Visit Date,coerced,'18/07/2026' parsed as %d/%m/%Y
visit-log.csv,5390,V05389,Visit Date,coerced,'02/06/2026' parsed as %d/%m/%Y
visit-log.csv,5390,V05389,Purpose,coerced,'followup' -> Follow up
visit-log.csv,5391,V05390,Visit Date,coerced,'15/07/2026' parsed as %d/%m/%Y
visit-log.csv,5392,V05391,Visit Date,coerced,'29/05/2026' parsed as %d/%m/%Y
visit-log.csv,5393,V05392,Visit Date,coerced,'21/05/2026' parsed as %d/%m/%Y
visit-log.csv,5393,V05392,Remarks,blank,Outcome not logged
visit-log.csv,5394,V05393,Visit Date,coerced,'29/07/2026' parsed as %d/%m/%Y
visit-log.csv,5394,V05393,Duration (mins),blank,Duration not recorded
visit-log.csv,5394,V05393,Purpose,blank,Purpose not logged
visit-log.csv,5395,V05394,Remarks,blank,Outcome not logged
visit-log.csv,5396,V05395,Visit Date,coerced,'20/05/2026' parsed as %d/%m/%Y
visit-log.csv,5397,V05396,Visit Date,coerced,'02/06/2026' parsed as %d/%m/%Y
visit-log.csv,5397,V05396,Remarks,blank,Outcome not logged
visit-log.csv,5398,V05397,Visit Date,coerced,'23/06/2026' parsed as %d/%m/%Y
visit-log.csv,5400,V05399,Visit Date,coerced,'12/06/2026' parsed as %d/%m/%Y
visit-log.csv,5400,V05399,Remarks,blank,Outcome not logged
visit-log.csv,5401,V05400,Visit Date,coerced,'09/07/2026' parsed as %d/%m/%Y
visit-log.csv,5402,V05401,Remarks,blank,Outcome not logged
visit-log.csv,5403,V05402,Visit Date,coerced,'12/05/2026' parsed as %d/%m/%Y
visit-log.csv,5404,V05403,Remarks,blank,Outcome not logged
visit-log.csv,5405,V05404,Visit Date,coerced,'16/05/2026' parsed as %d/%m/%Y
visit-log.csv,5405,V05404,Remarks,blank,Outcome not logged
visit-log.csv,5406,V05405,Visit Date,coerced,'15/06/2026' parsed as %d/%m/%Y
visit-log.csv,5407,V05406,Purpose,coerced,'routine' -> Routine visit
visit-log.csv,5407,V05406,Remarks,blank,Outcome not logged
visit-log.csv,5408,V05407,Visit Date,coerced,'08/05/2026' parsed as %d/%m/%Y
visit-log.csv,5408,V05407,Duration (mins),blank,Duration not recorded
visit-log.csv,5408,V05407,Remarks,blank,Outcome not logged
visit-log.csv,5409,V05408,Visit Date,coerced,'06/05/2026' parsed as %d/%m/%Y
visit-log.csv,5409,V05408,Duration (mins),blank,Duration not recorded
visit-log.csv,5409,V05408,Purpose,blank,Purpose not logged
visit-log.csv,5410,V05409,Duration (mins),blank,Duration not recorded
visit-log.csv,5410,V05409,Purpose,coerced,'followup' -> Follow up
visit-log.csv,5411,V05410,Remarks,blank,Outcome not logged
visit-log.csv,5412,V05411,Purpose,coerced,'followup' -> Follow up
visit-log.csv,5413,V05412,Purpose,blank,Purpose not logged
visit-log.csv,5413,V05412,Remarks,blank,Outcome not logged
visit-log.csv,5415,V05414,Visit Date,coerced,'25/06/2026' parsed as %d/%m/%Y
visit-log.csv,5416,V05415,Visit Date,coerced,'23/06/2026' parsed as %d/%m/%Y
visit-log.csv,5417,V05416,Remarks,blank,Outcome not logged
visit-log.csv,5419,V05418,Visit Date,coerced,'16/05/2026' parsed as %d/%m/%Y
visit-log.csv,5419,V05418,Purpose,blank,Purpose not logged
visit-log.csv,5419,V05418,Remarks,blank,Outcome not logged
visit-log.csv,5420,V05419,Purpose,coerced,'followup' -> Follow up
visit-log.csv,5421,V05420,Visit Date,coerced,'09/07/2026' parsed as %d/%m/%Y
visit-log.csv,5421,V05420,Remarks,blank,Outcome not logged
visit-log.csv,5422,V05421,Visit Date,coerced,'08/05/2026' parsed as %d/%m/%Y
visit-log.csv,5423,V05422,Duration (mins),blank,Duration not recorded
visit-log.csv,5424,V05423,Visit Date,coerced,'21/05/2026' parsed as %d/%m/%Y
visit-log.csv,5424,V05423,Purpose,coerced,'followup' -> Follow up
visit-log.csv,5425,V05424,Visit Date,coerced,'16/07/2026' parsed as %d/%m/%Y
visit-log.csv,5426,V05425,Visit Date,coerced,'27/06/2026' parsed as %d/%m/%Y
visit-log.csv,5426,V05425,Remarks,blank,Outcome not logged
visit-log.csv,5427,V05426,Remarks,blank,Outcome not logged
visit-log.csv,5429,V05428,Visit Date,coerced,'16/07/2026' parsed as %d/%m/%Y
visit-log.csv,5430,V05429,Visit Date,coerced,'22/07/2026' parsed as %d/%m/%Y
visit-log.csv,5431,V05430,Visit Date,coerced,'15/05/2026' parsed as %d/%m/%Y
visit-log.csv,5432,V05431,Visit Date,coerced,'18/07/2026' parsed as %d/%m/%Y
visit-log.csv,5433,V05432,Purpose,coerced,'routine' -> Routine visit
visit-log.csv,5433,V05432,Remarks,blank,Outcome not logged
visit-log.csv,5434,V05433,Visit Date,coerced,'25/05/2026' parsed as %d/%m/%Y
visit-log.csv,5437,V05436,Visit Date,coerced,'11/05/2026' parsed as %d/%m/%Y
visit-log.csv,5438,V05437,Visit Date,coerced,'11/07/2026' parsed as %d/%m/%Y
visit-log.csv,5438,V05437,Purpose,coerced,'followup' -> Follow up
visit-log.csv,5438,V05437,Remarks,blank,Outcome not logged
visit-log.csv,5439,V05438,Visit Date,coerced,'13/07/2026' parsed as %d/%m/%Y
visit-log.csv,5439,V05438,Purpose,coerced,'followup' -> Follow up
visit-log.csv,5439,V05438,Remarks,blank,Outcome not logged
visit-log.csv,5440,V05439,Visit Date,coerced,'24/07/2026' parsed as %d/%m/%Y
visit-log.csv,5440,V05439,Remarks,blank,Outcome not logged
visit-log.csv,5441,V05440,Visit Date,coerced,'28/07/2026' parsed as %d/%m/%Y
visit-log.csv,5442,V05441,Remarks,blank,Outcome not logged
visit-log.csv,5443,V05442,Visit Date,coerced,'25/06/2026' parsed as %d/%m/%Y
visit-log.csv,5443,V05442,Purpose,blank,Purpose not logged
visit-log.csv,5443,V05442,Remarks,blank,Outcome not logged
visit-log.csv,5444,V05443,Visit Date,coerced,'03/07/2026' parsed as %d/%m/%Y
visit-log.csv,5446,V05445,Visit Date,coerced,'13/07/2026' parsed as %d/%m/%Y
visit-log.csv,5446,V05445,Remarks,blank,Outcome not logged
visit-log.csv,5448,V05447,Visit Date,coerced,'03/06/2026' parsed as %d/%m/%Y
visit-log.csv,5448,V05447,Purpose,coerced,'routine' -> Routine visit
visit-log.csv,5449,V05448,Visit Date,coerced,'08/06/2026' parsed as %d/%m/%Y
visit-log.csv,5449,V05448,Duration (mins),blank,Duration not recorded
visit-log.csv,5449,V05448,Remarks,blank,Outcome not logged
visit-log.csv,5450,V05449,Visit Date,coerced,'24/07/2026' parsed as %d/%m/%Y
visit-log.csv,5451,V05450,Visit Date,coerced,'14/05/2026' parsed as %d/%m/%Y
visit-log.csv,5451,V05450,Purpose,coerced,'routine' -> Routine visit
visit-log.csv,5452,V05451,Visit Date,coerced,'24/06/2026' parsed as %d/%m/%Y
visit-log.csv,5452,V05451,Purpose,coerced,'followup' -> Follow up
visit-log.csv,5453,V05452,Visit Date,coerced,'20/06/2026' parsed as %d/%m/%Y
visit-log.csv,5453,V05452,Purpose,blank,Purpose not logged
visit-log.csv,5454,V05453,Visit Date,coerced,'13/07/2026' parsed as %d/%m/%Y
visit-log.csv,5454,V05453,Duration (mins),blank,Duration not recorded
visit-log.csv,5454,V05453,Remarks,blank,Outcome not logged
visit-log.csv,5455,V05454,Visit Date,coerced,'12/05/2026' parsed as %d/%m/%Y
visit-log.csv,5455,V05454,Purpose,blank,Purpose not logged
visit-log.csv,5456,V05455,Visit Date,coerced,'13/05/2026' parsed as %d/%m/%Y
visit-log.csv,5456,V05455,Remarks,blank,Outcome not logged
visit-log.csv,5457,V05456,Visit Date,coerced,'09/06/2026' parsed as %d/%m/%Y
visit-log.csv,5457,V05456,Purpose,coerced,'routine' -> Routine visit
visit-log.csv,5457,V05456,Remarks,blank,Outcome not logged
visit-log.csv,5458,V05457,Visit Date,coerced,'18/06/2026' parsed as %d/%m/%Y
visit-log.csv,5458,V05457,Remarks,blank,Outcome not logged
visit-log.csv,5459,V05458,Visit Date,coerced,'13/05/2026' parsed as %d/%m/%Y
visit-log.csv,5459,V05458,Purpose,blank,Purpose not logged
visit-log.csv,5459,V05458,Remarks,blank,Outcome not logged
visit-log.csv,5460,V05459,Visit Date,coerced,'30/05/2026' parsed as %d/%m/%Y
visit-log.csv,5460,V05459,Remarks,blank,Outcome not logged
visit-log.csv,5462,V05461,Visit Date,coerced,'13/07/2026' parsed as %d/%m/%Y
visit-log.csv,5462,V05461,Duration (mins),blank,Duration not recorded
visit-log.csv,5462,V05461,Remarks,blank,Outcome not logged
visit-log.csv,5464,V05463,Visit Date,coerced,'03/05/2026' parsed as %d/%m/%Y
visit-log.csv,5465,V05464,Visit Date,coerced,'23/05/2026' parsed as %d/%m/%Y
visit-log.csv,5465,V05464,Remarks,blank,Outcome not logged
visit-log.csv,5466,V05465,Visit Date,coerced,'19/06/2026' parsed as %d/%m/%Y
visit-log.csv,5466,V05465,Remarks,blank,Outcome not logged
visit-log.csv,5467,V05466,Visit Date,coerced,'29/07/2026' parsed as %d/%m/%Y
visit-log.csv,5467,V05466,Purpose,coerced,'routine' -> Routine visit
visit-log.csv,5468,V05467,Visit Date,coerced,'29/05/2026' parsed as %d/%m/%Y
visit-log.csv,5469,V05468,Duration (mins),blank,Duration not recorded
visit-log.csv,5470,V05469,Visit Date,coerced,'11/07/2026' parsed as %d/%m/%Y
visit-log.csv,5470,V05469,Duration (mins),blank,Duration not recorded
visit-log.csv,5471,V05470,Visit Date,coerced,'18/05/2026' parsed as %d/%m/%Y
visit-log.csv,5472,V05471,Remarks,blank,Outcome not logged
visit-log.csv,5473,V05472,Remarks,blank,Outcome not logged
visit-log.csv,5474,V05473,Visit Date,coerced,'03/07/2026' parsed as %d/%m/%Y
visit-log.csv,5474,V05473,Purpose,blank,Purpose not logged
visit-log.csv,5477,V05476,Purpose,coerced,'followup' -> Follow up
visit-log.csv,5478,V05477,Visit Date,coerced,'25/05/2026' parsed as %d/%m/%Y
visit-log.csv,5478,V05477,Purpose,coerced,'followup' -> Follow up
visit-log.csv,5478,V05477,Remarks,blank,Outcome not logged
visit-log.csv,5479,V05478,Visit Date,coerced,'20/06/2026' parsed as %d/%m/%Y
visit-log.csv,5479,V05478,Remarks,blank,Outcome not logged
visit-log.csv,5480,V05479,Visit Date,coerced,'20/07/2026' parsed as %d/%m/%Y
visit-log.csv,5481,V05480,Visit Date,coerced,'30/07/2026' parsed as %d/%m/%Y
visit-log.csv,5482,V05481,Visit Date,coerced,'11/06/2026' parsed as %d/%m/%Y
visit-log.csv,5482,V05481,Purpose,blank,Purpose not logged
visit-log.csv,5483,V05482,Visit Date,coerced,'20/05/2026' parsed as %d/%m/%Y
visit-log.csv,5483,V05482,Remarks,blank,Outcome not logged
visit-log.csv,5484,V05483,Duration (mins),blank,Duration not recorded
visit-log.csv,5485,V05484,Visit Date,coerced,'03/07/2026' parsed as %d/%m/%Y
visit-log.csv,5485,V05484,Duration (mins),blank,Duration not recorded
visit-log.csv,5486,V05485,Visit Date,coerced,'28/06/2026' parsed as %d/%m/%Y
visit-log.csv,5488,V05487,Duration (mins),blank,Duration not recorded
visit-log.csv,5488,V05487,Remarks,blank,Outcome not logged
visit-log.csv,5489,V05488,Visit Date,coerced,'24/05/2026' parsed as %d/%m/%Y
visit-log.csv,5489,V05488,Purpose,coerced,'followup' -> Follow up
visit-log.csv,5490,V05489,Visit Date,coerced,'26/06/2026' parsed as %d/%m/%Y
visit-log.csv,5490,V05489,Purpose,blank,Purpose not logged
visit-log.csv,5491,V05490,Visit Date,coerced,'10/05/2026' parsed as %d/%m/%Y
visit-log.csv,5492,V05491,Visit Date,coerced,'19/05/2026' parsed as %d/%m/%Y
visit-log.csv,5493,V05492,Visit Date,coerced,'02/07/2026' parsed as %d/%m/%Y
visit-log.csv,5494,V05493,Visit Date,coerced,'27/07/2026' parsed as %d/%m/%Y
visit-log.csv,5494,V05493,Remarks,blank,Outcome not logged
visit-log.csv,5495,V05494,Visit Date,coerced,'06/06/2026' parsed as %d/%m/%Y
visit-log.csv,5495,V05494,Remarks,blank,Outcome not logged
visit-log.csv,5496,V05495,Visit Date,coerced,'16/05/2026' parsed as %d/%m/%Y
visit-log.csv,5497,V05496,Duration (mins),blank,Duration not recorded
visit-log.csv,5498,V05497,Visit Date,coerced,'27/07/2026' parsed as %d/%m/%Y
visit-log.csv,5499,V05498,Visit Date,coerced,'06/07/2026' parsed as %d/%m/%Y
visit-log.csv,5500,V05499,Visit Date,coerced,'15/05/2026' parsed as %d/%m/%Y
visit-log.csv,5500,V05499,Remarks,blank,Outcome not logged
visit-log.csv,5501,V05500,Visit Date,coerced,'27/07/2026' parsed as %d/%m/%Y
visit-log.csv,5501,V05500,Purpose,blank,Purpose not logged
visit-log.csv,5502,V05501,Visit Date,coerced,'02/07/2026' parsed as %d/%m/%Y
visit-log.csv,5502,V05501,Purpose,coerced,'routine' -> Routine visit
visit-log.csv,5502,V05501,Remarks,blank,Outcome not logged
visit-log.csv,5503,V05502,Visit Date,coerced,'19/06/2026' parsed as %d/%m/%Y
visit-log.csv,5503,V05502,Purpose,coerced,'routine' -> Routine visit
visit-log.csv,5504,V05503,Visit Date,coerced,'08/05/2026' parsed as %d/%m/%Y
visit-log.csv,5504,V05503,Remarks,blank,Outcome not logged
visit-log.csv,5505,V05504,Visit Date,coerced,'15/06/2026' parsed as %d/%m/%Y
visit-log.csv,5506,V05505,Visit Date,coerced,'08/05/2026' parsed as %d/%m/%Y
visit-log.csv,5506,V05505,Purpose,blank,Purpose not logged
visit-log.csv,5507,V05506,Visit Date,coerced,'14/05/2026' parsed as %d/%m/%Y
visit-log.csv,5507,V05506,Remarks,blank,Outcome not logged
visit-log.csv,5508,V05507,Visit Date,coerced,'08/07/2026' parsed as %d/%m/%Y
visit-log.csv,5510,V05509,Visit Date,coerced,'15/06/2026' parsed as %d/%m/%Y
visit-log.csv,5511,V05510,Duration (mins),blank,Duration not recorded
visit-log.csv,5511,V05510,Remarks,blank,Outcome not logged
visit-log.csv,5512,V05511,Visit Date,coerced,'22/05/2026' parsed as %d/%m/%Y
visit-log.csv,5513,V05512,Visit Date,coerced,'15/07/2026' parsed as %d/%m/%Y
visit-log.csv,5514,V05513,Visit Date,coerced,'21/05/2026' parsed as %d/%m/%Y
visit-log.csv,5515,V05514,Remarks,blank,Outcome not logged
visit-log.csv,5516,V05515,Purpose,coerced,'routine' -> Routine visit
visit-log.csv,5518,V05517,Purpose,coerced,'followup' -> Follow up
visit-log.csv,5519,V05518,Duration (mins),blank,Duration not recorded
visit-log.csv,5519,V05518,Purpose,coerced,'routine' -> Routine visit
visit-log.csv,5519,V05518,Remarks,blank,Outcome not logged
visit-log.csv,5520,V05519,Remarks,blank,Outcome not logged
visit-log.csv,5523,V05522,Visit Date,coerced,'05/06/2026' parsed as %d/%m/%Y
visit-log.csv,5524,V05523,Visit Date,coerced,'11/06/2026' parsed as %d/%m/%Y
visit-log.csv,5525,V05524,Duration (mins),blank,Duration not recorded
visit-log.csv,5526,V05525,Visit Date,coerced,'19/06/2026' parsed as %d/%m/%Y
visit-log.csv,5526,V05525,Purpose,coerced,'followup' -> Follow up
visit-log.csv,5526,V05525,Remarks,blank,Outcome not logged
visit-log.csv,5527,V05526,Visit Date,coerced,'28/05/2026' parsed as %d/%m/%Y
visit-log.csv,5528,V05527,Visit Date,coerced,'02/05/2026' parsed as %d/%m/%Y
visit-log.csv,5528,V05527,Purpose,coerced,'routine' -> Routine visit
visit-log.csv,5529,V05528,Remarks,blank,Outcome not logged
visit-log.csv,5530,V05529,Purpose,coerced,'followup' -> Follow up
visit-log.csv,5531,V05530,Visit Date,coerced,'09/07/2026' parsed as %d/%m/%Y
visit-log.csv,5531,V05530,Duration (mins),blank,Duration not recorded
visit-log.csv,5531,V05530,Remarks,blank,Outcome not logged
visit-log.csv,5532,V05531,Purpose,coerced,'routine' -> Routine visit
visit-log.csv,5532,V05531,Remarks,blank,Outcome not logged
visit-log.csv,5533,V05532,Visit Date,coerced,'13/05/2026' parsed as %d/%m/%Y
visit-log.csv,5533,V05532,Duration (mins),blank,Duration not recorded
visit-log.csv,5533,V05532,Purpose,blank,Purpose not logged
visit-log.csv,5533,V05532,Remarks,blank,Outcome not logged
visit-log.csv,5534,V05533,Visit Date,coerced,'28/05/2026' parsed as %d/%m/%Y
visit-log.csv,5534,V05533,Remarks,blank,Outcome not logged
visit-log.csv,5535,V05534,Visit Date,coerced,'09/05/2026' parsed as %d/%m/%Y
visit-log.csv,5535,V05534,Duration (mins),blank,Duration not recorded
visit-log.csv,5535,V05534,Purpose,coerced,'followup' -> Follow up
visit-log.csv,5536,V05535,Visit Date,coerced,'28/07/2026' parsed as %d/%m/%Y
visit-log.csv,5536,V05535,Purpose,blank,Purpose not logged
visit-log.csv,5537,V05536,Visit Date,coerced,'09/06/2026' parsed as %d/%m/%Y
visit-log.csv,5537,V05536,Duration (mins),blank,Duration not recorded
visit-log.csv,5538,V05537,Visit Date,coerced,'25/05/2026' parsed as %d/%m/%Y
visit-log.csv,5538,V05537,Remarks,blank,Outcome not logged
visit-log.csv,5539,V05538,Visit Date,coerced,'03/07/2026' parsed as %d/%m/%Y
visit-log.csv,5540,V05539,Remarks,blank,Outcome not logged
visit-log.csv,5541,V05540,Visit Date,coerced,'14/07/2026' parsed as %d/%m/%Y
visit-log.csv,5542,V05541,Visit Date,coerced,'08/05/2026' parsed as %d/%m/%Y
visit-log.csv,5542,V05541,Remarks,blank,Outcome not logged
visit-log.csv,5543,V05542,Visit Date,coerced,'29/05/2026' parsed as %d/%m/%Y
visit-log.csv,5543,V05542,Purpose,blank,Purpose not logged
visit-log.csv,5544,V05543,Purpose,blank,Purpose not logged
visit-log.csv,5545,V05544,Visit Date,coerced,'04/06/2026' parsed as %d/%m/%Y
visit-log.csv,5545,V05544,Duration (mins),blank,Duration not recorded
visit-log.csv,5546,V05545,Remarks,blank,Outcome not logged
visit-log.csv,5547,V05546,Purpose,coerced,'followup' -> Follow up
visit-log.csv,5548,V05547,Visit Date,coerced,'06/05/2026' parsed as %d/%m/%Y
visit-log.csv,5549,V05548,Visit Date,coerced,'03/06/2026' parsed as %d/%m/%Y
visit-log.csv,5549,V05548,Remarks,blank,Outcome not logged
visit-log.csv,5551,V05550,Visit Date,coerced,'13/05/2026' parsed as %d/%m/%Y
visit-log.csv,5551,V05550,Purpose,coerced,'followup' -> Follow up
visit-log.csv,5551,V05550,Remarks,blank,Outcome not logged
visit-log.csv,5552,V05551,Visit Date,coerced,'12/06/2026' parsed as %d/%m/%Y
visit-log.csv,5552,V05551,Purpose,coerced,'followup' -> Follow up
visit-log.csv,5553,V05552,Visit Date,coerced,'22/05/2026' parsed as %d/%m/%Y
visit-log.csv,5554,V05553,Visit Date,coerced,'14/07/2026' parsed as %d/%m/%Y
visit-log.csv,5554,V05553,Remarks,blank,Outcome not logged
visit-log.csv,5555,V05554,Purpose,blank,Purpose not logged
visit-log.csv,5555,V05554,Remarks,blank,Outcome not logged
visit-log.csv,5556,V05555,Visit Date,coerced,'30/05/2026' parsed as %d/%m/%Y
visit-log.csv,5556,V05555,Purpose,blank,Purpose not logged
visit-log.csv,5557,V05556,Visit Date,coerced,'02/07/2026' parsed as %d/%m/%Y
visit-log.csv,5557,V05556,Purpose,coerced,'routine' -> Routine visit
visit-log.csv,5558,V05557,Visit Date,coerced,'06/07/2026' parsed as %d/%m/%Y
visit-log.csv,5558,V05557,Remarks,blank,Outcome not logged
visit-log.csv,5559,V05558,Visit Date,coerced,'30/05/2026' parsed as %d/%m/%Y
visit-log.csv,5559,V05558,Purpose,coerced,'routine' -> Routine visit
visit-log.csv,5560,V05559,Purpose,coerced,'followup' -> Follow up
visit-log.csv,5560,V05559,Remarks,blank,Outcome not logged
visit-log.csv,5561,V05560,Visit Date,coerced,'27/05/2026' parsed as %d/%m/%Y
visit-log.csv,5562,V05561,Purpose,blank,Purpose not logged
visit-log.csv,5563,V05562,Visit Date,coerced,'10/06/2026' parsed as %d/%m/%Y
visit-log.csv,5563,V05562,Purpose,coerced,'routine' -> Routine visit
visit-log.csv,5564,V05563,Visit Date,coerced,'10/07/2026' parsed as %d/%m/%Y
visit-log.csv,5564,V05563,Remarks,blank,Outcome not logged
visit-log.csv,5565,V05564,Visit Date,coerced,'16/07/2026' parsed as %d/%m/%Y
visit-log.csv,5565,V05564,Purpose,coerced,'routine' -> Routine visit
visit-log.csv,5565,V05564,Remarks,blank,Outcome not logged
visit-log.csv,5566,V05565,Duration (mins),blank,Duration not recorded
visit-log.csv,5566,V05565,Purpose,coerced,'followup' -> Follow up
visit-log.csv,5566,V05565,Remarks,blank,Outcome not logged
visit-log.csv,5567,V05566,Visit Date,coerced,'10/06/2026' parsed as %d/%m/%Y
visit-log.csv,5569,V05568,Duration (mins),blank,Duration not recorded
visit-log.csv,5570,V05569,Visit Date,coerced,'04/06/2026' parsed as %d/%m/%Y
visit-log.csv,5571,V05570,Visit Date,coerced,'14/05/2026' parsed as %d/%m/%Y
visit-log.csv,5572,V05571,Visit Date,coerced,'18/06/2026' parsed as %d/%m/%Y
visit-log.csv,5573,V05572,Visit Date,coerced,'29/07/2026' parsed as %d/%m/%Y
visit-log.csv,5574,V05573,Purpose,blank,Purpose not logged
visit-log.csv,5574,V05573,Remarks,blank,Outcome not logged
visit-log.csv,5575,V05574,Visit Date,coerced,'26/05/2026' parsed as %d/%m/%Y
visit-log.csv,5576,V05575,Remarks,blank,Outcome not logged
visit-log.csv,5577,V05576,Visit Date,coerced,'30/07/2026' parsed as %d/%m/%Y
visit-log.csv,5577,V05576,Duration (mins),blank,Duration not recorded
visit-log.csv,5579,V05578,Visit Date,coerced,'20/06/2026' parsed as %d/%m/%Y
visit-log.csv,5580,V05579,Visit Date,coerced,'25/05/2026' parsed as %d/%m/%Y
visit-log.csv,5582,V05581,Visit Date,coerced,'09/07/2026' parsed as %d/%m/%Y
visit-log.csv,5582,V05581,Purpose,blank,Purpose not logged
visit-log.csv,5583,V05582,Purpose,coerced,'followup' -> Follow up
visit-log.csv,5584,V05583,Visit Date,coerced,'16/07/2026' parsed as %d/%m/%Y
visit-log.csv,5584,V05583,Purpose,blank,Purpose not logged
visit-log.csv,5585,V05584,Visit Date,coerced,'18/05/2026' parsed as %d/%m/%Y
visit-log.csv,5586,V05585,Visit Date,coerced,'08/06/2026' parsed as %d/%m/%Y
visit-log.csv,5586,V05585,Duration (mins),blank,Duration not recorded
visit-log.csv,5587,V05586,Duration (mins),blank,Duration not recorded
visit-log.csv,5587,V05586,Remarks,blank,Outcome not logged
visit-log.csv,5588,V05587,Visit Date,coerced,'20/05/2026' parsed as %d/%m/%Y
visit-log.csv,5588,V05587,Duration (mins),blank,Duration not recorded
visit-log.csv,5588,V05587,Purpose,blank,Purpose not logged
visit-log.csv,5589,V05588,Visit Date,coerced,'29/06/2026' parsed as %d/%m/%Y
visit-log.csv,5589,V05588,Remarks,blank,Outcome not logged
visit-log.csv,5590,V05589,Remarks,blank,Outcome not logged
visit-log.csv,5592,V05591,Remarks,blank,Outcome not logged
visit-log.csv,5594,V05593,Visit Date,coerced,'25/05/2026' parsed as %d/%m/%Y
visit-log.csv,5594,V05593,Duration (mins),blank,Duration not recorded
visit-log.csv,5594,V05593,Purpose,blank,Purpose not logged
visit-log.csv,5595,V05594,Duration (mins),blank,Duration not recorded
visit-log.csv,5595,V05594,Remarks,blank,Outcome not logged
visit-log.csv,5596,V05595,Visit Date,coerced,'19/05/2026' parsed as %d/%m/%Y
visit-log.csv,5596,V05595,Duration (mins),blank,Duration not recorded
visit-log.csv,5597,V05596,Visit Date,coerced,'14/07/2026' parsed as %d/%m/%Y
visit-log.csv,5597,V05596,Duration (mins),blank,Duration not recorded
visit-log.csv,5598,V05597,Visit Date,coerced,'05/06/2026' parsed as %d/%m/%Y
visit-log.csv,5599,V05598,Visit Date,coerced,'06/05/2026' parsed as %d/%m/%Y
visit-log.csv,5599,V05598,Remarks,blank,Outcome not logged
visit-log.csv,5601,V05600,Visit Date,coerced,'20/07/2026' parsed as %d/%m/%Y
visit-log.csv,5601,V05600,Purpose,coerced,'routine' -> Routine visit
visit-log.csv,5602,V05601,Visit Date,coerced,'30/05/2026' parsed as %d/%m/%Y
visit-log.csv,5602,V05601,Remarks,blank,Outcome not logged
visit-log.csv,5603,V05602,Visit Date,coerced,'22/05/2026' parsed as %d/%m/%Y
visit-log.csv,5603,V05602,Duration (mins),blank,Duration not recorded
visit-log.csv,5604,V05603,Visit Date,coerced,'01/07/2026' parsed as %d/%m/%Y
visit-log.csv,5605,V05604,Visit Date,coerced,'02/06/2026' parsed as %d/%m/%Y
visit-log.csv,5605,V05604,Purpose,blank,Purpose not logged
visit-log.csv,5606,V05605,Duration (mins),blank,Duration not recorded
visit-log.csv,5606,V05605,Remarks,blank,Outcome not logged
visit-log.csv,5607,V05606,Visit Date,coerced,'27/07/2026' parsed as %d/%m/%Y
visit-log.csv,5607,V05606,Duration (mins),blank,Duration not recorded
visit-log.csv,5608,V05607,Visit Date,coerced,'09/07/2026' parsed as %d/%m/%Y
visit-log.csv,5608,V05607,Purpose,coerced,'routine' -> Routine visit
visit-log.csv,5608,V05607,Remarks,blank,Outcome not logged
visit-log.csv,5610,V05609,Visit Date,coerced,'19/05/2026' parsed as %d/%m/%Y
visit-log.csv,5610,V05609,Remarks,blank,Outcome not logged
visit-log.csv,5611,V05610,Visit Date,coerced,'11/05/2026' parsed as %d/%m/%Y
visit-log.csv,5612,V05611,Visit Date,coerced,'28/07/2026' parsed as %d/%m/%Y
visit-log.csv,5612,V05611,Remarks,blank,Outcome not logged
visit-log.csv,5613,V05612,Visit Date,coerced,'02/06/2026' parsed as %d/%m/%Y
visit-log.csv,5614,V05613,Visit Date,coerced,'16/05/2026' parsed as %d/%m/%Y
visit-log.csv,5614,V05613,Duration (mins),blank,Duration not recorded
visit-log.csv,5614,V05613,Remarks,blank,Outcome not logged
visit-log.csv,5615,V05614,Purpose,blank,Purpose not logged
visit-log.csv,5616,V05615,Visit Date,coerced,'12/06/2026' parsed as %d/%m/%Y
visit-log.csv,5616,V05615,Purpose,coerced,'followup' -> Follow up
visit-log.csv,5616,V05615,Remarks,blank,Outcome not logged
visit-log.csv,5617,V05616,Visit Date,coerced,'11/05/2026' parsed as %d/%m/%Y
visit-log.csv,5617,V05616,Duration (mins),blank,Duration not recorded
visit-log.csv,5618,V05617,Visit Date,coerced,'11/07/2026' parsed as %d/%m/%Y
visit-log.csv,5619,V05618,Visit Date,coerced,'22/05/2026' parsed as %d/%m/%Y
visit-log.csv,5619,V05618,Purpose,blank,Purpose not logged
visit-log.csv,5619,V05618,Remarks,blank,Outcome not logged
visit-log.csv,5620,V05619,Visit Date,coerced,'03/06/2026' parsed as %d/%m/%Y
visit-log.csv,5620,V05619,Duration (mins),blank,Duration not recorded
visit-log.csv,5621,V05620,Duration (mins),blank,Duration not recorded
visit-log.csv,5622,V05621,Visit Date,coerced,'02/06/2026' parsed as %d/%m/%Y
visit-log.csv,5622,V05621,Duration (mins),blank,Duration not recorded
visit-log.csv,5623,V05622,Visit Date,coerced,'13/06/2026' parsed as %d/%m/%Y
visit-log.csv,5624,V05623,Visit Date,coerced,'21/05/2026' parsed as %d/%m/%Y
visit-log.csv,5624,V05623,Duration (mins),blank,Duration not recorded
visit-log.csv,5625,V05624,Duration (mins),blank,Duration not recorded
visit-log.csv,5626,V05625,Remarks,blank,Outcome not logged
visit-log.csv,5627,V05626,Visit Date,coerced,'21/05/2026' parsed as %d/%m/%Y
visit-log.csv,5628,V05627,Visit Date,coerced,'27/07/2026' parsed as %d/%m/%Y
visit-log.csv,5628,V05627,Purpose,blank,Purpose not logged
visit-log.csv,5628,V05627,Remarks,blank,Outcome not logged
visit-log.csv,5629,V05628,Visit Date,coerced,'28/07/2026' parsed as %d/%m/%Y
visit-log.csv,5629,V05628,Remarks,blank,Outcome not logged
visit-log.csv,5630,V05629,Remarks,blank,Outcome not logged
visit-log.csv,5631,V05630,Visit Date,coerced,'07/07/2026' parsed as %d/%m/%Y
visit-log.csv,5632,V05631,Visit Date,coerced,'28/05/2026' parsed as %d/%m/%Y
visit-log.csv,5633,V05632,Visit Date,coerced,'05/05/2026' parsed as %d/%m/%Y
visit-log.csv,5633,V05632,Purpose,blank,Purpose not logged
visit-log.csv,5633,V05632,Remarks,blank,Outcome not logged
visit-log.csv,5634,V05633,Visit Date,coerced,'13/07/2026' parsed as %d/%m/%Y
visit-log.csv,5635,V05634,Visit Date,coerced,'30/06/2026' parsed as %d/%m/%Y
visit-log.csv,5636,V05635,Visit Date,coerced,'12/06/2026' parsed as %d/%m/%Y
visit-log.csv,5636,V05635,Purpose,coerced,'routine' -> Routine visit
visit-log.csv,5636,V05635,Remarks,blank,Outcome not logged
visit-log.csv,5637,V05636,Visit Date,coerced,'23/07/2026' parsed as %d/%m/%Y
visit-log.csv,5638,V05637,Visit Date,coerced,'18/06/2026' parsed as %d/%m/%Y
visit-log.csv,5639,V05638,Purpose,coerced,'routine' -> Routine visit
visit-log.csv,5640,V05639,Visit Date,coerced,'10/05/2026' parsed as %d/%m/%Y
visit-log.csv,5640,V05639,Remarks,blank,Outcome not logged
visit-log.csv,5641,V05640,Visit Date,coerced,'12/05/2026' parsed as %d/%m/%Y
visit-log.csv,5641,V05640,Purpose,blank,Purpose not logged
visit-log.csv,5642,V05641,Visit Date,coerced,'10/06/2026' parsed as %d/%m/%Y
visit-log.csv,5642,V05641,Purpose,coerced,'routine' -> Routine visit
visit-log.csv,5642,V05641,Remarks,blank,Outcome not logged
visit-log.csv,5643,V05642,Visit Date,coerced,'10/06/2026' parsed as %d/%m/%Y
visit-log.csv,5644,V05643,Visit Date,coerced,'29/07/2026' parsed as %d/%m/%Y
visit-log.csv,5644,V05643,Purpose,coerced,'routine' -> Routine visit
visit-log.csv,5644,V05643,Remarks,blank,Outcome not logged
visit-log.csv,5645,V05644,Visit Date,coerced,'05/06/2026' parsed as %d/%m/%Y
visit-log.csv,5645,V05644,Remarks,blank,Outcome not logged
visit-log.csv,5646,V05645,Remarks,blank,Outcome not logged
visit-log.csv,5647,V05646,Visit Date,coerced,'02/07/2026' parsed as %d/%m/%Y
visit-log.csv,5647,V05646,Purpose,coerced,'followup' -> Follow up
visit-log.csv,5647,V05646,Remarks,blank,Outcome not logged
visit-log.csv,5648,V05647,Visit Date,coerced,'08/07/2026' parsed as %d/%m/%Y
visit-log.csv,5648,V05647,Remarks,blank,Outcome not logged
visit-log.csv,5650,V05649,Remarks,blank,Outcome not logged
visit-log.csv,5651,V05650,Visit Date,coerced,'28/06/2026' parsed as %d/%m/%Y
visit-log.csv,5651,V05650,Remarks,blank,Outcome not logged
visit-log.csv,5652,V05651,Visit Date,coerced,'29/06/2026' parsed as %d/%m/%Y
visit-log.csv,5653,V05652,Visit Date,coerced,'30/05/2026' parsed as %d/%m/%Y
visit-log.csv,5653,V05652,Remarks,blank,Outcome not logged
visit-log.csv,5654,V05653,Visit Date,coerced,'25/05/2026' parsed as %d/%m/%Y
visit-log.csv,5654,V05653,Purpose,coerced,'followup' -> Follow up
visit-log.csv,5654,V05653,Remarks,blank,Outcome not logged
visit-log.csv,5657,V05656,Visit Date,coerced,'16/06/2026' parsed as %d/%m/%Y
visit-log.csv,5657,V05656,Remarks,blank,Outcome not logged
visit-log.csv,5658,V05657,Visit Date,coerced,'02/06/2026' parsed as %d/%m/%Y
visit-log.csv,5659,V05658,Remarks,blank,Outcome not logged
visit-log.csv,5660,V05659,Purpose,coerced,'routine' -> Routine visit
visit-log.csv,5661,V05660,Visit Date,coerced,'22/05/2026' parsed as %d/%m/%Y
visit-log.csv,5661,V05660,Duration (mins),blank,Duration not recorded
visit-log.csv,5662,V05661,Visit Date,coerced,'01/07/2026' parsed as %d/%m/%Y
visit-log.csv,5662,V05661,Remarks,blank,Outcome not logged
visit-log.csv,5663,V05662,Visit Date,coerced,'14/07/2026' parsed as %d/%m/%Y
visit-log.csv,5663,V05662,Purpose,coerced,'followup' -> Follow up
visit-log.csv,5664,V05663,Visit Date,coerced,'13/05/2026' parsed as %d/%m/%Y
visit-log.csv,5665,V05664,Visit Date,coerced,'29/07/2026' parsed as %d/%m/%Y
visit-log.csv,5665,V05664,Remarks,blank,Outcome not logged
visit-log.csv,5666,V05665,Visit Date,coerced,'06/07/2026' parsed as %d/%m/%Y
visit-log.csv,5666,V05665,Duration (mins),blank,Duration not recorded
visit-log.csv,5667,V05666,Visit Date,coerced,'03/06/2026' parsed as %d/%m/%Y
visit-log.csv,5667,V05666,Remarks,blank,Outcome not logged
visit-log.csv,5668,V05667,Visit Date,coerced,'01/06/2026' parsed as %d/%m/%Y
visit-log.csv,5669,V05668,Remarks,blank,Outcome not logged
visit-log.csv,5670,V05669,Visit Date,coerced,'09/06/2026' parsed as %d/%m/%Y
visit-log.csv,5671,V05670,Visit Date,coerced,'27/06/2026' parsed as %d/%m/%Y
visit-log.csv,5672,V05671,Visit Date,coerced,'05/06/2026' parsed as %d/%m/%Y
visit-log.csv,5673,V05672,Visit Date,coerced,'18/06/2026' parsed as %d/%m/%Y
visit-log.csv,5673,V05672,Purpose,coerced,'followup' -> Follow up
visit-log.csv,5674,V05673,Visit Date,coerced,'13/07/2026' parsed as %d/%m/%Y
visit-log.csv,5674,V05673,Remarks,blank,Outcome not logged
visit-log.csv,5675,V05674,Visit Date,coerced,'21/05/2026' parsed as %d/%m/%Y
visit-log.csv,5676,V05675,Remarks,blank,Outcome not logged
visit-log.csv,5678,V05677,Visit Date,coerced,'03/06/2026' parsed as %d/%m/%Y
visit-log.csv,5678,V05677,Duration (mins),blank,Duration not recorded
visit-log.csv,5678,V05677,Remarks,blank,Outcome not logged
visit-log.csv,5679,V05678,Visit Date,coerced,'26/06/2026' parsed as %d/%m/%Y
visit-log.csv,5681,V05680,Visit Date,coerced,'04/05/2026' parsed as %d/%m/%Y
visit-log.csv,5681,V05680,Remarks,blank,Outcome not logged
visit-log.csv,5682,V05681,Visit Date,coerced,'29/05/2026' parsed as %d/%m/%Y
visit-log.csv,5682,V05681,Duration (mins),blank,Duration not recorded
visit-log.csv,5682,V05681,Purpose,coerced,'routine' -> Routine visit
visit-log.csv,5683,V05682,Visit Date,coerced,'30/07/2026' parsed as %d/%m/%Y
visit-log.csv,5683,V05682,Purpose,blank,Purpose not logged
visit-log.csv,5684,V05683,Remarks,blank,Outcome not logged
visit-log.csv,5685,V05684,Visit Date,coerced,'20/05/2026' parsed as %d/%m/%Y
visit-log.csv,5685,V05684,Purpose,coerced,'routine' -> Routine visit
visit-log.csv,5689,V05688,Duration (mins),blank,Duration not recorded
visit-log.csv,5689,V05688,Purpose,blank,Purpose not logged
visit-log.csv,5690,V05689,Visit Date,coerced,'03/06/2026' parsed as %d/%m/%Y
visit-log.csv,5691,V05690,Visit Date,coerced,'22/06/2026' parsed as %d/%m/%Y
visit-log.csv,5691,V05690,Remarks,blank,Outcome not logged
visit-log.csv,5692,V05691,Visit Date,coerced,'08/05/2026' parsed as %d/%m/%Y
visit-log.csv,5692,V05691,Purpose,blank,Purpose not logged
visit-log.csv,5693,V05692,Visit Date,coerced,'09/06/2026' parsed as %d/%m/%Y
visit-log.csv,5695,V05694,Visit Date,coerced,'16/07/2026' parsed as %d/%m/%Y
visit-log.csv,5695,V05694,Remarks,blank,Outcome not logged
visit-log.csv,5696,V05695,Visit Date,coerced,'26/05/2026' parsed as %d/%m/%Y
visit-log.csv,5697,V05696,Visit Date,coerced,'17/06/2026' parsed as %d/%m/%Y
visit-log.csv,5698,V05697,Duration (mins),blank,Duration not recorded
visit-log.csv,5698,V05697,Purpose,coerced,'followup' -> Follow up
visit-log.csv,5699,V05698,Visit Date,coerced,'02/05/2026' parsed as %d/%m/%Y
visit-log.csv,5699,V05698,Purpose,coerced,'routine' -> Routine visit
visit-log.csv,5700,V05699,Visit Date,coerced,'01/05/2026' parsed as %d/%m/%Y
visit-log.csv,5700,V05699,Purpose,coerced,'followup' -> Follow up
visit-log.csv,5702,V05701,Visit Date,coerced,'26/06/2026' parsed as %d/%m/%Y
visit-log.csv,5703,V05702,Visit Date,coerced,'18/05/2026' parsed as %d/%m/%Y
visit-log.csv,5703,V05702,Purpose,coerced,'followup' -> Follow up
visit-log.csv,5704,V05703,Visit Date,coerced,'19/06/2026' parsed as %d/%m/%Y
visit-log.csv,5704,V05703,Purpose,coerced,'routine' -> Routine visit
visit-log.csv,5705,V05704,Purpose,coerced,'routine' -> Routine visit
visit-log.csv,5705,V05704,Remarks,blank,Outcome not logged
visit-log.csv,5706,V05705,Visit Date,coerced,'24/05/2026' parsed as %d/%m/%Y
visit-log.csv,5707,V05706,Visit Date,coerced,'16/07/2026' parsed as %d/%m/%Y
visit-log.csv,5708,V05707,Visit Date,coerced,'17/07/2026' parsed as %d/%m/%Y
visit-log.csv,5708,V05707,Purpose,blank,Purpose not logged
visit-log.csv,5708,V05707,Remarks,blank,Outcome not logged
visit-log.csv,5709,V05708,Visit Date,coerced,'03/06/2026' parsed as %d/%m/%Y
visit-log.csv,5709,V05708,Remarks,blank,Outcome not logged
visit-log.csv,5710,V05709,Visit Date,coerced,'28/05/2026' parsed as %d/%m/%Y
visit-log.csv,5710,V05709,Duration (mins),blank,Duration not recorded
visit-log.csv,5710,V05709,Remarks,blank,Outcome not logged
visit-log.csv,5711,V05710,Visit Date,coerced,'14/07/2026' parsed as %d/%m/%Y
visit-log.csv,5712,V05711,Visit Date,coerced,'01/06/2026' parsed as %d/%m/%Y
visit-log.csv,5712,V05711,Purpose,coerced,'followup' -> Follow up
visit-log.csv,5712,V05711,Remarks,blank,Outcome not logged
visit-log.csv,5713,V05712,Visit Date,coerced,'13/07/2026' parsed as %d/%m/%Y
visit-log.csv,5713,V05712,Purpose,blank,Purpose not logged
visit-log.csv,5713,V05712,Remarks,blank,Outcome not logged
visit-log.csv,5714,V05713,Visit Date,coerced,'19/07/2026' parsed as %d/%m/%Y
visit-log.csv,5715,V05714,Visit Date,coerced,'12/06/2026' parsed as %d/%m/%Y
visit-log.csv,5716,V05715,Purpose,blank,Purpose not logged
visit-log.csv,5716,V05715,Remarks,blank,Outcome not logged
visit-log.csv,5717,V05716,Visit Date,coerced,'18/06/2026' parsed as %d/%m/%Y
visit-log.csv,5718,V05717,Purpose,coerced,'followup' -> Follow up
visit-log.csv,5719,V05718,Visit Date,coerced,'04/07/2026' parsed as %d/%m/%Y
visit-log.csv,5719,V05718,Remarks,blank,Outcome not logged
visit-log.csv,5720,V05719,Visit Date,coerced,'29/06/2026' parsed as %d/%m/%Y
visit-log.csv,5720,V05719,Purpose,blank,Purpose not logged
visit-log.csv,5720,V05719,Remarks,blank,Outcome not logged
visit-log.csv,5721,V05720,Visit Date,coerced,'25/07/2026' parsed as %d/%m/%Y
visit-log.csv,5721,V05720,Purpose,coerced,'routine' -> Routine visit
visit-log.csv,5722,V05721,Purpose,coerced,'routine' -> Routine visit
visit-log.csv,5722,V05721,Remarks,blank,Outcome not logged
visit-log.csv,5723,V05722,Visit Date,coerced,'15/05/2026' parsed as %d/%m/%Y
visit-log.csv,5724,V05723,Visit Date,coerced,'18/06/2026' parsed as %d/%m/%Y
visit-log.csv,5725,V05724,Visit Date,coerced,'21/07/2026' parsed as %d/%m/%Y
visit-log.csv,5725,V05724,Remarks,blank,Outcome not logged
visit-log.csv,5726,V05725,Visit Date,coerced,'24/05/2026' parsed as %d/%m/%Y
visit-log.csv,5727,V05726,Visit Date,coerced,'26/05/2026' parsed as %d/%m/%Y
visit-log.csv,5728,V05727,Visit Date,coerced,'20/07/2026' parsed as %d/%m/%Y
visit-log.csv,5728,V05727,Duration (mins),blank,Duration not recorded
visit-log.csv,5728,V05727,Purpose,blank,Purpose not logged
visit-log.csv,5728,V05727,Remarks,blank,Outcome not logged
visit-log.csv,5729,V05728,Visit Date,coerced,'26/06/2026' parsed as %d/%m/%Y
visit-log.csv,5729,V05728,Remarks,blank,Outcome not logged
visit-log.csv,5730,V05729,Visit Date,coerced,'12/06/2026' parsed as %d/%m/%Y
visit-log.csv,5730,V05729,Purpose,coerced,'followup' -> Follow up
visit-log.csv,5730,V05729,Remarks,blank,Outcome not logged
visit-log.csv,5731,V05730,Visit Date,coerced,'09/05/2026' parsed as %d/%m/%Y
visit-log.csv,5731,V05730,Remarks,blank,Outcome not logged
visit-log.csv,5732,V05731,Visit Date,coerced,'24/06/2026' parsed as %d/%m/%Y
visit-log.csv,5732,V05731,Remarks,blank,Outcome not logged
visit-log.csv,5733,V05732,Remarks,blank,Outcome not logged
visit-log.csv,5734,V05733,Visit Date,coerced,'30/07/2026' parsed as %d/%m/%Y
visit-log.csv,5734,V05733,Duration (mins),blank,Duration not recorded
visit-log.csv,5734,V05733,Purpose,coerced,'followup' -> Follow up
visit-log.csv,5735,V05734,Visit Date,coerced,'18/05/2026' parsed as %d/%m/%Y
visit-log.csv,5736,V05735,Visit Date,coerced,'29/07/2026' parsed as %d/%m/%Y
visit-log.csv,5737,V05736,Duration (mins),blank,Duration not recorded
visit-log.csv,5737,V05736,Remarks,blank,Outcome not logged
visit-log.csv,5739,V05738,Visit Date,coerced,'01/07/2026' parsed as %d/%m/%Y
visit-log.csv,5740,V05739,Visit Date,coerced,'24/06/2026' parsed as %d/%m/%Y
visit-log.csv,5740,V05739,Remarks,blank,Outcome not logged
visit-log.csv,5741,V05740,Visit Date,coerced,'08/05/2026' parsed as %d/%m/%Y
visit-log.csv,5741,V05740,Purpose,blank,Purpose not logged
visit-log.csv,5742,V05741,Duration (mins),blank,Duration not recorded
visit-log.csv,5743,V05742,Visit Date,coerced,'28/06/2026' parsed as %d/%m/%Y
visit-log.csv,5743,V05742,Remarks,blank,Outcome not logged
visit-log.csv,5744,V05743,Visit Date,coerced,'08/07/2026' parsed as %d/%m/%Y
visit-log.csv,5745,V05744,Visit Date,coerced,'10/06/2026' parsed as %d/%m/%Y
visit-log.csv,5745,V05744,Purpose,coerced,'followup' -> Follow up
visit-log.csv,5745,V05744,Remarks,blank,Outcome not logged
visit-log.csv,5746,V05745,Visit Date,coerced,'01/07/2026' parsed as %d/%m/%Y
visit-log.csv,5746,V05745,Duration (mins),blank,Duration not recorded
visit-log.csv,5746,V05745,Remarks,blank,Outcome not logged
visit-log.csv,5747,V05746,Visit Date,coerced,'09/07/2026' parsed as %d/%m/%Y
visit-log.csv,5747,V05746,Duration (mins),blank,Duration not recorded
visit-log.csv,5747,V05746,Remarks,blank,Outcome not logged
visit-log.csv,5748,V05747,Visit Date,coerced,'22/05/2026' parsed as %d/%m/%Y
visit-log.csv,5749,V05748,Visit Date,coerced,'18/06/2026' parsed as %d/%m/%Y
visit-log.csv,5750,V05749,Visit Date,coerced,'25/06/2026' parsed as %d/%m/%Y
visit-log.csv,5751,V05750,Duration (mins),blank,Duration not recorded
visit-log.csv,5752,V05751,Visit Date,coerced,'23/06/2026' parsed as %d/%m/%Y
visit-log.csv,5752,V05751,Purpose,blank,Purpose not logged
visit-log.csv,5753,V05752,Duration (mins),blank,Duration not recorded
visit-log.csv,5753,V05752,Purpose,coerced,'followup' -> Follow up
visit-log.csv,5754,V05753,Visit Date,coerced,'13/05/2026' parsed as %d/%m/%Y
visit-log.csv,5755,V05754,Visit Date,coerced,'12/05/2026' parsed as %d/%m/%Y
visit-log.csv,5755,V05754,Purpose,coerced,'routine' -> Routine visit
visit-log.csv,5756,V05755,Visit Date,coerced,'05/05/2026' parsed as %d/%m/%Y
visit-log.csv,5757,V05756,Visit Date,coerced,'05/06/2026' parsed as %d/%m/%Y
visit-log.csv,5758,V05757,Visit Date,coerced,'01/07/2026' parsed as %d/%m/%Y
visit-log.csv,5758,V05757,Purpose,coerced,'routine' -> Routine visit
visit-log.csv,5759,V05758,Visit Date,coerced,'20/06/2026' parsed as %d/%m/%Y
visit-log.csv,5759,V05758,Purpose,blank,Purpose not logged
visit-log.csv,5759,V05758,Remarks,blank,Outcome not logged
visit-log.csv,5760,V05759,Visit Date,coerced,'15/06/2026' parsed as %d/%m/%Y
visit-log.csv,5760,V05759,Duration (mins),blank,Duration not recorded
visit-log.csv,5761,V05760,Visit Date,coerced,'11/05/2026' parsed as %d/%m/%Y
visit-log.csv,5762,V05761,Visit Date,coerced,'18/05/2026' parsed as %d/%m/%Y
visit-log.csv,5762,V05761,Remarks,blank,Outcome not logged
visit-log.csv,5763,V05762,Remarks,blank,Outcome not logged
visit-log.csv,5764,V05763,Remarks,blank,Outcome not logged
visit-log.csv,5765,V05764,Remarks,blank,Outcome not logged
visit-log.csv,5766,V05765,Visit Date,coerced,'19/05/2026' parsed as %d/%m/%Y
visit-log.csv,5766,V05765,Purpose,blank,Purpose not logged
visit-log.csv,5767,V05766,Visit Date,coerced,'27/05/2026' parsed as %d/%m/%Y
visit-log.csv,5768,V05767,Visit Date,coerced,'25/05/2026' parsed as %d/%m/%Y
visit-log.csv,5768,V05767,Remarks,blank,Outcome not logged
visit-log.csv,5770,V05769,Visit Date,coerced,'01/07/2026' parsed as %d/%m/%Y
visit-log.csv,5771,V05770,Visit Date,coerced,'24/05/2026' parsed as %d/%m/%Y
visit-log.csv,5771,V05770,Purpose,coerced,'followup' -> Follow up
visit-log.csv,5772,V05771,Visit Date,coerced,'08/07/2026' parsed as %d/%m/%Y
visit-log.csv,5773,V05772,Visit Date,coerced,'16/06/2026' parsed as %d/%m/%Y
visit-log.csv,5773,V05772,Remarks,blank,Outcome not logged
visit-log.csv,5774,V05773,Visit Date,coerced,'27/05/2026' parsed as %d/%m/%Y
visit-log.csv,5774,V05773,Purpose,coerced,'followup' -> Follow up
visit-log.csv,5774,V05773,Remarks,blank,Outcome not logged
visit-log.csv,5775,V05774,Remarks,blank,Outcome not logged
visit-log.csv,5776,V05775,Visit Date,coerced,'07/05/2026' parsed as %d/%m/%Y
visit-log.csv,5777,V05776,Visit Date,coerced,'10/06/2026' parsed as %d/%m/%Y
visit-log.csv,5777,V05776,Purpose,coerced,'routine' -> Routine visit
visit-log.csv,5777,V05776,Remarks,blank,Outcome not logged
visit-log.csv,5778,V05777,Visit Date,coerced,'07/05/2026' parsed as %d/%m/%Y
visit-log.csv,5778,V05777,Remarks,blank,Outcome not logged
visit-log.csv,5781,V05780,Visit Date,coerced,'27/06/2026' parsed as %d/%m/%Y
visit-log.csv,5781,V05780,Remarks,blank,Outcome not logged
visit-log.csv,5782,V05781,Purpose,coerced,'followup' -> Follow up
visit-log.csv,5784,V05783,Visit Date,coerced,'12/06/2026' parsed as %d/%m/%Y
visit-log.csv,5785,V05784,Visit Date,coerced,'07/05/2026' parsed as %d/%m/%Y
visit-log.csv,5785,V05784,Purpose,coerced,'followup' -> Follow up
visit-log.csv,5786,V05785,Visit Date,coerced,'20/06/2026' parsed as %d/%m/%Y
visit-log.csv,5786,V05785,Purpose,coerced,'followup' -> Follow up
visit-log.csv,5787,V05786,Visit Date,coerced,'19/06/2026' parsed as %d/%m/%Y
visit-log.csv,5787,V05786,Duration (mins),blank,Duration not recorded
visit-log.csv,5788,V05787,Visit Date,coerced,'13/06/2026' parsed as %d/%m/%Y
visit-log.csv,5789,V05788,Visit Date,coerced,'18/05/2026' parsed as %d/%m/%Y
visit-log.csv,5790,V05789,Visit Date,coerced,'25/07/2026' parsed as %d/%m/%Y
visit-log.csv,5790,V05789,Purpose,coerced,'routine' -> Routine visit
visit-log.csv,5790,V05789,Remarks,blank,Outcome not logged
visit-log.csv,5792,V05791,Visit Date,coerced,'05/05/2026' parsed as %d/%m/%Y
visit-log.csv,5792,V05791,Purpose,blank,Purpose not logged
visit-log.csv,5793,V05792,Visit Date,coerced,'03/07/2026' parsed as %d/%m/%Y
visit-log.csv,5793,V05792,Duration (mins),blank,Duration not recorded
visit-log.csv,5793,V05792,Remarks,blank,Outcome not logged
visit-log.csv,5794,V05793,Visit Date,coerced,'02/07/2026' parsed as %d/%m/%Y
visit-log.csv,5795,V05794,Duration (mins),blank,Duration not recorded
visit-log.csv,5795,V05794,Remarks,blank,Outcome not logged
visit-log.csv,5796,V05795,Visit Date,coerced,'21/07/2026' parsed as %d/%m/%Y
visit-log.csv,5796,V05795,Duration (mins),blank,Duration not recorded
visit-log.csv,5796,V05795,Remarks,blank,Outcome not logged
visit-log.csv,5797,V05796,Duration (mins),blank,Duration not recorded
visit-log.csv,5797,V05796,Purpose,blank,Purpose not logged
visit-log.csv,5797,V05796,Remarks,blank,Outcome not logged
visit-log.csv,5798,V05797,Visit Date,coerced,'21/05/2026' parsed as %d/%m/%Y
visit-log.csv,5798,V05797,Duration (mins),blank,Duration not recorded
visit-log.csv,5799,V05798,Visit Date,coerced,'24/05/2026' parsed as %d/%m/%Y
visit-log.csv,5799,V05798,Remarks,blank,Outcome not logged
visit-log.csv,5800,V05799,Visit Date,coerced,'25/07/2026' parsed as %d/%m/%Y
visit-log.csv,5800,V05799,Purpose,coerced,'followup' -> Follow up
visit-log.csv,5800,V05799,Remarks,blank,Outcome not logged
visit-log.csv,5801,V05800,Visit Date,coerced,'24/06/2026' parsed as %d/%m/%Y
visit-log.csv,5802,V05801,Visit Date,coerced,'03/06/2026' parsed as %d/%m/%Y
visit-log.csv,5802,V05801,Remarks,blank,Outcome not logged
visit-log.csv,5803,V05802,Visit Date,coerced,'30/07/2026' parsed as %d/%m/%Y
visit-log.csv,5803,V05802,Purpose,coerced,'routine' -> Routine visit
visit-log.csv,5803,V05802,Remarks,blank,Outcome not logged
visit-log.csv,5804,V05803,Remarks,blank,Outcome not logged
visit-log.csv,5805,V05804,Visit Date,coerced,'29/06/2026' parsed as %d/%m/%Y
visit-log.csv,5805,V05804,Remarks,blank,Outcome not logged
visit-log.csv,5806,V05805,Visit Date,coerced,'25/06/2026' parsed as %d/%m/%Y
visit-log.csv,5806,V05805,Remarks,blank,Outcome not logged
visit-log.csv,5807,V05806,Visit Date,coerced,'13/06/2026' parsed as %d/%m/%Y
visit-log.csv,5808,V05807,Visit Date,coerced,'25/07/2026' parsed as %d/%m/%Y
visit-log.csv,5808,V05807,Duration (mins),blank,Duration not recorded
visit-log.csv,5808,V05807,Purpose,blank,Purpose not logged
visit-log.csv,5809,V05808,Purpose,blank,Purpose not logged
visit-log.csv,5811,V05810,Visit Date,coerced,'01/05/2026' parsed as %d/%m/%Y
visit-log.csv,5813,V05812,Visit Date,coerced,'14/07/2026' parsed as %d/%m/%Y
visit-log.csv,5814,V05813,Remarks,blank,Outcome not logged
visit-log.csv,5816,V05815,Visit Date,coerced,'23/07/2026' parsed as %d/%m/%Y
visit-log.csv,5816,V05815,Purpose,coerced,'followup' -> Follow up
visit-log.csv,5816,V05815,Remarks,blank,Outcome not logged
visit-log.csv,5817,V05816,Visit Date,coerced,'08/06/2026' parsed as %d/%m/%Y
visit-log.csv,5817,V05816,Duration (mins),blank,Duration not recorded
visit-log.csv,5817,V05816,Purpose,blank,Purpose not logged
visit-log.csv,5817,V05816,Remarks,blank,Outcome not logged
visit-log.csv,5818,V05817,Visit Date,coerced,'12/06/2026' parsed as %d/%m/%Y
visit-log.csv,5818,V05817,Purpose,coerced,'followup' -> Follow up
visit-log.csv,5819,V05818,Visit Date,coerced,'14/07/2026' parsed as %d/%m/%Y
visit-log.csv,5820,V05819,Visit Date,coerced,'08/06/2026' parsed as %d/%m/%Y
visit-log.csv,5820,V05819,Purpose,coerced,'routine' -> Routine visit
visit-log.csv,5821,V05820,Visit Date,coerced,'27/05/2026' parsed as %d/%m/%Y
visit-log.csv,5821,V05820,Duration (mins),blank,Duration not recorded
visit-log.csv,5822,V05821,Visit Date,coerced,'28/05/2026' parsed as %d/%m/%Y
visit-log.csv,5822,V05821,Purpose,coerced,'followup' -> Follow up
visit-log.csv,5823,V05822,Visit Date,coerced,'20/07/2026' parsed as %d/%m/%Y
visit-log.csv,5823,V05822,Purpose,blank,Purpose not logged
visit-log.csv,5824,V05823,Visit Date,coerced,'07/07/2026' parsed as %d/%m/%Y
visit-log.csv,5824,V05823,Remarks,blank,Outcome not logged
visit-log.csv,5825,V05824,Visit Date,coerced,'09/07/2026' parsed as %d/%m/%Y
visit-log.csv,5827,V05826,Visit Date,coerced,'29/06/2026' parsed as %d/%m/%Y
visit-log.csv,5827,V05826,Remarks,blank,Outcome not logged
visit-log.csv,5828,V05827,Visit Date,coerced,'25/06/2026' parsed as %d/%m/%Y
visit-log.csv,5828,V05827,Purpose,blank,Purpose not logged
visit-log.csv,5829,V05828,Purpose,blank,Purpose not logged
visit-log.csv,5829,V05828,Remarks,blank,Outcome not logged
visit-log.csv,5830,V05829,Visit Date,coerced,'13/07/2026' parsed as %d/%m/%Y
visit-log.csv,5830,V05829,Remarks,blank,Outcome not logged
visit-log.csv,5831,V05830,Visit Date,coerced,'24/06/2026' parsed as %d/%m/%Y
visit-log.csv,5832,V05831,Duration (mins),blank,Duration not recorded
visit-log.csv,5833,V05832,Visit Date,coerced,'04/06/2026' parsed as %d/%m/%Y
visit-log.csv,5833,V05832,Purpose,coerced,'followup' -> Follow up
visit-log.csv,5833,V05832,Remarks,blank,Outcome not logged
visit-log.csv,5834,V05833,Visit Date,coerced,'11/07/2026' parsed as %d/%m/%Y
visit-log.csv,5834,V05833,Duration (mins),blank,Duration not recorded
visit-log.csv,5834,V05833,Purpose,coerced,'followup' -> Follow up
visit-log.csv,5834,V05833,Remarks,blank,Outcome not logged
visit-log.csv,5835,V05834,Remarks,blank,Outcome not logged
visit-log.csv,5836,V05835,Visit Date,coerced,'03/07/2026' parsed as %d/%m/%Y
visit-log.csv,5836,V05835,Remarks,blank,Outcome not logged
visit-log.csv,5837,V05836,Visit Date,coerced,'25/05/2026' parsed as %d/%m/%Y
visit-log.csv,5838,V05837,Visit Date,coerced,'16/07/2026' parsed as %d/%m/%Y
visit-log.csv,5838,V05837,Remarks,blank,Outcome not logged
visit-log.csv,5839,V05838,Visit Date,coerced,'06/07/2026' parsed as %d/%m/%Y
visit-log.csv,5839,V05838,Purpose,blank,Purpose not logged
visit-log.csv,5839,V05838,Remarks,blank,Outcome not logged
visit-log.csv,5840,V05839,Visit Date,coerced,'05/06/2026' parsed as %d/%m/%Y
visit-log.csv,5840,V05839,Remarks,blank,Outcome not logged
visit-log.csv,5841,V05840,Remarks,blank,Outcome not logged
visit-log.csv,5843,V05842,Remarks,blank,Outcome not logged
visit-log.csv,5844,V05843,Visit Date,coerced,'27/07/2026' parsed as %d/%m/%Y
visit-log.csv,5844,V05843,Duration (mins),blank,Duration not recorded
visit-log.csv,5845,V05844,Purpose,blank,Purpose not logged
visit-log.csv,5846,V05845,Visit Date,coerced,'22/06/2026' parsed as %d/%m/%Y
visit-log.csv,5847,V05846,Visit Date,coerced,'25/07/2026' parsed as %d/%m/%Y
visit-log.csv,5847,V05846,Duration (mins),blank,Duration not recorded
visit-log.csv,5848,V05847,Visit Date,coerced,'04/06/2026' parsed as %d/%m/%Y
visit-log.csv,5849,V05848,Visit Date,coerced,'16/07/2026' parsed as %d/%m/%Y
visit-log.csv,5850,V05849,Purpose,coerced,'followup' -> Follow up
visit-log.csv,5851,V05850,Visit Date,coerced,'27/06/2026' parsed as %d/%m/%Y
visit-log.csv,5852,V05851,Visit Date,coerced,'29/07/2026' parsed as %d/%m/%Y
visit-log.csv,5852,V05851,Remarks,blank,Outcome not logged
visit-log.csv,5853,V05852,Visit Date,coerced,'16/07/2026' parsed as %d/%m/%Y
visit-log.csv,5854,V05853,Visit Date,coerced,'25/07/2026' parsed as %d/%m/%Y
visit-log.csv,5854,V05853,Duration (mins),blank,Duration not recorded
visit-log.csv,5855,V05854,Visit Date,coerced,'03/06/2026' parsed as %d/%m/%Y
visit-log.csv,5855,V05854,Remarks,blank,Outcome not logged
visit-log.csv,5856,V05855,Visit Date,coerced,'27/05/2026' parsed as %d/%m/%Y
visit-log.csv,5856,V05855,Purpose,blank,Purpose not logged
visit-log.csv,5858,V05857,Purpose,coerced,'followup' -> Follow up
visit-log.csv,5858,V05857,Remarks,blank,Outcome not logged
visit-log.csv,5859,V05858,Visit Date,coerced,'01/07/2026' parsed as %d/%m/%Y
visit-log.csv,5859,V05858,Remarks,blank,Outcome not logged
visit-log.csv,5860,V05859,Visit Date,coerced,'21/05/2026' parsed as %d/%m/%Y
visit-log.csv,5860,V05859,Remarks,blank,Outcome not logged
visit-log.csv,5861,V05860,Visit Date,coerced,'08/07/2026' parsed as %d/%m/%Y
visit-log.csv,5861,V05860,Remarks,blank,Outcome not logged
visit-log.csv,5862,V05861,Visit Date,coerced,'25/05/2026' parsed as %d/%m/%Y
visit-log.csv,5862,V05861,Remarks,blank,Outcome not logged
visit-log.csv,5864,V05863,Visit Date,coerced,'04/06/2026' parsed as %d/%m/%Y
visit-log.csv,5865,V05864,Visit Date,coerced,'25/06/2026' parsed as %d/%m/%Y
visit-log.csv,5866,V05865,Visit Date,coerced,'05/05/2026' parsed as %d/%m/%Y
visit-log.csv,5867,V05866,Visit Date,coerced,'04/07/2026' parsed as %d/%m/%Y
visit-log.csv,5867,V05866,Purpose,coerced,'followup' -> Follow up
visit-log.csv,5868,V05867,Visit Date,coerced,'23/06/2026' parsed as %d/%m/%Y
visit-log.csv,5868,V05867,Remarks,blank,Outcome not logged
visit-log.csv,5869,V05868,Visit Date,coerced,'18/05/2026' parsed as %d/%m/%Y
visit-log.csv,5871,V05870,Visit Date,coerced,'30/07/2026' parsed as %d/%m/%Y
visit-log.csv,5871,V05870,Remarks,blank,Outcome not logged
visit-log.csv,5872,V05871,Purpose,coerced,'routine' -> Routine visit
visit-log.csv,5873,V05872,Visit Date,coerced,'29/05/2026' parsed as %d/%m/%Y
visit-log.csv,5874,V05873,Visit Date,coerced,'06/06/2026' parsed as %d/%m/%Y
visit-log.csv,5874,V05873,Purpose,coerced,'routine' -> Routine visit
visit-log.csv,5875,V05874,Visit Date,coerced,'30/06/2026' parsed as %d/%m/%Y
visit-log.csv,5876,V05875,Visit Date,coerced,'23/05/2026' parsed as %d/%m/%Y
visit-log.csv,5877,V05876,Visit Date,coerced,'29/07/2026' parsed as %d/%m/%Y
visit-log.csv,5877,V05876,Duration (mins),blank,Duration not recorded
visit-log.csv,5878,V05877,Visit Date,coerced,'07/07/2026' parsed as %d/%m/%Y
visit-log.csv,5878,V05877,Remarks,blank,Outcome not logged
visit-log.csv,5879,V05878,Visit Date,coerced,'15/05/2026' parsed as %d/%m/%Y
visit-log.csv,5879,V05878,Remarks,blank,Outcome not logged
visit-log.csv,5880,V05879,Visit Date,coerced,'10/07/2026' parsed as %d/%m/%Y
visit-log.csv,5880,V05879,Purpose,blank,Purpose not logged
visit-log.csv,5880,V05879,Remarks,blank,Outcome not logged
visit-log.csv,5881,V05880,Visit Date,coerced,'29/07/2026' parsed as %d/%m/%Y
visit-log.csv,5882,V05881,Visit Date,coerced,'04/06/2026' parsed as %d/%m/%Y
visit-log.csv,5882,V05881,Purpose,coerced,'routine' -> Routine visit
visit-log.csv,5882,V05881,Remarks,blank,Outcome not logged
visit-log.csv,5883,V05882,Visit Date,coerced,'08/07/2026' parsed as %d/%m/%Y
visit-log.csv,5883,V05882,Remarks,blank,Outcome not logged
visit-log.csv,5884,V05883,Visit Date,coerced,'04/05/2026' parsed as %d/%m/%Y
visit-log.csv,5884,V05883,Duration (mins),blank,Duration not recorded
visit-log.csv,5885,V05884,Visit Date,coerced,'24/07/2026' parsed as %d/%m/%Y
visit-log.csv,5885,V05884,Duration (mins),blank,Duration not recorded
visit-log.csv,5885,V05884,Purpose,coerced,'routine' -> Routine visit
visit-log.csv,5886,V05885,Visit Date,coerced,'28/05/2026' parsed as %d/%m/%Y
visit-log.csv,5886,V05885,Remarks,blank,Outcome not logged
visit-log.csv,5887,V05886,Visit Date,coerced,'18/07/2026' parsed as %d/%m/%Y
visit-log.csv,5887,V05886,Remarks,blank,Outcome not logged
visit-log.csv,5888,V05887,Visit Date,coerced,'26/05/2026' parsed as %d/%m/%Y
visit-log.csv,5888,V05887,Purpose,coerced,'followup' -> Follow up
visit-log.csv,5888,V05887,Remarks,blank,Outcome not logged
visit-log.csv,5889,V05888,Visit Date,coerced,'11/07/2026' parsed as %d/%m/%Y
visit-log.csv,5889,V05888,Remarks,blank,Outcome not logged
visit-log.csv,5890,V05889,Visit Date,coerced,'28/07/2026' parsed as %d/%m/%Y
visit-log.csv,5890,V05889,Purpose,blank,Purpose not logged
visit-log.csv,5890,V05889,Remarks,blank,Outcome not logged
visit-log.csv,5891,V05890,Visit Date,coerced,'09/05/2026' parsed as %d/%m/%Y
visit-log.csv,5892,V05891,Remarks,blank,Outcome not logged
visit-log.csv,5893,V05892,Purpose,blank,Purpose not logged
visit-log.csv,5894,V05893,Purpose,blank,Purpose not logged
visit-log.csv,5895,V05894,Remarks,blank,Outcome not logged
visit-log.csv,5896,V05895,Visit Date,coerced,'04/05/2026' parsed as %d/%m/%Y
visit-log.csv,5896,V05895,Duration (mins),blank,Duration not recorded
visit-log.csv,5896,V05895,Purpose,blank,Purpose not logged
visit-log.csv,5897,V05896,Visit Date,coerced,'29/05/2026' parsed as %d/%m/%Y
visit-log.csv,5897,V05896,Remarks,blank,Outcome not logged
visit-log.csv,5898,V05897,Visit Date,coerced,'15/07/2026' parsed as %d/%m/%Y
visit-log.csv,5898,V05897,Remarks,blank,Outcome not logged
visit-log.csv,5900,V05899,Visit Date,coerced,'08/05/2026' parsed as %d/%m/%Y
visit-log.csv,5900,V05899,Duration (mins),blank,Duration not recorded
visit-log.csv,5902,V05901,Visit Date,coerced,'25/05/2026' parsed as %d/%m/%Y
visit-log.csv,5904,V05903,Visit Date,coerced,'29/06/2026' parsed as %d/%m/%Y
visit-log.csv,5904,V05903,Remarks,blank,Outcome not logged
visit-log.csv,5905,V05904,Visit Date,coerced,'14/05/2026' parsed as %d/%m/%Y
